fit_key,candidate_id,model_id,block,mode,frequency,missing_data_method,score_variable,is_baseline,status,error,candidate__lambda1,candidate__lambda2,origin,horizon,realized_date,actual,crps,log_score,predictive_sd,predictive_mean,predictive_median,error_mean,abs_error_mean,sq_error_mean,spectral_radius_median,instability_rejection_rate,retained_draws
bf4b45fe9b9469db5e3e4509d4735be7163d2da6b9ec78a45c0751ef433ec31f,97c24c4110264baad6aef961b094559b50e64d61123908e7e8beb47e4835ab0c,solid_fuels,minnesota,screen,monthly,linear,hicp_solid_fuels,False,ok,,0.1,0.25,2025-07-01,1,2025-08-01,98.99,0.12286149247557271,-0.16615058587369802,0.8642791993746929,99.17945859492801,99.14512149924562,0.18945859492801276,0.18945859492801276,0.035894559192096824,0.7762846272720518,0.0,600
bf4b45fe9b9469db5e3e4509d4735be7163d2da6b9ec78a45c0751ef433ec31f,97c24c4110264baad6aef961b094559b50e64d61123908e7e8beb47e4835ab0c,solid_fuels,minnesota,screen,monthly,linear,hicp_solid_fuels,False,ok,,0.1,0.25,2025-07-01,3,2025-10-01,100.4,0.790306220444104,-1.993037976605335,1.762569131693256,99.2105508611425,99.173861119146,-1.189449138857512,1.189449138857512,1.4147892539288767,0.7762846272720518,0.0,600
bf4b45fe9b9469db5e3e4509d4735be7163d2da6b9ec78a45c0751ef433ec31f,97c24c4110264baad6aef961b094559b50e64d61123908e7e8beb47e4835ab0c,solid_fuels,minnesota,screen,monthly,linear,hicp_solid_fuels,False,ok,,0.1,0.25,2025-07-01,6,2026-01-01,103.36,2.8871344094269786,-3.8130017123245388,2.7197268193663864,99.54237694836421,99.55156086084048,-3.817623051635792,3.817623051635792,14.574245764380976,0.7762846272720518,0.0,600
74871192b4125e6ebe692ddf91c9d7d3506a703766e6c900b03e7bf4c095db24,97c24c4110264baad6aef961b094559b50e64d61123908e7e8beb47e4835ab0c,solid_fuels,minnesota,screen,monthly,linear,hicp_solid_fuels,False,ok,,0.1,0.25,2025-08-01,1,2025-09-01,99.41,0.315080621812604,-0.8866839938082514,0.5993649794842743,98.88641188647314,98.90883392539482,-0.5235881135268556,0.5235881135268556,0.2741445126266115,0.7745182180863046,0.0,600
74871192b4125e6ebe692ddf91c9d7d3506a703766e6c900b03e7bf4c095db24,97c24c4110264baad6aef961b094559b50e64d61123908e7e8beb47e4835ab0c,solid_fuels,minnesota,screen,monthly,linear,hicp_solid_fuels,False,ok,,0.1,0.25,2025-08-01,3,2025-11-01,101.86,2.38945671159183,-5.772011984198239,1.1635364171620488,98.92943046329073,98.97208017754218,-2.930569536709271,2.930569536709271,8.58823780948839,0.7745182180863046,0.0,600
74871192b4125e6ebe692ddf91c9d7d3506a703766e6c900b03e7bf4c095db24,97c24c4110264baad6aef961b094559b50e64d61123908e7e8beb47e4835ab0c,solid_fuels,minnesota,screen,monthly,linear,hicp_solid_fuels,False,ok,,0.1,0.25,2025-08-01,6,2026-02-01,105.06,4.957949542215525,-5.391831311578233,2.939505145684875,99.1989482636807,99.26616789225753,-5.861051736319297,5.861051736319297,34.35192745581144,0.7745182180863046,0.0,600
3ee3155cd2a383da95309680d5c6f5e9cb693d02a5dcc5fd7e060414865e8ae1,97c24c4110264baad6aef961b094559b50e64d61123908e7e8beb47e4835ab0c,solid_fuels,minnesota,screen,monthly,linear,hicp_solid_fuels,False,ok,,0.1,0.25,2025-09-01,1,2025-10-01,100.4,0.6134773700449323,-2.0747046787399523,0.6392911660854298,99.59121041556902,99.53617680870634,-0.8087895844309827,0.8087895844309827,0.6541405918840417,0.7744847705620295,0.0,600
3ee3155cd2a383da95309680d5c6f5e9cb693d02a5dcc5fd7e060414865e8ae1,97c24c4110264baad6aef961b094559b50e64d61123908e7e8beb47e4835ab0c,solid_fuels,minnesota,screen,monthly,linear,hicp_solid_fuels,False,ok,,0.1,0.25,2025-09-01,3,2025-12-01,102.41,2.1518873428336986,-4.020156327569339,3.050260939962057,99.50408160471285,99.71354563080044,-2.905918395287145,2.905918395287145,8.444361720068216,0.7744847705620295,0.0,600
3ee3155cd2a383da95309680d5c6f5e9cb693d02a5dcc5fd7e060414865e8ae1,97c24c4110264baad6aef961b094559b50e64d61123908e7e8beb47e4835ab0c,solid_fuels,minnesota,screen,monthly,linear,hicp_solid_fuels,False,ok,,0.1,0.25,2025-09-01,6,2026-03-01,105.92,5.0230707835264585,-5.001665216019396,4.71806723076029,99.54929650143507,100.04935797805345,-6.370703498564936,6.370703498564936,40.58586306662751,0.7744847705620295,0.0,600
3c252ccceae6a041433463313750f94e6668452af96d3790fdb41e678b91c8e0,97c24c4110264baad6aef961b094559b50e64d61123908e7e8beb47e4835ab0c,solid_fuels,minnesota,screen,monthly,linear,hicp_solid_fuels,False,ok,,0.1,0.25,2025-10-01,1,2025-11-01,101.86,0.8339671104629854,-2.447444867509592,0.9129011478796712,100.68168272383124,100.71938716679215,-1.1783172761687553,1.1783172761687553,1.3884316033177546,0.7708964732248587,0.0,600
3c252ccceae6a041433463313750f94e6668452af96d3790fdb41e678b91c8e0,97c24c4110264baad6aef961b094559b50e64d61123908e7e8beb47e4835ab0c,solid_fuels,minnesota,screen,monthly,linear,hicp_solid_fuels,False,ok,,0.1,0.25,2025-10-01,3,2026-01-01,103.36,1.5740957444174384,-2.6574867167278056,1.9571516211107385,100.98778284155827,101.15347561773032,-2.372217158441728,2.372217158441728,5.627414246805348,0.7708964732248587,0.0,600
3c252ccceae6a041433463313750f94e6668452af96d3790fdb41e678b91c8e0,97c24c4110264baad6aef961b094559b50e64d61123908e7e8beb47e4835ab0c,solid_fuels,minnesota,screen,monthly,linear,hicp_solid_fuels,False,ok,,0.1,0.25,2025-10-01,6,2026-04-01,106.44,3.7991434106658506,-4.548104040105788,2.9563860735213128,101.36489173925226,101.56066571463496,-5.07510826074774,5.07510826074774,25.75672385830995,0.7708964732248587,0.0,600
ec409037a02f492f2ed653f81e253059d0cf9c08dee632e82a31869d91d64520,97c24c4110264baad6aef961b094559b50e64d61123908e7e8beb47e4835ab0c,solid_fuels,minnesota,screen,monthly,linear,hicp_solid_fuels,False,ok,,0.1,0.25,2025-11-01,1,2025-12-01,102.41,0.20038379224429137,-0.8063421766526755,1.5521421828197102,102.43191321284372,102.52404367084574,0.021913212843728047,0.021913212843728047,0.00048018889713452784,0.7742759228419511,0.0,600
ec409037a02f492f2ed653f81e253059d0cf9c08dee632e82a31869d91d64520,97c24c4110264baad6aef961b094559b50e64d61123908e7e8beb47e4835ab0c,solid_fuels,minnesota,screen,monthly,linear,hicp_solid_fuels,False,ok,,0.1,0.25,2025-11-01,3,2026-02-01,105.06,1.278774986800126,-2.289522772378899,2.9568729611196445,103.05250139649864,102.98969909921749,-2.007498603501361,2.007498603501361,4.030050643059914,0.7742759228419511,0.0,600
ec409037a02f492f2ed653f81e253059d0cf9c08dee632e82a31869d91d64520,97c24c4110264baad6aef961b094559b50e64d61123908e7e8beb47e4835ab0c,solid_fuels,minnesota,screen,monthly,linear,hicp_solid_fuels,False,ok,,0.1,0.25,2025-11-01,6,2026-05-01,106.38,1.8294825222734228,-2.7072734674574166,4.541872508956151,103.63495750783629,103.47573324100134,-2.745042492163705,2.745042492163705,7.535258283784325,0.7742759228419511,0.0,600
5c17fdde7b7fcc3d9ddda6ed40f267b85bdec1fa7460931853eae230d74b0072,97c24c4110264baad6aef961b094559b50e64d61123908e7e8beb47e4835ab0c,solid_fuels,minnesota,screen,monthly,linear,hicp_solid_fuels,False,ok,,0.1,0.25,2025-12-01,1,2026-01-01,103.36,0.40034366929785703,-1.0168644745114657,1.0087422013234155,102.72578019963863,102.69232668439089,-0.6342198003613646,0.6342198003613646,0.4022347551704092,0.7737666796384247,0.0,600
5c17fdde7b7fcc3d9ddda6ed40f267b85bdec1fa7460931853eae230d74b0072,97c24c4110264baad6aef961b094559b50e64d61123908e7e8beb47e4835ab0c,solid_fuels,minnesota,screen,monthly,linear,hicp_solid_fuels,False,ok,,0.1,0.25,2025-12-01,3,2026-03-01,105.92,2.0655842874979835,-3.3875322780611548,2.1552847815061167,103.10520641383327,103.01872009079548,-2.8147935861667293,2.8147935861667293,7.923062932725356,0.7737666796384247,0.0,600
5c17fdde7b7fcc3d9ddda6ed40f267b85bdec1fa7460931853eae230d74b0072,97c24c4110264baad6aef961b094559b50e64d61123908e7e8beb47e4835ab0c,solid_fuels,minnesota,screen,monthly,linear,hicp_solid_fuels,False,ok,,0.1,0.25,2025-12-01,6,2026-06-01,106.43,1.8630351789013107,-2.765639800562428,4.987423152346413,103.59659504553503,103.59601969611455,-2.8334049544649815,2.8334049544649815,8.028183635986704,0.7737666796384247,0.0,600
c80fecb8ade79281195c4786fe52d4bff382b150b19e5128d5cfe3f44c816aa7,c861fec472571bb699f5490a27a4f975e3c1746a4a80b7d7e4a1b8fb0b7cd6a9,solid_fuels,minnesota,screen,monthly,linear,hicp_solid_fuels,False,ok,,0.1,0.5,2025-07-01,1,2025-08-01,98.99,0.12488099466394043,-0.14718480147923785,0.5769730558374979,99.14645476250917,99.16456230643412,0.15645476250917056,0.15645476250917056,0.024478092711800962,0.7789828284238816,0.0,600
c80fecb8ade79281195c4786fe52d4bff382b150b19e5128d5cfe3f44c816aa7,c861fec472571bb699f5490a27a4f975e3c1746a4a80b7d7e4a1b8fb0b7cd6a9,solid_fuels,minnesota,screen,monthly,linear,hicp_solid_fuels,False,ok,,0.1,0.5,2025-07-01,3,2025-10-01,100.4,0.7625531206916548,-1.8849063260034118,3.0664074460535984,99.3816100720712,99.21697064071037,-1.0183899279288084,1.0183899279288084,1.0371180453068436,0.7789828284238816,0.0,600
c80fecb8ade79281195c4786fe52d4bff382b150b19e5128d5cfe3f44c816aa7,c861fec472571bb699f5490a27a4f975e3c1746a4a80b7d7e4a1b8fb0b7cd6a9,solid_fuels,minnesota,screen,monthly,linear,hicp_solid_fuels,False,ok,,0.1,0.5,2025-07-01,6,2026-01-01,103.36,2.970557478626259,-3.970316446216785,4.540520293929357,99.60141990486295,99.43604892213995,-3.7585800951370487,3.7585800951370487,14.126924331560426,0.7789828284238816,0.0,600
c2df202f9e68ba47a5037e1423efa0fcc8c226e958169e92b8c6970d63ca95af,c861fec472571bb699f5490a27a4f975e3c1746a4a80b7d7e4a1b8fb0b7cd6a9,solid_fuels,minnesota,screen,monthly,linear,hicp_solid_fuels,False,ok,,0.1,0.5,2025-08-01,1,2025-09-01,99.41,0.32028819734660385,-1.0602095395242106,0.5539339431759098,98.90578047874916,98.94335027618591,-0.5042195212508318,0.5042195212508318,0.254237325610418,0.7785549111131528,0.0,600
c2df202f9e68ba47a5037e1423efa0fcc8c226e958169e92b8c6970d63ca95af,c861fec472571bb699f5490a27a4f975e3c1746a4a80b7d7e4a1b8fb0b7cd6a9,solid_fuels,minnesota,screen,monthly,linear,hicp_solid_fuels,False,ok,,0.1,0.5,2025-08-01,3,2025-11-01,101.86,2.4275571677729197,-4.653276381735841,1.3610802364238384,98.84843259212107,98.83930316653492,-3.0115674078789283,3.0115674078789283,9.069538252198607,0.7785549111131528,0.0,600
c2df202f9e68ba47a5037e1423efa0fcc8c226e958169e92b8c6970d63ca95af,c861fec472571bb699f5490a27a4f975e3c1746a4a80b7d7e4a1b8fb0b7cd6a9,solid_fuels,minnesota,screen,monthly,linear,hicp_solid_fuels,False,ok,,0.1,0.5,2025-08-01,6,2026-02-01,105.06,5.013043533185506,-6.057703221939785,2.5151405703760643,99.02798940953488,99.01584414575586,-6.03201059046512,6.03201059046512,36.385151763483364,0.7785549111131528,0.0,600
9e57fae62affb7aec582b783b02cc72ada00d1cd59bf9bef53a4ea76ff8946e9,c861fec472571bb699f5490a27a4f975e3c1746a4a80b7d7e4a1b8fb0b7cd6a9,solid_fuels,minnesota,screen,monthly,linear,hicp_solid_fuels,False,ok,,0.1,0.5,2025-09-01,1,2025-10-01,100.4,0.6509322195624598,-2.471189022960764,0.46279426573591326,99.53734137427033,99.51968762387483,-0.8626586257296793,0.8626586257296793,0.744179904545819,0.7783173421334619,0.0,600
9e57fae62affb7aec582b783b02cc72ada00d1cd59bf9bef53a4ea76ff8946e9,c861fec472571bb699f5490a27a4f975e3c1746a4a80b7d7e4a1b8fb0b7cd6a9,solid_fuels,minnesota,screen,monthly,linear,hicp_solid_fuels,False,ok,,0.1,0.5,2025-09-01,3,2025-12-01,102.41,2.2321576860848227,-4.837589174740902,1.2079998080913952,99.66043709551953,99.69885383422508,-2.74956290448047,2.74956290448047,7.560096165695079,0.7783173421334619,0.0,600
9e57fae62affb7aec582b783b02cc72ada00d1cd59bf9bef53a4ea76ff8946e9,c861fec472571bb699f5490a27a4f975e3c1746a4a80b7d7e4a1b8fb0b7cd6a9,solid_fuels,minnesota,screen,monthly,linear,hicp_solid_fuels,False,ok,,0.1,0.5,2025-09-01,6,2026-03-01,105.92,5.142871270495424,-5.98620778321099,2.5165004686211625,99.74280783969155,99.98152349340627,-6.177192160308451,6.177192160308451,38.15770298537618,0.7783173421334619,0.0,600
a02abd27d968751fc6162bf2f38dde9f04b652a9eb44c79896ba455aa1f2bca9,c861fec472571bb699f5490a27a4f975e3c1746a4a80b7d7e4a1b8fb0b7cd6a9,solid_fuels,minnesota,screen,monthly,linear,hicp_solid_fuels,False,ok,,0.1,0.5,2025-10-01,1,2025-11-01,101.86,0.8511095964218808,-2.422223098008431,0.88320345032864,100.65015952794643,100.7410081620528,-1.2098404720535711,1.2098404720535711,1.4637139678188078,0.776045771367789,0.0,600
a02abd27d968751fc6162bf2f38dde9f04b652a9eb44c79896ba455aa1f2bca9,c861fec472571bb699f5490a27a4f975e3c1746a4a80b7d7e4a1b8fb0b7cd6a9,solid_fuels,minnesota,screen,monthly,linear,hicp_solid_fuels,False,ok,,0.1,0.5,2025-10-01,3,2026-01-01,103.36,1.6290894695984734,-2.6994029956520107,2.235344998829307,100.91323162856584,100.95223227584977,-2.4467683714341604,2.4467683714341604,5.986675463450573,0.776045771367789,0.0,600
a02abd27d968751fc6162bf2f38dde9f04b652a9eb44c79896ba455aa1f2bca9,c861fec472571bb699f5490a27a4f975e3c1746a4a80b7d7e4a1b8fb0b7cd6a9,solid_fuels,minnesota,screen,monthly,linear,hicp_solid_fuels,False,ok,,0.1,0.5,2025-10-01,6,2026-04-01,106.44,3.920973144542222,-4.893645926005014,3.9626040682193358,101.0442705326979,101.35351984491511,-5.395729467302104,5.395729467302104,29.113896484312246,0.776045771367789,0.0,600
81ecdd8affc255bda4cf700318c2e3d6e4130ce73cfbbdccb2cd68b173c436a0,c861fec472571bb699f5490a27a4f975e3c1746a4a80b7d7e4a1b8fb0b7cd6a9,solid_fuels,minnesota,screen,monthly,linear,hicp_solid_fuels,False,ok,,0.1,0.5,2025-11-01,1,2025-12-01,102.41,0.15484144336602568,-0.5179111967943939,0.7597335767849815,102.37331988754794,102.37830192967076,-0.0366801124520606,0.0366801124520606,0.001345430649495811,0.7776952443057642,0.0,600
81ecdd8affc255bda4cf700318c2e3d6e4130ce73cfbbdccb2cd68b173c436a0,c861fec472571bb699f5490a27a4f975e3c1746a4a80b7d7e4a1b8fb0b7cd6a9,solid_fuels,minnesota,screen,monthly,linear,hicp_solid_fuels,False,ok,,0.1,0.5,2025-11-01,3,2026-02-01,105.06,1.4649420542489668,-2.413689085752308,2.048658849700352,102.66973640340754,102.86369665312614,-2.3902635965924617,2.3902635965924617,5.7133600611951305,0.7776952443057642,0.0,600
81ecdd8affc255bda4cf700318c2e3d6e4130ce73cfbbdccb2cd68b173c436a0,c861fec472571bb699f5490a27a4f975e3c1746a4a80b7d7e4a1b8fb0b7cd6a9,solid_fuels,minnesota,screen,monthly,linear,hicp_solid_fuels,False,ok,,0.1,0.5,2025-11-01,6,2026-05-01,106.38,2.0638458290744155,-2.921160844941638,4.230209174307946,102.90754794295138,103.17652488320172,-3.4724520570486135,3.4724520570486135,12.057923288501147,0.7776952443057642,0.0,600
4e2155b1697f1e2e5ecf94f2c096ec835335378a3847dff09895914987e7cfef,c861fec472571bb699f5490a27a4f975e3c1746a4a80b7d7e4a1b8fb0b7cd6a9,solid_fuels,minnesota,screen,monthly,linear,hicp_solid_fuels,False,ok,,0.1,0.5,2025-12-01,1,2026-01-01,103.36,0.4215803901267517,-1.1560568802469602,1.2819586712821696,102.77215566973733,102.69887020710256,-0.5878443302626692,0.5878443302626692,0.3455609566219662,0.7799933296100299,0.0,600
4e2155b1697f1e2e5ecf94f2c096ec835335378a3847dff09895914987e7cfef,c861fec472571bb699f5490a27a4f975e3c1746a4a80b7d7e4a1b8fb0b7cd6a9,solid_fuels,minnesota,screen,monthly,linear,hicp_solid_fuels,False,ok,,0.1,0.5,2025-12-01,3,2026-03-01,105.92,2.04033913089447,-3.226535382978147,2.515402970508862,103.1810486344104,103.08742714410786,-2.7389513655895996,2.7389513655895996,7.501854583065133,0.7799933296100299,0.0,600
4e2155b1697f1e2e5ecf94f2c096ec835335378a3847dff09895914987e7cfef,c861fec472571bb699f5490a27a4f975e3c1746a4a80b7d7e4a1b8fb0b7cd6a9,solid_fuels,minnesota,screen,monthly,linear,hicp_solid_fuels,False,ok,,0.1,0.5,2025-12-01,6,2026-06-01,106.43,1.9219719890590354,-2.814190908364927,4.495693597751632,103.63928711527592,103.48265668169661,-2.790712884724087,2.790712884724087,7.788078404965035,0.7799933296100299,0.0,600
f63e34ebe8881fc5c874550bbc03ecdd45d4ddcd399ed16e9dcc21ca4c5e997d,7d7fa615e99da34b262233964695615aed3d767908a01bb89f0095d0e0d21fb8,solid_fuels,minnesota,screen,monthly,linear,hicp_solid_fuels,False,ok,,0.1,0.75,2025-07-01,1,2025-08-01,98.99,0.14470675266737226,-0.16634703507965032,0.4451436735248369,99.20348287340803,99.2415636915648,0.21348287340804006,0.21348287340804006,0.045574937238553256,0.7887189078819681,0.0,600
f63e34ebe8881fc5c874550bbc03ecdd45d4ddcd399ed16e9dcc21ca4c5e997d,7d7fa615e99da34b262233964695615aed3d767908a01bb89f0095d0e0d21fb8,solid_fuels,minnesota,screen,monthly,linear,hicp_solid_fuels,False,ok,,0.1,0.75,2025-07-01,3,2025-10-01,100.4,0.7721531051400022,-2.038474551967866,0.9985416724173091,99.22445378976992,99.25394406081921,-1.175546210230081,1.175546210230081,1.381908892386306,0.7887189078819681,0.0,600
f63e34ebe8881fc5c874550bbc03ecdd45d4ddcd399ed16e9dcc21ca4c5e997d,7d7fa615e99da34b262233964695615aed3d767908a01bb89f0095d0e0d21fb8,solid_fuels,minnesota,screen,monthly,linear,hicp_solid_fuels,False,ok,,0.1,0.75,2025-07-01,6,2026-01-01,103.36,3.041415250227406,-5.080627657436066,2.184459718849309,99.59642820930043,99.5720088572557,-3.7635717906995723,3.7635717906995723,14.164472623749585,0.7887189078819681,0.0,600
6bd57d898ceaec2a71f873be4483a062fc71c2ec1a5431e9ccefd2de13a20bdd,7d7fa615e99da34b262233964695615aed3d767908a01bb89f0095d0e0d21fb8,solid_fuels,minnesota,screen,monthly,linear,hicp_solid_fuels,False,ok,,0.1,0.75,2025-08-01,1,2025-09-01,99.41,0.31762563011646416,-1.0301011297637626,0.48678684508843795,98.90286116376296,98.94422168266509,-0.5071388362370328,0.5071388362370328,0.25718979921985197,0.7855490048617321,0.0,600
6bd57d898ceaec2a71f873be4483a062fc71c2ec1a5431e9ccefd2de13a20bdd,7d7fa615e99da34b262233964695615aed3d767908a01bb89f0095d0e0d21fb8,solid_fuels,minnesota,screen,monthly,linear,hicp_solid_fuels,False,ok,,0.1,0.75,2025-08-01,3,2025-11-01,101.86,2.419288345248064,-5.152344068282474,1.0702797592410367,98.93724627032763,98.9637623910168,-2.9227537296723654,2.9227537296723654,8.542489364313722,0.7855490048617321,0.0,600
6bd57d898ceaec2a71f873be4483a062fc71c2ec1a5431e9ccefd2de13a20bdd,7d7fa615e99da34b262233964695615aed3d767908a01bb89f0095d0e0d21fb8,solid_fuels,minnesota,screen,monthly,linear,hicp_solid_fuels,False,ok,,0.1,0.75,2025-08-01,6,2026-02-01,105.06,5.087441616593934,-6.4019395255232725,1.937181271369314,99.08359257388234,99.00538776668078,-5.97640742611766,5.97640742611766,35.71744572295432,0.7855490048617321,0.0,600
db2d8ea3dae16168574b5552955209a7b7204529d36fe2c7cc9c21129c327c2d,7d7fa615e99da34b262233964695615aed3d767908a01bb89f0095d0e0d21fb8,solid_fuels,minnesota,screen,monthly,linear,hicp_solid_fuels,False,ok,,0.1,0.75,2025-09-01,1,2025-10-01,100.4,0.6745223321527946,-2.285290345849029,0.7289816531659639,99.44165658756498,99.49558207194937,-0.9583434124350276,0.9583434124350276,0.9184220961576135,0.7871751921687588,0.0,600
db2d8ea3dae16168574b5552955209a7b7204529d36fe2c7cc9c21129c327c2d,7d7fa615e99da34b262233964695615aed3d767908a01bb89f0095d0e0d21fb8,solid_fuels,minnesota,screen,monthly,linear,hicp_solid_fuels,False,ok,,0.1,0.75,2025-09-01,3,2025-12-01,102.41,2.2430233023046284,-4.054136934513151,1.4631917712249074,99.52095736194795,99.62028851958166,-2.8890426380520466,2.8890426380520466,8.346567364482729,0.7871751921687588,0.0,600
db2d8ea3dae16168574b5552955209a7b7204529d36fe2c7cc9c21129c327c2d,7d7fa615e99da34b262233964695615aed3d767908a01bb89f0095d0e0d21fb8,solid_fuels,minnesota,screen,monthly,linear,hicp_solid_fuels,False,ok,,0.1,0.75,2025-09-01,6,2026-03-01,105.92,5.095251365159589,-6.788534342262555,2.493592242723527,99.7319090326329,99.95230815832065,-6.188090967367103,6.188090967367103,38.292469820410325,0.7871751921687588,0.0,600
0cad328bc3c094c0b2be07eff5f481339ce080138d8b9f1cc0a1e088b969d676,7d7fa615e99da34b262233964695615aed3d767908a01bb89f0095d0e0d21fb8,solid_fuels,minnesota,screen,monthly,linear,hicp_solid_fuels,False,ok,,0.1,0.75,2025-10-01,1,2025-11-01,101.86,0.8675962646817419,-2.540289208736146,0.6126206344214197,100.67917675642042,100.69644916339801,-1.1808232435795816,1.1808232435795816,1.3943435325778037,0.7828565200935803,0.0,600
0cad328bc3c094c0b2be07eff5f481339ce080138d8b9f1cc0a1e088b969d676,7d7fa615e99da34b262233964695615aed3d767908a01bb89f0095d0e0d21fb8,solid_fuels,minnesota,screen,monthly,linear,hicp_solid_fuels,False,ok,,0.1,0.75,2025-10-01,3,2026-01-01,103.36,1.723311788755812,-3.054127921277516,1.4456702335219498,100.91028907906833,101.0014770186836,-2.4497109209316648,2.4497109209316648,6.001083596131865,0.7828565200935803,0.0,600
0cad328bc3c094c0b2be07eff5f481339ce080138d8b9f1cc0a1e088b969d676,7d7fa615e99da34b262233964695615aed3d767908a01bb89f0095d0e0d21fb8,solid_fuels,minnesota,screen,monthly,linear,hicp_solid_fuels,False,ok,,0.1,0.75,2025-10-01,6,2026-04-01,106.44,3.968337803424145,-4.991778424953965,2.581488055551245,101.30911698850655,101.30153958500429,-5.130883011493452,5.130883011493452,26.32596047763212,0.7828565200935803,0.0,600
85853461d8d1c91476d35ce13ea4f2e64db96e2c7746fd3753dee2e01faf03e3,7d7fa615e99da34b262233964695615aed3d767908a01bb89f0095d0e0d21fb8,solid_fuels,minnesota,screen,monthly,linear,hicp_solid_fuels,False,ok,,0.1,0.75,2025-11-01,1,2025-12-01,102.41,0.15671359937117663,-0.5481953776931174,1.132112927744414,102.39749635428576,102.3179849450032,-0.012503645714232903,0.012503645714232903,0.00015634115614705484,0.7872083847478377,0.0,600
85853461d8d1c91476d35ce13ea4f2e64db96e2c7746fd3753dee2e01faf03e3,7d7fa615e99da34b262233964695615aed3d767908a01bb89f0095d0e0d21fb8,solid_fuels,minnesota,screen,monthly,linear,hicp_solid_fuels,False,ok,,0.1,0.75,2025-11-01,3,2026-02-01,105.06,1.4252706497469239,-2.3947240213314407,2.316081619789814,102.90598694030317,102.87977094048645,-2.1540130596968368,2.1540130596968368,4.639772261344528,0.7872083847478377,0.0,600
85853461d8d1c91476d35ce13ea4f2e64db96e2c7746fd3753dee2e01faf03e3,7d7fa615e99da34b262233964695615aed3d767908a01bb89f0095d0e0d21fb8,solid_fuels,minnesota,screen,monthly,linear,hicp_solid_fuels,False,ok,,0.1,0.75,2025-11-01,6,2026-05-01,106.38,2.1024892839017277,-2.870686491784312,4.705058795639124,102.85495174114592,103.17786816766585,-3.5250482588540706,3.5250482588540706,12.425965227250115,0.7872083847478377,0.0,600
26023fe735f7ebfc1c1a76602fdb63409cbb882ee7f83a3a33f34655bb07a04e,7d7fa615e99da34b262233964695615aed3d767908a01bb89f0095d0e0d21fb8,solid_fuels,minnesota,screen,monthly,linear,hicp_solid_fuels,False,ok,,0.1,0.75,2025-12-01,1,2026-01-01,103.36,0.3906357397676881,-1.0555314632270019,1.0840299526566024,102.72888603727232,102.70157098196671,-0.6311139627276816,0.6311139627276816,0.3983048339498375,0.7879448726131355,0.0,600
26023fe735f7ebfc1c1a76602fdb63409cbb882ee7f83a3a33f34655bb07a04e,7d7fa615e99da34b262233964695615aed3d767908a01bb89f0095d0e0d21fb8,solid_fuels,minnesota,screen,monthly,linear,hicp_solid_fuels,False,ok,,0.1,0.75,2025-12-01,3,2026-03-01,105.92,2.040113896994801,-2.9899492965220684,2.6193645117051374,102.96276015523905,102.96507819228005,-2.9572398447609487,2.9572398447609487,8.74526749944176,0.7879448726131355,0.0,600
26023fe735f7ebfc1c1a76602fdb63409cbb882ee7f83a3a33f34655bb07a04e,7d7fa615e99da34b262233964695615aed3d767908a01bb89f0095d0e0d21fb8,solid_fuels,minnesota,screen,monthly,linear,hicp_solid_fuels,False,ok,,0.1,0.75,2025-12-01,6,2026-06-01,106.43,2.016197950243631,-3.0162144053781192,4.73799082755499,103.32868561284992,103.52615154514903,-3.101314387150083,3.101314387150083,9.618150927944095,0.7879448726131355,0.0,600
d41984bc670574d5645ff3adae51f009f069973d7c25795fa33f40ace32b2acf,4f62d174409f302dfd688c966d6e428d3e7647640d0fa126de88b9ef92faa942,solid_fuels,minnesota,screen,monthly,linear,hicp_solid_fuels,False,ok,,0.1,1.0,2025-07-01,1,2025-08-01,98.99,0.14224068288024733,-0.2277882707279799,0.48394162630721616,99.19763307379522,99.2216000329683,0.2076330737952219,0.2076330737952219,0.04311149333365206,0.7981062042543094,0.0,600
d41984bc670574d5645ff3adae51f009f069973d7c25795fa33f40ace32b2acf,4f62d174409f302dfd688c966d6e428d3e7647640d0fa126de88b9ef92faa942,solid_fuels,minnesota,screen,monthly,linear,hicp_solid_fuels,False,ok,,0.1,1.0,2025-07-01,3,2025-10-01,100.4,0.7605553646015595,-1.6887881386602066,1.0347710415412499,99.18851456173324,99.25427927367993,-1.211485438266763,1.211485438266763,1.467696967132411,0.7981062042543094,0.0,600
d41984bc670574d5645ff3adae51f009f069973d7c25795fa33f40ace32b2acf,4f62d174409f302dfd688c966d6e428d3e7647640d0fa126de88b9ef92faa942,solid_fuels,minnesota,screen,monthly,linear,hicp_solid_fuels,False,ok,,0.1,1.0,2025-07-01,6,2026-01-01,103.36,3.1656915604841096,-4.566437623388153,2.38850622390275,99.1796300813911,99.38517098186213,-4.180369918608903,4.180369918608903,17.47549265641021,0.7981062042543094,0.0,600
42bee1bb070191cc3357711472cad749591ddbbe4cd17ee6831303a35b597b94,4f62d174409f302dfd688c966d6e428d3e7647640d0fa126de88b9ef92faa942,solid_fuels,minnesota,screen,monthly,linear,hicp_solid_fuels,False,ok,,0.1,1.0,2025-08-01,1,2025-09-01,99.41,0.3604293694453429,-1.1574237640143803,0.5330776240868726,98.84894756357593,98.86555205171237,-0.5610524364240632,0.5610524364240632,0.3147798364173775,0.7971558474780871,0.0,600
42bee1bb070191cc3357711472cad749591ddbbe4cd17ee6831303a35b597b94,4f62d174409f302dfd688c966d6e428d3e7647640d0fa126de88b9ef92faa942,solid_fuels,minnesota,screen,monthly,linear,hicp_solid_fuels,False,ok,,0.1,1.0,2025-08-01,3,2025-11-01,101.86,2.4642951656063885,-4.610730843771648,1.1622823850440573,98.8086910209461,98.85893720825135,-3.0513089790539,3.0513089790539,9.310486485654952,0.7971558474780871,0.0,600
42bee1bb070191cc3357711472cad749591ddbbe4cd17ee6831303a35b597b94,4f62d174409f302dfd688c966d6e428d3e7647640d0fa126de88b9ef92faa942,solid_fuels,minnesota,screen,monthly,linear,hicp_solid_fuels,False,ok,,0.1,1.0,2025-08-01,6,2026-02-01,105.06,5.172351558474154,-7.435333756618796,2.4679771890837907,98.82511044717164,98.92246958751076,-6.234889552828363,6.234889552828363,38.87384773596827,0.7971558474780871,0.0,600
fcc975f384b5beff2f47279edf6d93274b302c65fdc5bfbe6fb769658f9669a4,4f62d174409f302dfd688c966d6e428d3e7647640d0fa126de88b9ef92faa942,solid_fuels,minnesota,screen,monthly,linear,hicp_solid_fuels,False,ok,,0.1,1.0,2025-09-01,1,2025-10-01,100.4,0.6351999977971109,-2.304303071872868,0.7095199306020081,99.4891811516904,99.5204661870061,-0.9108188483096029,0.9108188483096029,0.8295909744360315,0.7930128642939362,0.0,600
fcc975f384b5beff2f47279edf6d93274b302c65fdc5bfbe6fb769658f9669a4,4f62d174409f302dfd688c966d6e428d3e7647640d0fa126de88b9ef92faa942,solid_fuels,minnesota,screen,monthly,linear,hicp_solid_fuels,False,ok,,0.1,1.0,2025-09-01,3,2025-12-01,102.41,2.202258794422441,-4.2462495799385245,1.3484780957886362,99.58641440872286,99.6486973106224,-2.823585591277137,2.823585591277137,7.97263559126786,0.7930128642939362,0.0,600
fcc975f384b5beff2f47279edf6d93274b302c65fdc5bfbe6fb769658f9669a4,4f62d174409f302dfd688c966d6e428d3e7647640d0fa126de88b9ef92faa942,solid_fuels,minnesota,screen,monthly,linear,hicp_solid_fuels,False,ok,,0.1,1.0,2025-09-01,6,2026-03-01,105.92,5.0914444330026445,-6.329020455715469,2.5453368299167334,99.7726111224132,99.91546214452441,-6.147388877586806,6.147388877586806,37.790390012277975,0.7930128642939362,0.0,600
a8c20a7563f1053fc5f0d5212681d6d9883c3396d1a2b920c075261d0fff47f3,4f62d174409f302dfd688c966d6e428d3e7647640d0fa126de88b9ef92faa942,solid_fuels,minnesota,screen,monthly,linear,hicp_solid_fuels,False,ok,,0.1,1.0,2025-10-01,1,2025-11-01,101.86,0.8407300449120831,-2.583811789773292,0.640126720397393,100.71741526648057,100.73048760113657,-1.1425847335194277,1.1425847335194277,1.3054998732716616,0.7918444635700013,0.0,600
a8c20a7563f1053fc5f0d5212681d6d9883c3396d1a2b920c075261d0fff47f3,4f62d174409f302dfd688c966d6e428d3e7647640d0fa126de88b9ef92faa942,solid_fuels,minnesota,screen,monthly,linear,hicp_solid_fuels,False,ok,,0.1,1.0,2025-10-01,3,2026-01-01,103.36,1.5994005350060605,-3.0397849864728244,2.2282191276643153,101.27699065990168,101.05136215188658,-2.0830093400983145,2.0830093400983145,4.338927910936816,0.7918444635700013,0.0,600
a8c20a7563f1053fc5f0d5212681d6d9883c3396d1a2b920c075261d0fff47f3,4f62d174409f302dfd688c966d6e428d3e7647640d0fa126de88b9ef92faa942,solid_fuels,minnesota,screen,monthly,linear,hicp_solid_fuels,False,ok,,0.1,1.0,2025-10-01,6,2026-04-01,106.44,4.037107662608967,-4.91204944806593,3.8548560871829562,101.43708957356449,101.30736684619772,-5.0029104264355055,5.0029104264355055,25.02911273493709,0.7918444635700013,0.0,600
ce45f969522402e84c26241e18bb74bed87aab96e08679b3759191c9fc5c3ca4,4f62d174409f302dfd688c966d6e428d3e7647640d0fa126de88b9ef92faa942,solid_fuels,minnesota,screen,monthly,linear,hicp_solid_fuels,False,ok,,0.1,1.0,2025-11-01,1,2025-12-01,102.41,0.19308977651209536,-0.7599619417411265,1.6106825021651874,102.28325119552018,102.36482012769767,-0.12674880447981707,0.12674880447981707,0.016065259437062895,0.7965326585607689,0.0,600
ce45f969522402e84c26241e18bb74bed87aab96e08679b3759191c9fc5c3ca4,4f62d174409f302dfd688c966d6e428d3e7647640d0fa126de88b9ef92faa942,solid_fuels,minnesota,screen,monthly,linear,hicp_solid_fuels,False,ok,,0.1,1.0,2025-11-01,3,2026-02-01,105.06,1.366349379667539,-2.3705629904514227,2.791715333316106,102.74166295146242,103.057448053017,-2.318337048537586,2.318337048537586,5.374686670621966,0.7965326585607689,0.0,600
ce45f969522402e84c26241e18bb74bed87aab96e08679b3759191c9fc5c3ca4,4f62d174409f302dfd688c966d6e428d3e7647640d0fa126de88b9ef92faa942,solid_fuels,minnesota,screen,monthly,linear,hicp_solid_fuels,False,ok,,0.1,1.0,2025-11-01,6,2026-05-01,106.38,1.9569369609498186,-2.6541188623599945,4.791035102012678,102.87459876462512,103.2083863533125,-3.505401235374876,3.505401235374876,12.287837820967708,0.7965326585607689,0.0,600
4494d8201e0bffb57d1e760e1ca1d21cb74254e84c9b30e5b1022021e7efd5ef,4f62d174409f302dfd688c966d6e428d3e7647640d0fa126de88b9ef92faa942,solid_fuels,minnesota,screen,monthly,linear,hicp_solid_fuels,False,ok,,0.1,1.0,2025-12-01,1,2026-01-01,103.36,0.4085106927998038,-1.0528757216062683,1.4433708596771366,102.70395123289471,102.689935499688,-0.6560487671052897,0.6560487671052897,0.4303999848203706,0.7950988317357217,0.0,600
4494d8201e0bffb57d1e760e1ca1d21cb74254e84c9b30e5b1022021e7efd5ef,4f62d174409f302dfd688c966d6e428d3e7647640d0fa126de88b9ef92faa942,solid_fuels,minnesota,screen,monthly,linear,hicp_solid_fuels,False,ok,,0.1,1.0,2025-12-01,3,2026-03-01,105.92,2.1148437893112075,-3.2549810728277526,2.482902934548935,102.92206415605284,102.97202544269669,-2.997935843947161,2.997935843947161,8.987619324423177,0.7950988317357217,0.0,600
4494d8201e0bffb57d1e760e1ca1d21cb74254e84c9b30e5b1022021e7efd5ef,4f62d174409f302dfd688c966d6e428d3e7647640d0fa126de88b9ef92faa942,solid_fuels,minnesota,screen,monthly,linear,hicp_solid_fuels,False,ok,,0.1,1.0,2025-12-01,6,2026-06-01,106.43,2.0958535355091734,-2.763284418719419,4.281756940148316,102.99906334127505,103.24252230351905,-3.43093665872496,3.43093665872496,11.771326356182792,0.7950988317357217,0.0,600
0b884ed20afd0ecdcb33c2975b84d173c961f20ce957e45e9836a370e3f4150c,5270d04f8abed89de349ee2c2c19d3aae3e219e72eb662190e11c71ea29a69b9,solid_fuels,minnesota,screen,monthly,linear,hicp_solid_fuels,False,ok,,0.15,0.25,2025-07-01,1,2025-08-01,98.99,0.1162534321576505,-0.07210675327624827,0.9826412594523135,99.18698036799246,99.13101330173569,0.19698036799246665,0.19698036799246665,0.03880126537444758,0.8109214065183737,0.0,600
0b884ed20afd0ecdcb33c2975b84d173c961f20ce957e45e9836a370e3f4150c,5270d04f8abed89de349ee2c2c19d3aae3e219e72eb662190e11c71ea29a69b9,solid_fuels,minnesota,screen,monthly,linear,hicp_solid_fuels,False,ok,,0.15,0.25,2025-07-01,3,2025-10-01,100.4,0.8790864264813902,-2.2103642643578727,1.688420806912366,99.10332315568206,99.13989888123037,-1.2966768443179433,1.2966768443179433,1.6813708385903396,0.8109214065183737,0.0,600
0b884ed20afd0ecdcb33c2975b84d173c961f20ce957e45e9836a370e3f4150c,5270d04f8abed89de349ee2c2c19d3aae3e219e72eb662190e11c71ea29a69b9,solid_fuels,minnesota,screen,monthly,linear,hicp_solid_fuels,False,ok,,0.15,0.25,2025-07-01,6,2026-01-01,103.36,3.0045718755623017,-3.7651620957916205,3.115739091679463,99.43442781445182,99.27415409321864,-3.9255721855481767,3.9255721855481767,15.410116983949488,0.8109214065183737,0.0,600
1e7e0cccccabce195ae835e28bc1dd06c785cb55dc58310f96daf6efa9d13acf,5270d04f8abed89de349ee2c2c19d3aae3e219e72eb662190e11c71ea29a69b9,solid_fuels,minnesota,screen,monthly,linear,hicp_solid_fuels,False,ok,,0.15,0.25,2025-08-01,1,2025-09-01,99.41,0.35763896610363866,-1.4256015784133167,0.5543792727952995,98.89110526240448,98.90514087032363,-0.5188947375955166,0.5188947375955166,0.26925174870432006,0.8094598256952614,0.0,600
1e7e0cccccabce195ae835e28bc1dd06c785cb55dc58310f96daf6efa9d13acf,5270d04f8abed89de349ee2c2c19d3aae3e219e72eb662190e11c71ea29a69b9,solid_fuels,minnesota,screen,monthly,linear,hicp_solid_fuels,False,ok,,0.15,0.25,2025-08-01,3,2025-11-01,101.86,2.509567901271337,-5.3839702416768525,1.117936051843641,98.83866876486982,98.87235874080409,-3.0213312351301767,3.0213312351301767,9.12844243237324,0.8094598256952614,0.0,600
1e7e0cccccabce195ae835e28bc1dd06c785cb55dc58310f96daf6efa9d13acf,5270d04f8abed89de349ee2c2c19d3aae3e219e72eb662190e11c71ea29a69b9,solid_fuels,minnesota,screen,monthly,linear,hicp_solid_fuels,False,ok,,0.15,0.25,2025-08-01,6,2026-02-01,105.06,5.2286199676378775,-6.237706360744932,2.07022237696125,98.85166788339443,99.00129807197598,-6.208332116605575,6.208332116605575,38.543387670076264,0.8094598256952614,0.0,600
9a3c893a2510d49c6f584c7b5ce8c070dd16012aa40a14e2a165fa123761525c,5270d04f8abed89de349ee2c2c19d3aae3e219e72eb662190e11c71ea29a69b9,solid_fuels,minnesota,screen,monthly,linear,hicp_solid_fuels,False,ok,,0.15,0.25,2025-09-01,1,2025-10-01,100.4,0.6810696105512086,-2.2815094867109638,0.6395551212555519,99.44701132996563,99.50847246462499,-0.9529886700343724,0.9529886700343724,0.9081874052138819,0.8059196944512509,0.0,600
9a3c893a2510d49c6f584c7b5ce8c070dd16012aa40a14e2a165fa123761525c,5270d04f8abed89de349ee2c2c19d3aae3e219e72eb662190e11c71ea29a69b9,solid_fuels,minnesota,screen,monthly,linear,hicp_solid_fuels,False,ok,,0.15,0.25,2025-09-01,3,2025-12-01,102.41,2.232289941327449,-4.646909049764406,1.9393888583648573,99.5051081001193,99.62906520952365,-2.9048918998806954,2.9048918998806954,8.438396949992477,0.8059196944512509,0.0,600
9a3c893a2510d49c6f584c7b5ce8c070dd16012aa40a14e2a165fa123761525c,5270d04f8abed89de349ee2c2c19d3aae3e219e72eb662190e11c71ea29a69b9,solid_fuels,minnesota,screen,monthly,linear,hicp_solid_fuels,False,ok,,0.15,0.25,2025-09-01,6,2026-03-01,105.92,4.990460902760806,-5.236423299336146,3.131200732115232,99.7507469271684,99.88538492328072,-6.169253072831609,6.169253072831609,38.05968347664224,0.8059196944512509,0.0,600
4534ffe8bc97bfc0bfa794a30b5670959408af765e9fb5d864c1938344805579,5270d04f8abed89de349ee2c2c19d3aae3e219e72eb662190e11c71ea29a69b9,solid_fuels,minnesota,screen,monthly,linear,hicp_solid_fuels,False,ok,,0.15,0.25,2025-10-01,1,2025-11-01,101.86,0.8054173591411034,-2.275803176326042,0.8887269391713581,100.69348426354969,100.76158602154266,-1.1665157364503074,1.1665157364503074,1.360758963386203,0.8091091238275825,0.0,600
4534ffe8bc97bfc0bfa794a30b5670959408af765e9fb5d864c1938344805579,5270d04f8abed89de349ee2c2c19d3aae3e219e72eb662190e11c71ea29a69b9,solid_fuels,minnesota,screen,monthly,linear,hicp_solid_fuels,False,ok,,0.15,0.25,2025-10-01,3,2026-01-01,103.36,1.4709391183019835,-2.5172834485159523,2.604786462965767,101.152471469782,101.17048655035362,-2.207528530217999,2.207528530217999,4.87318221172644,0.8091091238275825,0.0,600
4534ffe8bc97bfc0bfa794a30b5670959408af765e9fb5d864c1938344805579,5270d04f8abed89de349ee2c2c19d3aae3e219e72eb662190e11c71ea29a69b9,solid_fuels,minnesota,screen,monthly,linear,hicp_solid_fuels,False,ok,,0.15,0.25,2025-10-01,6,2026-04-01,106.44,3.7011119143472175,-4.70840423707062,4.758321448344136,101.63391470153172,101.5867973333709,-4.806085298468275,4.806085298468275,23.098455896152892,0.8091091238275825,0.0,600
41446cd7c2ff9daa7fde2e88927a97604e5ea9c931e89b4b5c3362a0e5894d2b,5270d04f8abed89de349ee2c2c19d3aae3e219e72eb662190e11c71ea29a69b9,solid_fuels,minnesota,screen,monthly,linear,hicp_solid_fuels,False,ok,,0.15,0.25,2025-11-01,1,2025-12-01,102.41,0.1707465060691271,-0.614827239735547,1.0087493545494797,102.40548572414103,102.44986631933122,-0.0045142758589662435,0.0045142758589662435,2.0378686530845415e-05,0.80806832860144,0.0,600
41446cd7c2ff9daa7fde2e88927a97604e5ea9c931e89b4b5c3362a0e5894d2b,5270d04f8abed89de349ee2c2c19d3aae3e219e72eb662190e11c71ea29a69b9,solid_fuels,minnesota,screen,monthly,linear,hicp_solid_fuels,False,ok,,0.15,0.25,2025-11-01,3,2026-02-01,105.06,1.1972686490020144,-2.0566585622849276,2.406953728297654,102.9567380934879,103.12033182284571,-2.1032619065121025,2.1032619065121025,4.423710647384924,0.80806832860144,0.0,600
41446cd7c2ff9daa7fde2e88927a97604e5ea9c931e89b4b5c3362a0e5894d2b,5270d04f8abed89de349ee2c2c19d3aae3e219e72eb662190e11c71ea29a69b9,solid_fuels,minnesota,screen,monthly,linear,hicp_solid_fuels,False,ok,,0.15,0.25,2025-11-01,6,2026-05-01,106.38,1.8925107615183032,-2.734687610860383,4.021289696101059,103.27598197271766,103.40603111839968,-3.1040180272823363,3.1040180272823363,9.634927913693726,0.80806832860144,0.0,600
7330e5111be4105c50e54a3bc3d4eed75ac0eeb98ed019382140ca9cbeeb4f6c,5270d04f8abed89de349ee2c2c19d3aae3e219e72eb662190e11c71ea29a69b9,solid_fuels,minnesota,screen,monthly,linear,hicp_solid_fuels,False,ok,,0.15,0.25,2025-12-01,1,2026-01-01,103.36,0.3805492885835647,-1.042875830893541,0.7970680873977646,102.71193360820735,102.74926025681144,-0.6480663917926535,0.6480663917926535,0.41999004817114904,0.8057405294010953,0.0,600
7330e5111be4105c50e54a3bc3d4eed75ac0eeb98ed019382140ca9cbeeb4f6c,5270d04f8abed89de349ee2c2c19d3aae3e219e72eb662190e11c71ea29a69b9,solid_fuels,minnesota,screen,monthly,linear,hicp_solid_fuels,False,ok,,0.15,0.25,2025-12-01,3,2026-03-01,105.92,1.9712039768674618,-3.0104047667371803,2.5060489288941823,103.08438962468225,103.01130652193692,-2.8356103753177564,2.8356103753177564,8.040686200609708,0.8057405294010953,0.0,600
7330e5111be4105c50e54a3bc3d4eed75ac0eeb98ed019382140ca9cbeeb4f6c,5270d04f8abed89de349ee2c2c19d3aae3e219e72eb662190e11c71ea29a69b9,solid_fuels,minnesota,screen,monthly,linear,hicp_solid_fuels,False,ok,,0.15,0.25,2025-12-01,6,2026-06-01,106.43,1.8330365776526611,-2.6711356687280503,4.91087110050752,103.4295197395708,103.51803480232857,-3.000480260429214,3.000480260429214,9.002881793225363,0.8057405294010953,0.0,600
5531e482bef28ed7a3ff165833cf36a6d45ffb59574e8301946fabdf58dac14a,79dc5fc212b949b95c66e29a02b905b5016b375aa739c5c2a5acf5a55cf45771,solid_fuels,minnesota,screen,monthly,linear,hicp_solid_fuels,False,ok,,0.15,0.5,2025-07-01,1,2025-08-01,98.99,0.12495428038682677,-0.14717740839438154,0.4575351975207113,99.15293720394769,99.16733866755499,0.16293720394769196,0.16293720394769196,0.026548532430291764,0.8148067379659132,0.0,600
5531e482bef28ed7a3ff165833cf36a6d45ffb59574e8301946fabdf58dac14a,79dc5fc212b949b95c66e29a02b905b5016b375aa739c5c2a5acf5a55cf45771,solid_fuels,minnesota,screen,monthly,linear,hicp_solid_fuels,False,ok,,0.15,0.5,2025-07-01,3,2025-10-01,100.4,0.749767962411701,-1.7644894859313425,1.3559195026196138,99.17578903984855,99.19098579387872,-1.2242109601514528,1.2242109601514528,1.498692474954942,0.8148067379659132,0.0,600
5531e482bef28ed7a3ff165833cf36a6d45ffb59574e8301946fabdf58dac14a,79dc5fc212b949b95c66e29a02b905b5016b375aa739c5c2a5acf5a55cf45771,solid_fuels,minnesota,screen,monthly,linear,hicp_solid_fuels,False,ok,,0.15,0.5,2025-07-01,6,2026-01-01,103.36,2.8515413056146337,-3.6427739211165786,2.6248946241555617,99.49446516680973,99.57946103411143,-3.8655348331902672,3.8655348331902672,14.942359546607307,0.8148067379659132,0.0,600
41248bf9d857f14ff6f0a5cec9858c38322f10ca4b1b6127f708677e59e3ad31,79dc5fc212b949b95c66e29a02b905b5016b375aa739c5c2a5acf5a55cf45771,solid_fuels,minnesota,screen,monthly,linear,hicp_solid_fuels,False,ok,,0.15,0.5,2025-08-01,1,2025-09-01,99.41,0.3511255280520532,-1.3001160717850153,0.5799207575931529,98.86293627757043,98.878281547641,-0.54706372242957,0.54706372242957,0.2992787163984976,0.8135904537538243,0.0,600
41248bf9d857f14ff6f0a5cec9858c38322f10ca4b1b6127f708677e59e3ad31,79dc5fc212b949b95c66e29a02b905b5016b375aa739c5c2a5acf5a55cf45771,solid_fuels,minnesota,screen,monthly,linear,hicp_solid_fuels,False,ok,,0.15,0.5,2025-08-01,3,2025-11-01,101.86,2.491211415776304,-4.443659356199639,1.1928557930321426,98.80079799998397,98.80518369905295,-3.059202000016029,3.059202000016029,9.358716876902072,0.8135904537538243,0.0,600
41248bf9d857f14ff6f0a5cec9858c38322f10ca4b1b6127f708677e59e3ad31,79dc5fc212b949b95c66e29a02b905b5016b375aa739c5c2a5acf5a55cf45771,solid_fuels,minnesota,screen,monthly,linear,hicp_solid_fuels,False,ok,,0.15,0.5,2025-08-01,6,2026-02-01,105.06,5.229040290419409,-7.580885366832173,2.43533247291597,98.82082829463951,98.88365044207808,-6.239171705360491,6.239171705360491,38.927263568970936,0.8135904537538243,0.0,600
305cbaf2923e8ea4167ab3c6afeed59a4b6aeb1c112b67367cb9cf4c087759cd,79dc5fc212b949b95c66e29a02b905b5016b375aa739c5c2a5acf5a55cf45771,solid_fuels,minnesota,screen,monthly,linear,hicp_solid_fuels,False,ok,,0.15,0.5,2025-09-01,1,2025-10-01,100.4,0.6234656118538306,-1.927026926509349,0.6323257099880151,99.51877716235596,99.52617196120389,-0.8812228376440459,0.8812228376440459,0.7765536895854244,0.8132409986026612,0.0,600
305cbaf2923e8ea4167ab3c6afeed59a4b6aeb1c112b67367cb9cf4c087759cd,79dc5fc212b949b95c66e29a02b905b5016b375aa739c5c2a5acf5a55cf45771,solid_fuels,minnesota,screen,monthly,linear,hicp_solid_fuels,False,ok,,0.15,0.5,2025-09-01,3,2025-12-01,102.41,2.1433637429815287,-4.414003050454004,2.4419605844419707,99.63900098834864,99.66842333124848,-2.770999011651355,2.770999011651355,7.678435522572787,0.8132409986026612,0.0,600
305cbaf2923e8ea4167ab3c6afeed59a4b6aeb1c112b67367cb9cf4c087759cd,79dc5fc212b949b95c66e29a02b905b5016b375aa739c5c2a5acf5a55cf45771,solid_fuels,minnesota,screen,monthly,linear,hicp_solid_fuels,False,ok,,0.15,0.5,2025-09-01,6,2026-03-01,105.92,4.88279221556823,-5.842422472649073,3.4848800046220347,99.85634695073941,99.95395954103608,-6.063653049260594,6.063653049260594,36.767888301807304,0.8132409986026612,0.0,600
a19db7bbb8a98c901c0649c017355a6152b893e24913a02e1d5293041a36f92f,79dc5fc212b949b95c66e29a02b905b5016b375aa739c5c2a5acf5a55cf45771,solid_fuels,minnesota,screen,monthly,linear,hicp_solid_fuels,False,ok,,0.15,0.5,2025-10-01,1,2025-11-01,101.86,0.7947056500771861,-2.2846143713891687,0.653715258259257,100.73759536221169,100.78530479568896,-1.122404637788307,1.122404637788307,1.2597921709287008,0.8115694544490802,0.0,600
a19db7bbb8a98c901c0649c017355a6152b893e24913a02e1d5293041a36f92f,79dc5fc212b949b95c66e29a02b905b5016b375aa739c5c2a5acf5a55cf45771,solid_fuels,minnesota,screen,monthly,linear,hicp_solid_fuels,False,ok,,0.15,0.5,2025-10-01,3,2026-01-01,103.36,1.5702413896697327,-2.639576582212873,1.512378689137118,101.05485999101654,101.03691399376531,-2.3051400089834573,2.3051400089834573,5.313670461016254,0.8115694544490802,0.0,600
a19db7bbb8a98c901c0649c017355a6152b893e24913a02e1d5293041a36f92f,79dc5fc212b949b95c66e29a02b905b5016b375aa739c5c2a5acf5a55cf45771,solid_fuels,minnesota,screen,monthly,linear,hicp_solid_fuels,False,ok,,0.15,0.5,2025-10-01,6,2026-04-01,106.44,3.7781801028739443,-4.219507190877417,3.3688964921098234,101.27903537132428,101.33755379224112,-5.160964628675714,5.160964628675714,26.63555589844185,0.8115694544490802,0.0,600
ac674964c11ecd07e168779425a3b83b5a6af6e7d75d223465344674279b576b,79dc5fc212b949b95c66e29a02b905b5016b375aa739c5c2a5acf5a55cf45771,solid_fuels,minnesota,screen,monthly,linear,hicp_solid_fuels,False,ok,,0.15,0.5,2025-11-01,1,2025-12-01,102.41,0.17288804248552253,-0.6207204838052558,0.9728788985324309,102.4696489518013,102.4430537291605,0.05964895180130725,0.05964895180130725,0.0035579974509946754,0.8151870751269306,0.0,600
ac674964c11ecd07e168779425a3b83b5a6af6e7d75d223465344674279b576b,79dc5fc212b949b95c66e29a02b905b5016b375aa739c5c2a5acf5a55cf45771,solid_fuels,minnesota,screen,monthly,linear,hicp_solid_fuels,False,ok,,0.15,0.5,2025-11-01,3,2026-02-01,105.06,1.1160684673912118,-2.027606009821274,2.425858442013608,103.10419032945921,103.26789341125556,-1.9558096705407877,1.9558096705407877,3.8251914673808645,0.8151870751269306,0.0,600
ac674964c11ecd07e168779425a3b83b5a6af6e7d75d223465344674279b576b,79dc5fc212b949b95c66e29a02b905b5016b375aa739c5c2a5acf5a55cf45771,solid_fuels,minnesota,screen,monthly,linear,hicp_solid_fuels,False,ok,,0.15,0.5,2025-11-01,6,2026-05-01,106.38,1.7283801533634953,-2.521175041517938,4.484807254013772,103.40090017944233,103.64955799302561,-2.979099820557664,2.979099820557664,8.875035740846707,0.8151870751269306,0.0,600
fa6910f231df586516294dd959d7178a2a7bbfab20bb19c5998b7167345df5ca,79dc5fc212b949b95c66e29a02b905b5016b375aa739c5c2a5acf5a55cf45771,solid_fuels,minnesota,screen,monthly,linear,hicp_solid_fuels,False,ok,,0.15,0.5,2025-12-01,1,2026-01-01,103.36,0.4073155497065629,-1.0664796184951042,1.181250009244098,102.736398551655,102.7135799973276,-0.6236014483449992,0.6236014483449992,0.3888787663779807,0.8131865042940822,0.0,600
fa6910f231df586516294dd959d7178a2a7bbfab20bb19c5998b7167345df5ca,79dc5fc212b949b95c66e29a02b905b5016b375aa739c5c2a5acf5a55cf45771,solid_fuels,minnesota,screen,monthly,linear,hicp_solid_fuels,False,ok,,0.15,0.5,2025-12-01,3,2026-03-01,105.92,2.0390402036225153,-3.096006263185322,2.5760028964329913,103.16257424186861,103.05862948708577,-2.75742575813139,2.75742575813139,7.603396811606472,0.8131865042940822,0.0,600
fa6910f231df586516294dd959d7178a2a7bbfab20bb19c5998b7167345df5ca,79dc5fc212b949b95c66e29a02b905b5016b375aa739c5c2a5acf5a55cf45771,solid_fuels,minnesota,screen,monthly,linear,hicp_solid_fuels,False,ok,,0.15,0.5,2025-12-01,6,2026-06-01,106.43,1.8235089401772764,-2.7320529252769044,5.240870353355707,103.8905611088811,103.68344159043255,-2.5394388911189054,2.5394388911189054,6.448749881727216,0.8131865042940822,0.0,600
a8bc6798ab79582478f5225cadab12e360330b6359ac488a496f8e56102000e3,9edc7e613a3a669a07491dc0168dadcbfcea79efc585e08d7f05a25380db1250,solid_fuels,minnesota,screen,monthly,linear,hicp_solid_fuels,False,ok,,0.15,0.75,2025-07-01,1,2025-08-01,98.99,0.1265701015274145,-0.15909662339314323,0.5102147188750219,99.16983774383681,99.14838934896339,0.1798377438368135,0.1798377438368135,0.032341614108315354,0.8210130112958687,0.0,600
a8bc6798ab79582478f5225cadab12e360330b6359ac488a496f8e56102000e3,9edc7e613a3a669a07491dc0168dadcbfcea79efc585e08d7f05a25380db1250,solid_fuels,minnesota,screen,monthly,linear,hicp_solid_fuels,False,ok,,0.15,0.75,2025-07-01,3,2025-10-01,100.4,0.8296049503683339,-1.8033120349560878,1.1636583388698467,99.10243653928529,99.11505091714861,-1.2975634607147128,1.2975634607147128,1.683670934581942,0.8210130112958687,0.0,600
a8bc6798ab79582478f5225cadab12e360330b6359ac488a496f8e56102000e3,9edc7e613a3a669a07491dc0168dadcbfcea79efc585e08d7f05a25380db1250,solid_fuels,minnesota,screen,monthly,linear,hicp_solid_fuels,False,ok,,0.15,0.75,2025-07-01,6,2026-01-01,103.36,3.006799006528583,-3.8146778358920206,2.3457211616111384,99.33561523561123,99.43735055574105,-4.0243847643887705,4.0243847643887705,16.19567273184446,0.8210130112958687,0.0,600
e93db55ce622cf168affac58c5242dd98abe9022e37ada413fb5357f164cd17e,9edc7e613a3a669a07491dc0168dadcbfcea79efc585e08d7f05a25380db1250,solid_fuels,minnesota,screen,monthly,linear,hicp_solid_fuels,False,ok,,0.15,0.75,2025-08-01,1,2025-09-01,99.41,0.37972536323552203,-1.2386005354156762,0.5612098308672874,98.8613249923312,98.84307407481478,-0.5486750076687912,0.5486750076687912,0.30104426404034806,0.8208085357272551,0.0,600
e93db55ce622cf168affac58c5242dd98abe9022e37ada413fb5357f164cd17e,9edc7e613a3a669a07491dc0168dadcbfcea79efc585e08d7f05a25380db1250,solid_fuels,minnesota,screen,monthly,linear,hicp_solid_fuels,False,ok,,0.15,0.75,2025-08-01,3,2025-11-01,101.86,2.5099227045309673,-5.32889815670182,1.2389133672901915,98.79060460885553,98.75366860078208,-3.069395391144468,3.069395391144468,9.421188067178901,0.8208085357272551,0.0,600
e93db55ce622cf168affac58c5242dd98abe9022e37ada413fb5357f164cd17e,9edc7e613a3a669a07491dc0168dadcbfcea79efc585e08d7f05a25380db1250,solid_fuels,minnesota,screen,monthly,linear,hicp_solid_fuels,False,ok,,0.15,0.75,2025-08-01,6,2026-02-01,105.06,5.298189879430089,-6.8329996628382315,2.0166188375354275,98.78292053042775,98.82942559702067,-6.277079469572257,6.277079469572257,39.401726667325526,0.8208085357272551,0.0,600
1e0ad5a267ad1092a509c4b5f6a462e1a8d9a2e1ee949e2083407e7021f8473b,9edc7e613a3a669a07491dc0168dadcbfcea79efc585e08d7f05a25380db1250,solid_fuels,minnesota,screen,monthly,linear,hicp_solid_fuels,False,ok,,0.15,0.75,2025-09-01,1,2025-10-01,100.4,0.6701493234646088,-2.1337385139620997,0.8159707326016716,99.51436203972179,99.4870439960633,-0.885637960278217,0.885637960278217,0.7843545966857606,0.8201379824113957,0.0,600
1e0ad5a267ad1092a509c4b5f6a462e1a8d9a2e1ee949e2083407e7021f8473b,9edc7e613a3a669a07491dc0168dadcbfcea79efc585e08d7f05a25380db1250,solid_fuels,minnesota,screen,monthly,linear,hicp_solid_fuels,False,ok,,0.15,0.75,2025-09-01,3,2025-12-01,102.41,2.144990740716606,-3.8233698745553397,3.1995651228339166,99.57743542174278,99.61851757057467,-2.8325645782572195,2.8325645782572195,8.0234220899975,0.8201379824113957,0.0,600
1e0ad5a267ad1092a509c4b5f6a462e1a8d9a2e1ee949e2083407e7021f8473b,9edc7e613a3a669a07491dc0168dadcbfcea79efc585e08d7f05a25380db1250,solid_fuels,minnesota,screen,monthly,linear,hicp_solid_fuels,False,ok,,0.15,0.75,2025-09-01,6,2026-03-01,105.92,4.81724747953876,-4.394337978446908,4.965713888770474,99.77388675768326,99.92095317920229,-6.146113242316744,6.146113242316744,37.77470798738124,0.8201379824113957,0.0,600
7178e4558a16c60523a0f42fb1b716f7d3b17938c27d63cf64ee58d66ff5ae99,9edc7e613a3a669a07491dc0168dadcbfcea79efc585e08d7f05a25380db1250,solid_fuels,minnesota,screen,monthly,linear,hicp_solid_fuels,False,ok,,0.15,0.75,2025-10-01,1,2025-11-01,101.86,0.811902363496958,-2.159562699740462,0.8790990133192959,100.77620410179138,100.74293000334487,-1.0837958982086207,1.0837958982086207,1.1746135489738307,0.8198110178873386,0.0,600
7178e4558a16c60523a0f42fb1b716f7d3b17938c27d63cf64ee58d66ff5ae99,9edc7e613a3a669a07491dc0168dadcbfcea79efc585e08d7f05a25380db1250,solid_fuels,minnesota,screen,monthly,linear,hicp_solid_fuels,False,ok,,0.15,0.75,2025-10-01,3,2026-01-01,103.36,1.5512011712379685,-2.862303408995209,2.0560589839734322,101.14552033603495,101.09304450201476,-2.214479663965051,2.214479663965051,4.903920182114764,0.8198110178873386,0.0,600
7178e4558a16c60523a0f42fb1b716f7d3b17938c27d63cf64ee58d66ff5ae99,9edc7e613a3a669a07491dc0168dadcbfcea79efc585e08d7f05a25380db1250,solid_fuels,minnesota,screen,monthly,linear,hicp_solid_fuels,False,ok,,0.15,0.75,2025-10-01,6,2026-04-01,106.44,3.74165067950321,-4.3226001056540175,3.5202071826403145,101.31721745885295,101.45995543440125,-5.122782541147046,5.122782541147046,26.242900963880988,0.8198110178873386,0.0,600
2b2e704f6113d9b0a884a95a01423526cdcfedd41bad3fc4647d60df16af9c72,9edc7e613a3a669a07491dc0168dadcbfcea79efc585e08d7f05a25380db1250,solid_fuels,minnesota,screen,monthly,linear,hicp_solid_fuels,False,ok,,0.15,0.75,2025-11-01,1,2025-12-01,102.41,0.18334610897607473,-0.671648447832256,0.9863316024446269,102.47413922945253,102.45111717581716,0.06413922945253603,0.06413922945253603,0.004113840754765065,0.8230795987840858,0.0,600
2b2e704f6113d9b0a884a95a01423526cdcfedd41bad3fc4647d60df16af9c72,9edc7e613a3a669a07491dc0168dadcbfcea79efc585e08d7f05a25380db1250,solid_fuels,minnesota,screen,monthly,linear,hicp_solid_fuels,False,ok,,0.15,0.75,2025-11-01,3,2026-02-01,105.06,1.1863957117034796,-2.0608957750680883,2.1540370312733104,103.0646236622871,103.10775072978883,-1.995376337712898,1.995376337712898,3.981526729104537,0.8230795987840858,0.0,600
2b2e704f6113d9b0a884a95a01423526cdcfedd41bad3fc4647d60df16af9c72,9edc7e613a3a669a07491dc0168dadcbfcea79efc585e08d7f05a25380db1250,solid_fuels,minnesota,screen,monthly,linear,hicp_solid_fuels,False,ok,,0.15,0.75,2025-11-01,6,2026-05-01,106.38,1.9192835772295835,-2.7911458166481014,3.8935597375560698,103.24755744581982,103.2283505822876,-3.132442554180173,3.132442554180173,9.812196355238806,0.8230795987840858,0.0,600
2dedcee420bdce645e0102f47b716dd4f2103ea280cc1c4ec87dec1371547c00,9edc7e613a3a669a07491dc0168dadcbfcea79efc585e08d7f05a25380db1250,solid_fuels,minnesota,screen,monthly,linear,hicp_solid_fuels,False,ok,,0.15,0.75,2025-12-01,1,2026-01-01,103.36,0.4242589180934751,-1.166424147706361,0.8296719650980267,102.68305266811616,102.72450988280278,-0.6769473318838379,0.6769473318838379,0.458257690144647,0.8201213414340948,0.0,600
2dedcee420bdce645e0102f47b716dd4f2103ea280cc1c4ec87dec1371547c00,9edc7e613a3a669a07491dc0168dadcbfcea79efc585e08d7f05a25380db1250,solid_fuels,minnesota,screen,monthly,linear,hicp_solid_fuels,False,ok,,0.15,0.75,2025-12-01,3,2026-03-01,105.92,2.124974599934938,-3.485316885926022,2.1859734476762775,103.05308349586684,103.02090122247886,-2.866916504133158,2.866916504133158,8.219210241671089,0.8201213414340948,0.0,600
2dedcee420bdce645e0102f47b716dd4f2103ea280cc1c4ec87dec1371547c00,9edc7e613a3a669a07491dc0168dadcbfcea79efc585e08d7f05a25380db1250,solid_fuels,minnesota,screen,monthly,linear,hicp_solid_fuels,False,ok,,0.15,0.75,2025-12-01,6,2026-06-01,106.43,2.0011830295350252,-2.784317681095779,4.746432451270057,103.53275908687421,103.35685370787311,-2.897240913125799,2.897240913125799,8.394004908690013,0.8201213414340948,0.0,600
52157bf1c9e5302878adb0102a2dc2f06065c96143d6f9f3dce6cb6b373cbee8,e9d011ca7c1fbc8d287d20fa60248d9c8c49fe26b0c3c32eabeae1b5addf0045,solid_fuels,minnesota,screen,monthly,linear,hicp_solid_fuels,False,ok,,0.15,1.0,2025-07-01,1,2025-08-01,98.99,0.12716119289258287,-0.13234561281755752,1.0094841409938033,99.18185070984916,99.1551966341734,0.19185070984916308,0.19185070984916308,0.03680669486962776,0.8308288801374947,0.0,600
52157bf1c9e5302878adb0102a2dc2f06065c96143d6f9f3dce6cb6b373cbee8,e9d011ca7c1fbc8d287d20fa60248d9c8c49fe26b0c3c32eabeae1b5addf0045,solid_fuels,minnesota,screen,monthly,linear,hicp_solid_fuels,False,ok,,0.15,1.0,2025-07-01,3,2025-10-01,100.4,0.8392993535852612,-1.9307422894740096,1.790796159166431,99.0789222520926,99.09494585863433,-1.3210777479074096,1.3210777479074096,1.7452464160161134,0.8308288801374947,0.0,600
52157bf1c9e5302878adb0102a2dc2f06065c96143d6f9f3dce6cb6b373cbee8,e9d011ca7c1fbc8d287d20fa60248d9c8c49fe26b0c3c32eabeae1b5addf0045,solid_fuels,minnesota,screen,monthly,linear,hicp_solid_fuels,False,ok,,0.15,1.0,2025-07-01,6,2026-01-01,103.36,2.8829481971796627,-3.515205529134603,2.697809649800016,99.4650516057899,99.44404348746953,-3.894948394210104,3.894948394210104,15.170622993559867,0.8308288801374947,0.0,600
3cf26363700186be649c0a0eaf08005f8617a84b017c9dc3053ba54ee516b7b9,e9d011ca7c1fbc8d287d20fa60248d9c8c49fe26b0c3c32eabeae1b5addf0045,solid_fuels,minnesota,screen,monthly,linear,hicp_solid_fuels,False,ok,,0.15,1.0,2025-08-01,1,2025-09-01,99.41,0.35128304593742954,-0.9641165180680105,0.9537564780278052,98.91559511386137,98.87740001479426,-0.494404886138625,0.494404886138625,0.24443619143774675,0.8299574855871996,0.0,600
3cf26363700186be649c0a0eaf08005f8617a84b017c9dc3053ba54ee516b7b9,e9d011ca7c1fbc8d287d20fa60248d9c8c49fe26b0c3c32eabeae1b5addf0045,solid_fuels,minnesota,screen,monthly,linear,hicp_solid_fuels,False,ok,,0.15,1.0,2025-08-01,3,2025-11-01,101.86,2.5188960540143253,-5.161230062258043,1.781444521681672,98.84367516365744,98.77642742113237,-3.0163248363425623,3.0163248363425623,9.098215518336985,0.8299574855871996,0.0,600
3cf26363700186be649c0a0eaf08005f8617a84b017c9dc3053ba54ee516b7b9,e9d011ca7c1fbc8d287d20fa60248d9c8c49fe26b0c3c32eabeae1b5addf0045,solid_fuels,minnesota,screen,monthly,linear,hicp_solid_fuels,False,ok,,0.15,1.0,2025-08-01,6,2026-02-01,105.06,5.197406652755464,-6.53789841398479,2.8471449524660484,98.89592795408424,98.84719186780106,-6.164072045915759,6.164072045915759,37.99578418724009,0.8299574855871996,0.0,600
ca3449221bc38e81e9ae728c02b859c7428b9034b70e3f88458e3eab7a0fa181,e9d011ca7c1fbc8d287d20fa60248d9c8c49fe26b0c3c32eabeae1b5addf0045,solid_fuels,minnesota,screen,monthly,linear,hicp_solid_fuels,False,ok,,0.15,1.0,2025-09-01,1,2025-10-01,100.4,0.7175516621134075,-2.548315951480066,0.5189439619139644,99.4397043813965,99.47053112832499,-0.9602956186035101,0.9602956186035101,0.9221676751090981,0.8270505770556356,0.0,600
ca3449221bc38e81e9ae728c02b859c7428b9034b70e3f88458e3eab7a0fa181,e9d011ca7c1fbc8d287d20fa60248d9c8c49fe26b0c3c32eabeae1b5addf0045,solid_fuels,minnesota,screen,monthly,linear,hicp_solid_fuels,False,ok,,0.15,1.0,2025-09-01,3,2025-12-01,102.41,2.267555945371483,-4.2072185428401765,3.098444089704225,99.47024689421471,99.63841351957086,-2.939753105785286,2.939753105785286,8.642148322974235,0.8270505770556356,0.0,600
ca3449221bc38e81e9ae728c02b859c7428b9034b70e3f88458e3eab7a0fa181,e9d011ca7c1fbc8d287d20fa60248d9c8c49fe26b0c3c32eabeae1b5addf0045,solid_fuels,minnesota,screen,monthly,linear,hicp_solid_fuels,False,ok,,0.15,1.0,2025-09-01,6,2026-03-01,105.92,5.220865523164672,-5.584176110328107,4.942351464450261,99.49203859426413,99.81062040240045,-6.427961405735871,6.427961405735871,41.31868783362988,0.8270505770556356,0.0,600
e3b155f6c86b3bc8aa2c1898e080ab309b428206515e13ce4fe912c7b3060e0d,e9d011ca7c1fbc8d287d20fa60248d9c8c49fe26b0c3c32eabeae1b5addf0045,solid_fuels,minnesota,screen,monthly,linear,hicp_solid_fuels,False,ok,,0.15,1.0,2025-10-01,1,2025-11-01,101.86,0.7920495793163965,-2.5518495443858233,0.9781700753746383,100.73639228553986,100.8141084611172,-1.1236077144601353,1.1236077144601353,1.2624942959943288,0.8265437256957147,0.0,600
e3b155f6c86b3bc8aa2c1898e080ab309b428206515e13ce4fe912c7b3060e0d,e9d011ca7c1fbc8d287d20fa60248d9c8c49fe26b0c3c32eabeae1b5addf0045,solid_fuels,minnesota,screen,monthly,linear,hicp_solid_fuels,False,ok,,0.15,1.0,2025-10-01,3,2026-01-01,103.36,1.6843032832453797,-3.175662124714502,2.176334817555306,100.86232863108435,101.16733568226223,-2.497671368915647,2.497671368915647,6.238362267100961,0.8265437256957147,0.0,600
e3b155f6c86b3bc8aa2c1898e080ab309b428206515e13ce4fe912c7b3060e0d,e9d011ca7c1fbc8d287d20fa60248d9c8c49fe26b0c3c32eabeae1b5addf0045,solid_fuels,minnesota,screen,monthly,linear,hicp_solid_fuels,False,ok,,0.15,1.0,2025-10-01,6,2026-04-01,106.44,3.9607549572385303,-5.049886939743313,4.116831249781279,101.02738619096077,101.34595591439141,-5.412613809039229,5.412613809039229,29.29638824580215,0.8265437256957147,0.0,600
c6f0eefd97deea6ba1a3c8eb19ecb0d303c4c1a26cb0a38f5934d62f3958cf1d,e9d011ca7c1fbc8d287d20fa60248d9c8c49fe26b0c3c32eabeae1b5addf0045,solid_fuels,minnesota,screen,monthly,linear,hicp_solid_fuels,False,ok,,0.15,1.0,2025-11-01,1,2025-12-01,102.41,0.1654460690372514,-0.5926721470175531,0.8652387143378562,102.31430089257414,102.36784318704426,-0.09569910742585819,0.09569910742585819,0.009158319162105945,0.8282423067207709,0.0,600
c6f0eefd97deea6ba1a3c8eb19ecb0d303c4c1a26cb0a38f5934d62f3958cf1d,e9d011ca7c1fbc8d287d20fa60248d9c8c49fe26b0c3c32eabeae1b5addf0045,solid_fuels,minnesota,screen,monthly,linear,hicp_solid_fuels,False,ok,,0.15,1.0,2025-11-01,3,2026-02-01,105.06,1.355794218305815,-2.3332629561592286,2.3179283776221093,102.87977782949041,102.87921891714974,-2.1802221705095945,2.1802221705095945,4.753368712781567,0.8282423067207709,0.0,600
c6f0eefd97deea6ba1a3c8eb19ecb0d303c4c1a26cb0a38f5934d62f3958cf1d,e9d011ca7c1fbc8d287d20fa60248d9c8c49fe26b0c3c32eabeae1b5addf0045,solid_fuels,minnesota,screen,monthly,linear,hicp_solid_fuels,False,ok,,0.15,1.0,2025-11-01,6,2026-05-01,106.38,2.0107403036114646,-2.825107194402423,4.72138498327021,103.16633377136525,103.2826201278564,-3.21366622863475,3.21366622863475,10.327650629067499,0.8282423067207709,0.0,600
8fc58c0fff99cdbcd0bf9350db5acd4febfcdea5413af474c50e49bb77ac1bf4,e9d011ca7c1fbc8d287d20fa60248d9c8c49fe26b0c3c32eabeae1b5addf0045,solid_fuels,minnesota,screen,monthly,linear,hicp_solid_fuels,False,ok,,0.15,1.0,2025-12-01,1,2026-01-01,103.36,0.3604654619695558,-0.9752254910656788,1.0174223196590684,102.7747532625958,102.79547259854323,-0.585246737404205,0.585246737404205,0.34251374364226644,0.8304792508504757,0.0,600
8fc58c0fff99cdbcd0bf9350db5acd4febfcdea5413af474c50e49bb77ac1bf4,e9d011ca7c1fbc8d287d20fa60248d9c8c49fe26b0c3c32eabeae1b5addf0045,solid_fuels,minnesota,screen,monthly,linear,hicp_solid_fuels,False,ok,,0.15,1.0,2025-12-01,3,2026-03-01,105.92,1.9878854081018158,-3.075473497448629,2.9953361747836573,103.16352846662262,103.18751814696914,-2.756471533377379,2.756471533377379,7.59813531431984,0.8304792508504757,0.0,600
8fc58c0fff99cdbcd0bf9350db5acd4febfcdea5413af474c50e49bb77ac1bf4,e9d011ca7c1fbc8d287d20fa60248d9c8c49fe26b0c3c32eabeae1b5addf0045,solid_fuels,minnesota,screen,monthly,linear,hicp_solid_fuels,False,ok,,0.15,1.0,2025-12-01,6,2026-06-01,106.43,2.034281441564295,-2.858811583948561,4.835457022784439,103.45497639659305,103.2844704559212,-2.975023603406953,2.975023603406953,8.850765440828491,0.8304792508504757,0.0,600
f9b9777e4b460403ab83ef455e1e130cbcaf54de5c99030a7ea1ae551bfd04e3,059827a779da9b307f0aaec6bc5a1f8368404041c62336cfbc3d20c670491559,solid_fuels,minnesota,screen,monthly,linear,hicp_solid_fuels,False,ok,,0.2,0.25,2025-07-01,1,2025-08-01,98.99,0.10951335801515483,-0.06262782922144261,0.526754604194008,99.11876786307766,99.10420011886245,0.12876786307766963,0.12876786307766963,0.016581162561589473,0.8273543497343189,0.0,600
f9b9777e4b460403ab83ef455e1e130cbcaf54de5c99030a7ea1ae551bfd04e3,059827a779da9b307f0aaec6bc5a1f8368404041c62336cfbc3d20c670491559,solid_fuels,minnesota,screen,monthly,linear,hicp_solid_fuels,False,ok,,0.2,0.25,2025-07-01,3,2025-10-01,100.4,0.8523907900028466,-1.9853903146810459,1.2684398273030706,99.07503833304214,99.07591230078509,-1.3249616669578614,1.3249616669578614,1.7555234189077549,0.8273543497343189,0.0,600
f9b9777e4b460403ab83ef455e1e130cbcaf54de5c99030a7ea1ae551bfd04e3,059827a779da9b307f0aaec6bc5a1f8368404041c62336cfbc3d20c670491559,solid_fuels,minnesota,screen,monthly,linear,hicp_solid_fuels,False,ok,,0.2,0.25,2025-07-01,6,2026-01-01,103.36,2.8504340442495457,-3.512413428816971,2.282771634653168,99.43565271539694,99.43379602851272,-3.9243472846030585,3.9243472846030585,15.400501610171398,0.8273543497343189,0.0,600
a7377808f342e91d65e36c8b25969f56b8104a3a8922d0eb2f1c5cdbc583f887,059827a779da9b307f0aaec6bc5a1f8368404041c62336cfbc3d20c670491559,solid_fuels,minnesota,screen,monthly,linear,hicp_solid_fuels,False,ok,,0.2,0.25,2025-08-01,1,2025-09-01,99.41,0.3610979390451963,-1.1466891235639167,1.043467988211999,98.81393360905156,98.88440908884937,-0.5960663909484367,0.5960663909484367,0.35529514241829463,0.8289399653149483,0.0,600
a7377808f342e91d65e36c8b25969f56b8104a3a8922d0eb2f1c5cdbc583f887,059827a779da9b307f0aaec6bc5a1f8368404041c62336cfbc3d20c670491559,solid_fuels,minnesota,screen,monthly,linear,hicp_solid_fuels,False,ok,,0.2,0.25,2025-08-01,3,2025-11-01,101.86,2.502362354697068,-4.929803870369097,1.6780762083890808,98.74072474912292,98.84175896102262,-3.119275250877081,3.119275250877081,9.729878090734276,0.8289399653149483,0.0,600
a7377808f342e91d65e36c8b25969f56b8104a3a8922d0eb2f1c5cdbc583f887,059827a779da9b307f0aaec6bc5a1f8368404041c62336cfbc3d20c670491559,solid_fuels,minnesota,screen,monthly,linear,hicp_solid_fuels,False,ok,,0.2,0.25,2025-08-01,6,2026-02-01,105.06,5.256838300064613,-11.015651533793875,3.051689875885691,98.75243135806987,98.94453311900457,-6.307568641930132,6.307568641930132,39.78542217266033,0.8289399653149483,0.0,600
9a68cf0e97a741f08d5171c7bee242dd33ca721c9716c439d15a551d33aa3a55,059827a779da9b307f0aaec6bc5a1f8368404041c62336cfbc3d20c670491559,solid_fuels,minnesota,screen,monthly,linear,hicp_solid_fuels,False,ok,,0.2,0.25,2025-09-01,1,2025-10-01,100.4,0.6342142959497665,-1.9050539929773294,0.5915929194050799,99.55116654396036,99.52635018390707,-0.8488334560396424,0.8488334560396424,0.7205182360922036,0.8294495093575678,0.0,600
9a68cf0e97a741f08d5171c7bee242dd33ca721c9716c439d15a551d33aa3a55,059827a779da9b307f0aaec6bc5a1f8368404041c62336cfbc3d20c670491559,solid_fuels,minnesota,screen,monthly,linear,hicp_solid_fuels,False,ok,,0.2,0.25,2025-09-01,3,2025-12-01,102.41,2.1358720757147793,-4.605927553766794,1.8267059815305027,99.65398509012664,99.74005386515748,-2.7560149098733575,2.7560149098733575,7.595618183444251,0.8294495093575678,0.0,600
9a68cf0e97a741f08d5171c7bee242dd33ca721c9716c439d15a551d33aa3a55,059827a779da9b307f0aaec6bc5a1f8368404041c62336cfbc3d20c670491559,solid_fuels,minnesota,screen,monthly,linear,hicp_solid_fuels,False,ok,,0.2,0.25,2025-09-01,6,2026-03-01,105.92,5.030724534846531,-5.268372471019319,2.942294120629534,99.70410225738786,99.92049339654129,-6.2158977426121425,6.2158977426121425,38.63738474661073,0.8294495093575678,0.0,600
10239cb3ed53ba153ed53bb581477a00492f9a46a969dc43e6a0a7f0688dda63,059827a779da9b307f0aaec6bc5a1f8368404041c62336cfbc3d20c670491559,solid_fuels,minnesota,screen,monthly,linear,hicp_solid_fuels,False,ok,,0.2,0.25,2025-10-01,1,2025-11-01,101.86,0.7777115695969055,-2.2436185435914258,0.6094760891534081,100.78797049336652,100.79142259996362,-1.0720295066334842,1.0720295066334842,1.1492472630928314,0.8259793795767953,0.0,600
10239cb3ed53ba153ed53bb581477a00492f9a46a969dc43e6a0a7f0688dda63,059827a779da9b307f0aaec6bc5a1f8368404041c62336cfbc3d20c670491559,solid_fuels,minnesota,screen,monthly,linear,hicp_solid_fuels,False,ok,,0.2,0.25,2025-10-01,3,2026-01-01,103.36,1.4553754179032987,-2.953259297261358,2.051274540922276,101.34561232735875,101.3394590211264,-2.0143876726412486,2.0143876726412486,4.057757695689026,0.8259793795767953,0.0,600
10239cb3ed53ba153ed53bb581477a00492f9a46a969dc43e6a0a7f0688dda63,059827a779da9b307f0aaec6bc5a1f8368404041c62336cfbc3d20c670491559,solid_fuels,minnesota,screen,monthly,linear,hicp_solid_fuels,False,ok,,0.2,0.25,2025-10-01,6,2026-04-01,106.44,3.547291699599513,-4.232392531461178,4.116435677403223,101.98706035527921,101.70926911455157,-4.452939644720786,4.452939644720786,19.82867147952608,0.8259793795767953,0.0,600
779a699529b7b65774d1591a06b499d45858b50a70999481a253ad03b8200d84,059827a779da9b307f0aaec6bc5a1f8368404041c62336cfbc3d20c670491559,solid_fuels,minnesota,screen,monthly,linear,hicp_solid_fuels,False,ok,,0.2,0.25,2025-11-01,1,2025-12-01,102.41,0.17410732765552772,-0.6312317407368484,1.3624567094473365,102.41760587201917,102.50601651079157,0.007605872019169624,0.007605872019169624,5.784928917198741e-05,0.8292245583347899,0.0,600
779a699529b7b65774d1591a06b499d45858b50a70999481a253ad03b8200d84,059827a779da9b307f0aaec6bc5a1f8368404041c62336cfbc3d20c670491559,solid_fuels,minnesota,screen,monthly,linear,hicp_solid_fuels,False,ok,,0.2,0.25,2025-11-01,3,2026-02-01,105.06,1.0723655265044294,-1.910088316114198,2.625472992257117,103.15353834106168,103.30192651998614,-1.9064616589383263,1.9064616589383263,3.6345960570018754,0.8292245583347899,0.0,600
779a699529b7b65774d1591a06b499d45858b50a70999481a253ad03b8200d84,059827a779da9b307f0aaec6bc5a1f8368404041c62336cfbc3d20c670491559,solid_fuels,minnesota,screen,monthly,linear,hicp_solid_fuels,False,ok,,0.2,0.25,2025-11-01,6,2026-05-01,106.38,1.6921451398234155,-2.5207339327880836,4.383983763364352,103.49270973114419,103.60044726409376,-2.887290268855807,2.887290268855807,8.336445096629438,0.8292245583347899,0.0,600
f08f4c109687e87836102e40af97572a96d8801b6f5ce1c2175f6dbcf4213aee,059827a779da9b307f0aaec6bc5a1f8368404041c62336cfbc3d20c670491559,solid_fuels,minnesota,screen,monthly,linear,hicp_solid_fuels,False,ok,,0.2,0.25,2025-12-01,1,2026-01-01,103.36,0.3835524509025226,-1.1715501038288236,0.7439880942877205,102.73053148642927,102.76365111960789,-0.6294685135707283,0.6294685135707283,0.39623060957694217,0.8252356366819256,0.0,600
f08f4c109687e87836102e40af97572a96d8801b6f5ce1c2175f6dbcf4213aee,059827a779da9b307f0aaec6bc5a1f8368404041c62336cfbc3d20c670491559,solid_fuels,minnesota,screen,monthly,linear,hicp_solid_fuels,False,ok,,0.2,0.25,2025-12-01,3,2026-03-01,105.92,1.990243260734721,-3.158862866136312,2.138797516335152,103.0796146550114,103.10374758550856,-2.8403853449886043,2.8403853449886043,8.067788908026033,0.8252356366819256,0.0,600
f08f4c109687e87836102e40af97572a96d8801b6f5ce1c2175f6dbcf4213aee,059827a779da9b307f0aaec6bc5a1f8368404041c62336cfbc3d20c670491559,solid_fuels,minnesota,screen,monthly,linear,hicp_solid_fuels,False,ok,,0.2,0.25,2025-12-01,6,2026-06-01,106.43,1.8774319187610113,-2.709810853532373,4.071005243499675,103.46893297167972,103.50413969102809,-2.9610670283202865,2.9610670283202865,8.767917946205532,0.8252356366819256,0.0,600
635162b1b2a02cc5b7443bbd9f0f4cf3df71372f5633997a546744164588aea1,0b63e09e5746a9c5007e1c5b769170b2c309a0282c59af66816d7fcc5fe92786,solid_fuels,minnesota,screen,monthly,linear,hicp_solid_fuels,True,ok,,0.2,0.5,2025-07-01,1,2025-08-01,98.99,0.13746940187589046,-0.21554905132369484,0.5313146611745448,99.17750265911398,99.20265601164635,0.18750265911398856,0.18750265911398856,0.035157247174816594,0.833018736474905,0.0,600
635162b1b2a02cc5b7443bbd9f0f4cf3df71372f5633997a546744164588aea1,0b63e09e5746a9c5007e1c5b769170b2c309a0282c59af66816d7fcc5fe92786,solid_fuels,minnesota,screen,monthly,linear,hicp_solid_fuels,True,ok,,0.2,0.5,2025-07-01,3,2025-10-01,100.4,0.8087090943710092,-1.9049025842231515,1.2196222099279188,99.14751354331884,99.17582037465078,-1.2524864566811686,1.2524864566811686,1.568722324169749,0.833018736474905,0.0,600
635162b1b2a02cc5b7443bbd9f0f4cf3df71372f5633997a546744164588aea1,0b63e09e5746a9c5007e1c5b769170b2c309a0282c59af66816d7fcc5fe92786,solid_fuels,minnesota,screen,monthly,linear,hicp_solid_fuels,True,ok,,0.2,0.5,2025-07-01,6,2026-01-01,103.36,3.131376844553518,-3.882184277526846,2.246809817211816,99.14058700196195,99.33702255348157,-4.219412998038052,4.219412998038052,17.803446048012464,0.833018736474905,0.0,600
8a9182857216860866da22fff731b6881fa1d668f0f1836a251667a72c872685,0b63e09e5746a9c5007e1c5b769170b2c309a0282c59af66816d7fcc5fe92786,solid_fuels,minnesota,screen,monthly,linear,hicp_solid_fuels,True,ok,,0.2,0.5,2025-08-01,1,2025-09-01,99.41,0.35599074646861045,-1.1146795711662882,0.47680748365385034,98.86782600028754,98.8728801764666,-0.5421739997124604,0.5421739997124604,0.293952645964207,0.8342974164429537,0.0,600
8a9182857216860866da22fff731b6881fa1d668f0f1836a251667a72c872685,0b63e09e5746a9c5007e1c5b769170b2c309a0282c59af66816d7fcc5fe92786,solid_fuels,minnesota,screen,monthly,linear,hicp_solid_fuels,True,ok,,0.2,0.5,2025-08-01,3,2025-11-01,101.86,2.3929566997673564,-4.06840120888343,1.5801806411300465,98.92848691624489,98.88027386321286,-2.9315130837551067,2.9315130837551067,8.593768960227376,0.8342974164429537,0.0,600
8a9182857216860866da22fff731b6881fa1d668f0f1836a251667a72c872685,0b63e09e5746a9c5007e1c5b769170b2c309a0282c59af66816d7fcc5fe92786,solid_fuels,minnesota,screen,monthly,linear,hicp_solid_fuels,True,ok,,0.2,0.5,2025-08-01,6,2026-02-01,105.06,5.164894980075587,-5.38447887505358,2.50485279212838,98.93485683134118,98.9080651244434,-6.125143168658823,6.125143168658823,37.51737883656785,0.8342974164429537,0.0,600
2bcb2a67f22f801fe104285f4ec847900730208cb9b20f5455f5eed9c4881db7,0b63e09e5746a9c5007e1c5b769170b2c309a0282c59af66816d7fcc5fe92786,solid_fuels,minnesota,screen,monthly,linear,hicp_solid_fuels,True,ok,,0.2,0.5,2025-09-01,1,2025-10-01,100.4,0.632306923223647,-2.062684940444967,0.7550218233794636,99.54685320032526,99.51227696469472,-0.8531467996747466,0.8531467996747466,0.7278594617952622,0.8308994692931884,0.0,600
2bcb2a67f22f801fe104285f4ec847900730208cb9b20f5455f5eed9c4881db7,0b63e09e5746a9c5007e1c5b769170b2c309a0282c59af66816d7fcc5fe92786,solid_fuels,minnesota,screen,monthly,linear,hicp_solid_fuels,True,ok,,0.2,0.5,2025-09-01,3,2025-12-01,102.41,2.0856510690750243,-3.8613036810901415,1.7333023198517075,99.75938977397806,99.64692058526532,-2.6506102260219393,2.6506102260219393,7.025734570292076,0.8308994692931884,0.0,600
2bcb2a67f22f801fe104285f4ec847900730208cb9b20f5455f5eed9c4881db7,0b63e09e5746a9c5007e1c5b769170b2c309a0282c59af66816d7fcc5fe92786,solid_fuels,minnesota,screen,monthly,linear,hicp_solid_fuels,True,ok,,0.2,0.5,2025-09-01,6,2026-03-01,105.92,4.787727381789679,-5.145651999035306,2.7475321310343994,99.99245217117544,99.93990358295022,-5.927547828824558,5.927547828824558,35.135823263002735,0.8308994692931884,0.0,600
680562e23a6f4339ec5fe16f9e196c4be194b21a8bcd356afae8805de76b53a6,0b63e09e5746a9c5007e1c5b769170b2c309a0282c59af66816d7fcc5fe92786,solid_fuels,minnesota,screen,monthly,linear,hicp_solid_fuels,True,ok,,0.2,0.5,2025-10-01,1,2025-11-01,101.86,0.7598203391189708,-2.4722845756476657,0.8416418804309286,100.81081867120626,100.77481041582587,-1.0491813287937362,1.0491813287937362,1.10078146068939,0.8299126856311572,0.0,600
680562e23a6f4339ec5fe16f9e196c4be194b21a8bcd356afae8805de76b53a6,0b63e09e5746a9c5007e1c5b769170b2c309a0282c59af66816d7fcc5fe92786,solid_fuels,minnesota,screen,monthly,linear,hicp_solid_fuels,True,ok,,0.2,0.5,2025-10-01,3,2026-01-01,103.36,1.5279051303437439,-2.8470946050728934,2.015917485942948,101.18265366684432,101.23201759268977,-2.1773463331556826,2.1773463331556826,4.740837054506497,0.8299126856311572,0.0,600
680562e23a6f4339ec5fe16f9e196c4be194b21a8bcd356afae8805de76b53a6,0b63e09e5746a9c5007e1c5b769170b2c309a0282c59af66816d7fcc5fe92786,solid_fuels,minnesota,screen,monthly,linear,hicp_solid_fuels,True,ok,,0.2,0.5,2025-10-01,6,2026-04-01,106.44,3.69344443044929,-4.2066522983694306,3.252790847171735,101.52935975562022,101.51847431443593,-4.910640244379778,4.910640244379778,24.114387609722282,0.8299126856311572,0.0,600
52a514d77dbdb80facac964961bc5376f18dd7602ac3b18cd6280df36abee2b4,0b63e09e5746a9c5007e1c5b769170b2c309a0282c59af66816d7fcc5fe92786,solid_fuels,minnesota,screen,monthly,linear,hicp_solid_fuels,True,ok,,0.2,0.5,2025-11-01,1,2025-12-01,102.41,0.1697377130572224,-0.6439025185641913,1.12106766304337,102.51088212485915,102.44071575882212,0.10088212485915449,0.10088212485915449,0.010177203116098035,0.8320838477642205,0.0,600
52a514d77dbdb80facac964961bc5376f18dd7602ac3b18cd6280df36abee2b4,0b63e09e5746a9c5007e1c5b769170b2c309a0282c59af66816d7fcc5fe92786,solid_fuels,minnesota,screen,monthly,linear,hicp_solid_fuels,True,ok,,0.2,0.5,2025-11-01,3,2026-02-01,105.06,1.150622250577311,-2.2007234069477493,2.5102001226172037,103.25858389042361,103.14127741353042,-1.8014161095763939,1.8014161095763939,3.2450999998413503,0.8320838477642205,0.0,600
52a514d77dbdb80facac964961bc5376f18dd7602ac3b18cd6280df36abee2b4,0b63e09e5746a9c5007e1c5b769170b2c309a0282c59af66816d7fcc5fe92786,solid_fuels,minnesota,screen,monthly,linear,hicp_solid_fuels,True,ok,,0.2,0.5,2025-11-01,6,2026-05-01,106.38,1.7313202948546471,-2.6030804959991727,4.78735945354965,103.64407554730218,103.49747082444844,-2.735924452697816,2.735924452697816,7.485282610869843,0.8320838477642205,0.0,600
68f1222e25e8b3afab537f793f1bb0c67a7f8c582fc95f16076dc109893326ca,0b63e09e5746a9c5007e1c5b769170b2c309a0282c59af66816d7fcc5fe92786,solid_fuels,minnesota,screen,monthly,linear,hicp_solid_fuels,True,ok,,0.2,0.5,2025-12-01,1,2026-01-01,103.36,0.4039556371814095,-1.0924553613370929,0.7350474609188917,102.6844681827325,102.70830713596106,-0.6755318172674976,0.6755318172674976,0.4563432361407277,0.8309982183278897,0.0,600
68f1222e25e8b3afab537f793f1bb0c67a7f8c582fc95f16076dc109893326ca,0b63e09e5746a9c5007e1c5b769170b2c309a0282c59af66816d7fcc5fe92786,solid_fuels,minnesota,screen,monthly,linear,hicp_solid_fuels,True,ok,,0.2,0.5,2025-12-01,3,2026-03-01,105.92,2.1365472222151034,-3.6893992520797307,2.6612073923329493,103.04343672029036,102.85996555870997,-2.876563279709643,2.876563279709643,8.274616302173898,0.8309982183278897,0.0,600
68f1222e25e8b3afab537f793f1bb0c67a7f8c582fc95f16076dc109893326ca,0b63e09e5746a9c5007e1c5b769170b2c309a0282c59af66816d7fcc5fe92786,solid_fuels,minnesota,screen,monthly,linear,hicp_solid_fuels,True,ok,,0.2,0.5,2025-12-01,6,2026-06-01,106.43,2.0478458758148315,-2.8932863870354932,5.55452057017838,103.39082232692016,103.2860250298782,-3.0391776730798483,3.0391776730798483,9.236600928547041,0.8309982183278897,0.0,600
33c59206f8bea2624aab16ee4d85202d582fc1159bc523ec1ef51ec5db6e1423,0f8e14b452e386070cce7682d28cbe24f17bdd0cd3a7ed9ca6ce0d6963459fe7,solid_fuels,minnesota,screen,monthly,linear,hicp_solid_fuels,False,ok,,0.2,0.75,2025-07-01,1,2025-08-01,98.99,0.12620975321342848,-0.0883995868350862,0.6308499495011184,99.15662752034258,99.16192200287958,0.16662752034258688,0.16662752034258688,0.027764730535519203,0.8417862153384887,0.0,600
33c59206f8bea2624aab16ee4d85202d582fc1159bc523ec1ef51ec5db6e1423,0f8e14b452e386070cce7682d28cbe24f17bdd0cd3a7ed9ca6ce0d6963459fe7,solid_fuels,minnesota,screen,monthly,linear,hicp_solid_fuels,False,ok,,0.2,0.75,2025-07-01,3,2025-10-01,100.4,0.8357884947598819,-1.9960116786090527,1.3270290409617362,99.06638863922932,99.12161886428645,-1.3336113607706892,1.3336113607706892,1.7785192615766494,0.8417862153384887,0.0,600
33c59206f8bea2624aab16ee4d85202d582fc1159bc523ec1ef51ec5db6e1423,0f8e14b452e386070cce7682d28cbe24f17bdd0cd3a7ed9ca6ce0d6963459fe7,solid_fuels,minnesota,screen,monthly,linear,hicp_solid_fuels,False,ok,,0.2,0.75,2025-07-01,6,2026-01-01,103.36,3.0565531832510766,-3.786063001727403,2.7378640758091044,99.16667023655224,99.25482025300863,-4.193329763447764,4.193329763447764,17.58401450501688,0.8417862153384887,0.0,600
b34bb53655e464a7dfac20f2724dbcb4fb0dba08ee4fd61233f9b9614241a40a,0f8e14b452e386070cce7682d28cbe24f17bdd0cd3a7ed9ca6ce0d6963459fe7,solid_fuels,minnesota,screen,monthly,linear,hicp_solid_fuels,False,ok,,0.2,0.75,2025-08-01,1,2025-09-01,99.41,0.37631672274710853,-1.214402674848829,0.5456076963055524,98.83290163135695,98.84956767830738,-0.5770983686430498,0.5770983686430498,0.33304252709046933,0.8416387833198877,0.0,600
b34bb53655e464a7dfac20f2724dbcb4fb0dba08ee4fd61233f9b9614241a40a,0f8e14b452e386070cce7682d28cbe24f17bdd0cd3a7ed9ca6ce0d6963459fe7,solid_fuels,minnesota,screen,monthly,linear,hicp_solid_fuels,False,ok,,0.2,0.75,2025-08-01,3,2025-11-01,101.86,2.475955553785761,-4.262152603895865,1.2551970449193675,98.77235882363838,98.81688540258183,-3.0876411763616147,3.0876411763616147,9.533528033963735,0.8416387833198877,0.0,600
b34bb53655e464a7dfac20f2724dbcb4fb0dba08ee4fd61233f9b9614241a40a,0f8e14b452e386070cce7682d28cbe24f17bdd0cd3a7ed9ca6ce0d6963459fe7,solid_fuels,minnesota,screen,monthly,linear,hicp_solid_fuels,False,ok,,0.2,0.75,2025-08-01,6,2026-02-01,105.06,5.258264587371147,-8.511241177604681,2.4009095327385768,98.70915090455628,98.81866605902614,-6.350849095443721,6.350849095443721,40.333284233098325,0.8416387833198877,0.0,600
9f304cfd820768daad743fd4d00be80bd08d2bb7a514b8bff41c24bd8483232a,0f8e14b452e386070cce7682d28cbe24f17bdd0cd3a7ed9ca6ce0d6963459fe7,solid_fuels,minnesota,screen,monthly,linear,hicp_solid_fuels,False,ok,,0.2,0.75,2025-09-01,1,2025-10-01,100.4,0.6524477235122865,-2.4212668529507364,0.670866827832763,99.50543593911817,99.49830888046736,-0.8945640608818337,0.8945640608818337,0.8002448590213971,0.8381340320889732,0.0,600
9f304cfd820768daad743fd4d00be80bd08d2bb7a514b8bff41c24bd8483232a,0f8e14b452e386070cce7682d28cbe24f17bdd0cd3a7ed9ca6ce0d6963459fe7,solid_fuels,minnesota,screen,monthly,linear,hicp_solid_fuels,False,ok,,0.2,0.75,2025-09-01,3,2025-12-01,102.41,2.1838099607520425,-4.503227961682549,2.1640587148014383,99.7396065108641,99.71705512686997,-2.67039348913589,2.67039348913589,7.131001386819352,0.8381340320889732,0.0,600
9f304cfd820768daad743fd4d00be80bd08d2bb7a514b8bff41c24bd8483232a,0f8e14b452e386070cce7682d28cbe24f17bdd0cd3a7ed9ca6ce0d6963459fe7,solid_fuels,minnesota,screen,monthly,linear,hicp_solid_fuels,False,ok,,0.2,0.75,2025-09-01,6,2026-03-01,105.92,5.137353083405641,-6.0043307461432525,3.2179616035250573,99.76739380598053,99.80613696691128,-6.152606194019469,6.152606194019469,37.854562978686744,0.8381340320889732,0.0,600
fb30067f496970d4119de612f73e41232437c50702ff50be027b0ab43fcaeab7,0f8e14b452e386070cce7682d28cbe24f17bdd0cd3a7ed9ca6ce0d6963459fe7,solid_fuels,minnesota,screen,monthly,linear,hicp_solid_fuels,False,ok,,0.2,0.75,2025-10-01,1,2025-11-01,101.86,0.77199181736653,-2.1405778650151133,0.6218853016909995,100.78006783670311,100.81849182767394,-1.0799321632968883,1.0799321632968883,1.166253477323097,0.8386732844778131,0.0,600
fb30067f496970d4119de612f73e41232437c50702ff50be027b0ab43fcaeab7,0f8e14b452e386070cce7682d28cbe24f17bdd0cd3a7ed9ca6ce0d6963459fe7,solid_fuels,minnesota,screen,monthly,linear,hicp_solid_fuels,False,ok,,0.2,0.75,2025-10-01,3,2026-01-01,103.36,1.5924015107636875,-2.757171152100799,1.7551558135400347,100.97348605232102,101.08638930639718,-2.386513947678978,2.386513947678978,5.695448822466299,0.8386732844778131,0.0,600
fb30067f496970d4119de612f73e41232437c50702ff50be027b0ab43fcaeab7,0f8e14b452e386070cce7682d28cbe24f17bdd0cd3a7ed9ca6ce0d6963459fe7,solid_fuels,minnesota,screen,monthly,linear,hicp_solid_fuels,False,ok,,0.2,0.75,2025-10-01,6,2026-04-01,106.44,3.8309347576539925,-4.482154403949444,3.13549490456741,101.17985775689161,101.3673297485222,-5.26014224310839,5.26014224310839,27.669096417733368,0.8386732844778131,0.0,600
fdf3bf702a949aad7b8d526bc41ec3c14689880ec77d82328c9a4e5b80d7944d,0f8e14b452e386070cce7682d28cbe24f17bdd0cd3a7ed9ca6ce0d6963459fe7,solid_fuels,minnesota,screen,monthly,linear,hicp_solid_fuels,False,ok,,0.2,0.75,2025-11-01,1,2025-12-01,102.41,0.18390061126902957,-0.713959521691061,0.9929685234773753,102.47401000355995,102.46913695204015,0.06401000355995734,0.06401000355995734,0.0040972805557457515,0.8391568818704742,0.0,600
fdf3bf702a949aad7b8d526bc41ec3c14689880ec77d82328c9a4e5b80d7944d,0f8e14b452e386070cce7682d28cbe24f17bdd0cd3a7ed9ca6ce0d6963459fe7,solid_fuels,minnesota,screen,monthly,linear,hicp_solid_fuels,False,ok,,0.2,0.75,2025-11-01,3,2026-02-01,105.06,1.2150924451567968,-2.0221641431072044,2.0615242008054717,103.05601552770476,103.09121792958331,-2.003984472295244,2.003984472295244,4.015953765200447,0.8391568818704742,0.0,600
fdf3bf702a949aad7b8d526bc41ec3c14689880ec77d82328c9a4e5b80d7944d,0f8e14b452e386070cce7682d28cbe24f17bdd0cd3a7ed9ca6ce0d6963459fe7,solid_fuels,minnesota,screen,monthly,linear,hicp_solid_fuels,False,ok,,0.2,0.75,2025-11-01,6,2026-05-01,106.38,1.8715684407100848,-2.606716950853481,3.853947199172618,103.26554470145969,103.36520200134666,-3.1144552985403067,3.1144552985403067,9.699831806605792,0.8391568818704742,0.0,600
5ad2b0bdb7c9cf18f98db31d49def0a5e1ef8193ee310dc4f9ab12c3c9dab3b3,0f8e14b452e386070cce7682d28cbe24f17bdd0cd3a7ed9ca6ce0d6963459fe7,solid_fuels,minnesota,screen,monthly,linear,hicp_solid_fuels,False,ok,,0.2,0.75,2025-12-01,1,2026-01-01,103.36,0.3943623466892928,-1.230940040060922,0.8379407660554519,102.70792606541933,102.74606200379597,-0.6520739345806703,0.6520739345806703,0.4252004161595163,0.8383351761274807,0.0,600
5ad2b0bdb7c9cf18f98db31d49def0a5e1ef8193ee310dc4f9ab12c3c9dab3b3,0f8e14b452e386070cce7682d28cbe24f17bdd0cd3a7ed9ca6ce0d6963459fe7,solid_fuels,minnesota,screen,monthly,linear,hicp_solid_fuels,False,ok,,0.2,0.75,2025-12-01,3,2026-03-01,105.92,2.0280196625110394,-3.112465137653408,2.373029222780716,103.02644699751475,102.98090250736243,-2.8935530024852483,2.8935530024852483,8.372648978191394,0.8383351761274807,0.0,600
5ad2b0bdb7c9cf18f98db31d49def0a5e1ef8193ee310dc4f9ab12c3c9dab3b3,0f8e14b452e386070cce7682d28cbe24f17bdd0cd3a7ed9ca6ce0d6963459fe7,solid_fuels,minnesota,screen,monthly,linear,hicp_solid_fuels,False,ok,,0.2,0.75,2025-12-01,6,2026-06-01,106.43,2.0142248450823534,-2.8000690367796466,4.430537736955605,103.23628594463509,103.33314373330036,-3.1937140553649215,3.1937140553649215,10.199809467435452,0.8383351761274807,0.0,600
836809f068fdef8723f2c2050131792ad22d46257d16c5136fa90d8ee1a6fdd4,92723857aa9bb3300d2b5b0cc644f815f4f9bb906d276da7f158281cb7074e35,solid_fuels,minnesota,screen,monthly,linear,hicp_solid_fuels,False,ok,,0.2,1.0,2025-07-01,1,2025-08-01,98.99,0.14127709522227158,-0.1869113943682148,0.471089517376856,99.20910511152626,99.21350367147602,0.219105111526261,0.219105111526261,0.04800704989693527,0.8493827598132471,0.0,600
836809f068fdef8723f2c2050131792ad22d46257d16c5136fa90d8ee1a6fdd4,92723857aa9bb3300d2b5b0cc644f815f4f9bb906d276da7f158281cb7074e35,solid_fuels,minnesota,screen,monthly,linear,hicp_solid_fuels,False,ok,,0.2,1.0,2025-07-01,3,2025-10-01,100.4,0.8328129973526249,-2.113187647871996,1.2713584117604741,99.17147369462707,99.15602710928991,-1.228526305372938,1.228526305372938,1.5092768829932814,0.8493827598132471,0.0,600
836809f068fdef8723f2c2050131792ad22d46257d16c5136fa90d8ee1a6fdd4,92723857aa9bb3300d2b5b0cc644f815f4f9bb906d276da7f158281cb7074e35,solid_fuels,minnesota,screen,monthly,linear,hicp_solid_fuels,False,ok,,0.2,1.0,2025-07-01,6,2026-01-01,103.36,3.070221035566062,-3.86240189715835,2.167380421560666,99.33099150287732,99.33214564907894,-4.029008497122675,4.029008497122675,16.232909469886714,0.8493827598132471,0.0,600
4be7e44ad7fc687c804314aafb30aa003aa8762a9dfba9321486451431f60369,92723857aa9bb3300d2b5b0cc644f815f4f9bb906d276da7f158281cb7074e35,solid_fuels,minnesota,screen,monthly,linear,hicp_solid_fuels,False,ok,,0.2,1.0,2025-08-01,1,2025-09-01,99.41,0.3537692083256039,-1.1356885007457675,0.7190408827880521,98.88144107112335,98.861627065455,-0.5285589288766488,0.5285589288766488,0.27937454129523026,0.8457164021826323,0.0,600
4be7e44ad7fc687c804314aafb30aa003aa8762a9dfba9321486451431f60369,92723857aa9bb3300d2b5b0cc644f815f4f9bb906d276da7f158281cb7074e35,solid_fuels,minnesota,screen,monthly,linear,hicp_solid_fuels,False,ok,,0.2,1.0,2025-08-01,3,2025-11-01,101.86,2.437745235507936,-5.581809743265454,1.5982157281235867,98.7373961673885,98.73382692071267,-3.122603832611503,3.122603832611503,9.750654695440048,0.8457164021826323,0.0,600
4be7e44ad7fc687c804314aafb30aa003aa8762a9dfba9321486451431f60369,92723857aa9bb3300d2b5b0cc644f815f4f9bb906d276da7f158281cb7074e35,solid_fuels,minnesota,screen,monthly,linear,hicp_solid_fuels,False,ok,,0.2,1.0,2025-08-01,6,2026-02-01,105.06,5.077424370313346,-3.9329504609848263,2.7255125536261104,98.74540266313011,98.92221131037172,-6.314597336869895,6.314597336869895,39.87413952680436,0.8457164021826323,0.0,600
37368fe5804ceb34ee575a3c17710abf55b10e3b71a7942b616a4108262ef673,92723857aa9bb3300d2b5b0cc644f815f4f9bb906d276da7f158281cb7074e35,solid_fuels,minnesota,screen,monthly,linear,hicp_solid_fuels,False,ok,,0.2,1.0,2025-09-01,1,2025-10-01,100.4,0.6481161248900325,-2.1690000915846785,0.6602877020617166,99.52944584542841,99.51977227167089,-0.8705541545715931,0.8705541545715931,0.7578645360418612,0.8458467379012848,0.0,600
37368fe5804ceb34ee575a3c17710abf55b10e3b71a7942b616a4108262ef673,92723857aa9bb3300d2b5b0cc644f815f4f9bb906d276da7f158281cb7074e35,solid_fuels,minnesota,screen,monthly,linear,hicp_solid_fuels,False,ok,,0.2,1.0,2025-09-01,3,2025-12-01,102.41,2.23057759095335,-4.17544163147962,1.4484868470678622,99.6240432602625,99.5873881467189,-2.7859567397375002,2.7859567397375002,7.761554955688801,0.8458467379012848,0.0,600
37368fe5804ceb34ee575a3c17710abf55b10e3b71a7942b616a4108262ef673,92723857aa9bb3300d2b5b0cc644f815f4f9bb906d276da7f158281cb7074e35,solid_fuels,minnesota,screen,monthly,linear,hicp_solid_fuels,False,ok,,0.2,1.0,2025-09-01,6,2026-03-01,105.92,5.163093316215623,-4.9121199246235445,2.382447762201636,99.64450259711116,99.67071916488145,-6.2754974028888455,6.2754974028888455,39.38186765366464,0.8458467379012848,0.0,600
a2169723d84f3b80b4bbaabb056318ea4619231a42a1c2ce0dce13fafef1570e,92723857aa9bb3300d2b5b0cc644f815f4f9bb906d276da7f158281cb7074e35,solid_fuels,minnesota,screen,monthly,linear,hicp_solid_fuels,False,ok,,0.2,1.0,2025-10-01,1,2025-11-01,101.86,0.7593138548621776,-1.9919626862152713,1.005471182325306,100.7171162150507,100.82040500226407,-1.142883784949305,1.142883784949305,1.3061833459000491,0.8451545754710656,0.0,600
a2169723d84f3b80b4bbaabb056318ea4619231a42a1c2ce0dce13fafef1570e,92723857aa9bb3300d2b5b0cc644f815f4f9bb906d276da7f158281cb7074e35,solid_fuels,minnesota,screen,monthly,linear,hicp_solid_fuels,False,ok,,0.2,1.0,2025-10-01,3,2026-01-01,103.36,1.3764320010863331,-2.4006013275248437,2.1904656660284365,101.19706611585372,101.22312110757218,-2.162933884146284,2.162933884146284,4.678282987188131,0.8451545754710656,0.0,600
a2169723d84f3b80b4bbaabb056318ea4619231a42a1c2ce0dce13fafef1570e,92723857aa9bb3300d2b5b0cc644f815f4f9bb906d276da7f158281cb7074e35,solid_fuels,minnesota,screen,monthly,linear,hicp_solid_fuels,False,ok,,0.2,1.0,2025-10-01,6,2026-04-01,106.44,3.540555576846328,-4.254226199390313,3.664158392817448,101.64131345033584,101.5363518461042,-4.798686549664154,4.798686549664154,23.027392601927666,0.8451545754710656,0.0,600
f33484c3d45a434b932d2db0c1ac739a1e34e1dba28a58d64370505c7a7acce7,92723857aa9bb3300d2b5b0cc644f815f4f9bb906d276da7f158281cb7074e35,solid_fuels,minnesota,screen,monthly,linear,hicp_solid_fuels,False,ok,,0.2,1.0,2025-11-01,1,2025-12-01,102.41,0.18396100509169389,-0.6651680746046411,1.3297341655434334,102.44078424259394,102.4897463861968,0.030784242593938416,0.030784242593938416,0.0009476695920824522,0.8466663221969826,0.0,600
f33484c3d45a434b932d2db0c1ac739a1e34e1dba28a58d64370505c7a7acce7,92723857aa9bb3300d2b5b0cc644f815f4f9bb906d276da7f158281cb7074e35,solid_fuels,minnesota,screen,monthly,linear,hicp_solid_fuels,False,ok,,0.2,1.0,2025-11-01,3,2026-02-01,105.06,1.2273862807447629,-2.0576121039774207,2.4768347167551843,102.94336088691612,103.1377513460204,-2.1166391130838775,2.1166391130838775,4.480161135036504,0.8466663221969826,0.0,600
f33484c3d45a434b932d2db0c1ac739a1e34e1dba28a58d64370505c7a7acce7,92723857aa9bb3300d2b5b0cc644f815f4f9bb906d276da7f158281cb7074e35,solid_fuels,minnesota,screen,monthly,linear,hicp_solid_fuels,False,ok,,0.2,1.0,2025-11-01,6,2026-05-01,106.38,1.851611814677823,-2.592107576727716,4.621511637747857,103.03534011231966,103.53718552884071,-3.3446598876803364,3.3446598876803364,11.18674976425784,0.8466663221969826,0.0,600
06d04e2d72582a879f5524652b122ed570773e5e143bf558be59be93a250226b,92723857aa9bb3300d2b5b0cc644f815f4f9bb906d276da7f158281cb7074e35,solid_fuels,minnesota,screen,monthly,linear,hicp_solid_fuels,False,ok,,0.2,1.0,2025-12-01,1,2026-01-01,103.36,0.32941335370293706,-0.8462678327285511,0.9172127550426293,102.84495039188786,102.81050313627873,-0.5150496081121361,0.5150496081121361,0.26527609881646497,0.8450245072324281,0.0,600
06d04e2d72582a879f5524652b122ed570773e5e143bf558be59be93a250226b,92723857aa9bb3300d2b5b0cc644f815f4f9bb906d276da7f158281cb7074e35,solid_fuels,minnesota,screen,monthly,linear,hicp_solid_fuels,False,ok,,0.2,1.0,2025-12-01,3,2026-03-01,105.92,1.9403694946975498,-3.1864556293848674,2.242282228613197,103.21467822192344,103.04799967123185,-2.7053217780765664,2.7053217780765664,7.318765922935355,0.8450245072324281,0.0,600
06d04e2d72582a879f5524652b122ed570773e5e143bf558be59be93a250226b,92723857aa9bb3300d2b5b0cc644f815f4f9bb906d276da7f158281cb7074e35,solid_fuels,minnesota,screen,monthly,linear,hicp_solid_fuels,False,ok,,0.2,1.0,2025-12-01,6,2026-06-01,106.43,1.9662472801839304,-2.8748558174222234,4.711485167809618,103.42623753762962,103.39850796220381,-3.003762462370389,3.003762462370389,9.022588930345423,0.8450245072324281,0.0,600
f1a59efbe451baf520df13a8f1bffec81f7270526acd4f6239b94c7ee6a6bd4f,c4211de36c6c77a6e74c5f96016e40c047dffa4f215ff332df4aaa3e728e0414,solid_fuels,minnesota,screen,monthly,linear,hicp_solid_fuels,False,ok,,0.3,0.25,2025-07-01,1,2025-08-01,98.99,0.12426129144030912,-0.07847862510070414,1.1761933537662959,99.11516374205446,99.15664237628485,0.12516374205446823,0.12516374205446823,0.01566596232507746,0.8484218347084465,0.0,600
f1a59efbe451baf520df13a8f1bffec81f7270526acd4f6239b94c7ee6a6bd4f,c4211de36c6c77a6e74c5f96016e40c047dffa4f215ff332df4aaa3e728e0414,solid_fuels,minnesota,screen,monthly,linear,hicp_solid_fuels,False,ok,,0.3,0.25,2025-07-01,3,2025-10-01,100.4,0.8119370926343876,-2.0930068615261295,1.920789105556231,99.1262743735875,99.17548653183123,-1.2737256264124994,1.2737256264124994,1.622376971379914,0.8484218347084465,0.0,600
f1a59efbe451baf520df13a8f1bffec81f7270526acd4f6239b94c7ee6a6bd4f,c4211de36c6c77a6e74c5f96016e40c047dffa4f215ff332df4aaa3e728e0414,solid_fuels,minnesota,screen,monthly,linear,hicp_solid_fuels,False,ok,,0.3,0.25,2025-07-01,6,2026-01-01,103.36,3.1131856303532777,-5.2653578526530005,2.8672844962061306,99.28510571203981,99.32361735622082,-4.074894287960191,4.074894287960191,16.604763458050595,0.8484218347084465,0.0,600
7e6e0e2381765c92f67ab6e7610d49f279c87529bc90cce2a3b0ef5b17dfe033,c4211de36c6c77a6e74c5f96016e40c047dffa4f215ff332df4aaa3e728e0414,solid_fuels,minnesota,screen,monthly,linear,hicp_solid_fuels,False,ok,,0.3,0.25,2025-08-01,1,2025-09-01,99.41,0.3265276880387763,-0.9646252831175222,0.9999839229813359,98.94932835323984,98.89993819661652,-0.4606716467601615,0.4606716467601615,0.212218366128719,0.8490748898062586,0.0,600
7e6e0e2381765c92f67ab6e7610d49f279c87529bc90cce2a3b0ef5b17dfe033,c4211de36c6c77a6e74c5f96016e40c047dffa4f215ff332df4aaa3e728e0414,solid_fuels,minnesota,screen,monthly,linear,hicp_solid_fuels,False,ok,,0.3,0.25,2025-08-01,3,2025-11-01,101.86,2.488697054855161,-12.452033269605103,1.7524529696385491,98.89404871980832,98.88751289370978,-2.9659512801916748,2.9659512801916748,8.796866996470634,0.8490748898062586,0.0,600
7e6e0e2381765c92f67ab6e7610d49f279c87529bc90cce2a3b0ef5b17dfe033,c4211de36c6c77a6e74c5f96016e40c047dffa4f215ff332df4aaa3e728e0414,solid_fuels,minnesota,screen,monthly,linear,hicp_solid_fuels,False,ok,,0.3,0.25,2025-08-01,6,2026-02-01,105.06,5.113910401459904,-5.412744336166673,3.1038348176627135,99.00670741730175,98.94683865201515,-6.053292582698248,6.053292582698248,36.642351091749624,0.8490748898062586,0.0,600
7a523885a32cda9cc9d82097f4e23f8450782ab00b5750da5f817fdbe20f536c,c4211de36c6c77a6e74c5f96016e40c047dffa4f215ff332df4aaa3e728e0414,solid_fuels,minnesota,screen,monthly,linear,hicp_solid_fuels,False,ok,,0.3,0.25,2025-09-01,1,2025-10-01,100.4,0.640211529745826,-2.0793785360366623,0.5912516682213507,99.55038671978592,99.5375804883935,-0.8496132802140863,0.8496132802140863,0.7218427259161396,0.8487650192601119,0.0,600
7a523885a32cda9cc9d82097f4e23f8450782ab00b5750da5f817fdbe20f536c,c4211de36c6c77a6e74c5f96016e40c047dffa4f215ff332df4aaa3e728e0414,solid_fuels,minnesota,screen,monthly,linear,hicp_solid_fuels,False,ok,,0.3,0.25,2025-09-01,3,2025-12-01,102.41,2.1529415173870694,-4.354711599593222,2.3874510891000535,99.60520656360296,99.72006605855226,-2.804793436397034,2.804793436397034,7.866866220855884,0.8487650192601119,0.0,600
7a523885a32cda9cc9d82097f4e23f8450782ab00b5750da5f817fdbe20f536c,c4211de36c6c77a6e74c5f96016e40c047dffa4f215ff332df4aaa3e728e0414,solid_fuels,minnesota,screen,monthly,linear,hicp_solid_fuels,False,ok,,0.3,0.25,2025-09-01,6,2026-03-01,105.92,5.092607432662128,-6.726750361181311,4.366723205711456,99.51580974523449,99.8640234062242,-6.40419025476551,6.40419025476551,41.01365281923353,0.8487650192601119,0.0,600
9300013115bb86dfac76d8b5bff730c2590adb7526ef0075b2db5fecd1596631,c4211de36c6c77a6e74c5f96016e40c047dffa4f215ff332df4aaa3e728e0414,solid_fuels,minnesota,screen,monthly,linear,hicp_solid_fuels,False,ok,,0.3,0.25,2025-10-01,1,2025-11-01,101.86,0.7251486525457632,-2.2050538675758795,0.6176919219858561,100.84494714742213,100.82359390466382,-1.0150528525778668,1.0150528525778668,1.0303322935264647,0.8469287156346652,0.0,600
9300013115bb86dfac76d8b5bff730c2590adb7526ef0075b2db5fecd1596631,c4211de36c6c77a6e74c5f96016e40c047dffa4f215ff332df4aaa3e728e0414,solid_fuels,minnesota,screen,monthly,linear,hicp_solid_fuels,False,ok,,0.3,0.25,2025-10-01,3,2026-01-01,103.36,1.3349743171043202,-2.5691905758150506,2.082072247234865,101.42894290802057,101.40972642298328,-1.9310570919794259,1.9310570919794259,3.7289814924840368,0.8469287156346652,0.0,600
9300013115bb86dfac76d8b5bff730c2590adb7526ef0075b2db5fecd1596631,c4211de36c6c77a6e74c5f96016e40c047dffa4f215ff332df4aaa3e728e0414,solid_fuels,minnesota,screen,monthly,linear,hicp_solid_fuels,False,ok,,0.3,0.25,2025-10-01,6,2026-04-01,106.44,3.55385439168578,-4.245048310260959,4.99697622233307,101.80415336449555,101.71077657314964,-4.63584663550445,4.63584663550445,21.49107402791793,0.8469287156346652,0.0,600
0e50f0b97f1f766c161a880e39438779cb0cae5d0e800d12c0bf73d299d00f98,c4211de36c6c77a6e74c5f96016e40c047dffa4f215ff332df4aaa3e728e0414,solid_fuels,minnesota,screen,monthly,linear,hicp_solid_fuels,False,ok,,0.3,0.25,2025-11-01,1,2025-12-01,102.41,0.17915524494466017,-0.6165769385554345,1.6607348363032695,102.5132958139768,102.50891088700153,0.10329581397679988,0.10329581397679988,0.010670025185129646,0.8478184191710909,0.0,600
0e50f0b97f1f766c161a880e39438779cb0cae5d0e800d12c0bf73d299d00f98,c4211de36c6c77a6e74c5f96016e40c047dffa4f215ff332df4aaa3e728e0414,solid_fuels,minnesota,screen,monthly,linear,hicp_solid_fuels,False,ok,,0.3,0.25,2025-11-01,3,2026-02-01,105.06,1.0863692921195045,-1.9826626985266955,2.922428184360693,103.21898269556162,103.30554521365946,-1.841017304438381,1.841017304438381,3.3893447152415628,0.8478184191710909,0.0,600
0e50f0b97f1f766c161a880e39438779cb0cae5d0e800d12c0bf73d299d00f98,c4211de36c6c77a6e74c5f96016e40c047dffa4f215ff332df4aaa3e728e0414,solid_fuels,minnesota,screen,monthly,linear,hicp_solid_fuels,False,ok,,0.3,0.25,2025-11-01,6,2026-05-01,106.38,1.7309456085017683,-2.5750094757747086,4.499487655598798,103.57505297662748,103.44620853533326,-2.80494702337252,2.80494702337252,7.867727803926361,0.8478184191710909,0.0,600
35a2bb3beb5734996502a969858f90f935f7ddc6c11d4c020c866ee75fec9db6,c4211de36c6c77a6e74c5f96016e40c047dffa4f215ff332df4aaa3e728e0414,solid_fuels,minnesota,screen,monthly,linear,hicp_solid_fuels,False,ok,,0.3,0.25,2025-12-01,1,2026-01-01,103.36,0.35786288496864604,-0.933719589370666,1.708759054084878,102.74186419347605,102.78723084978559,-0.6181358065239522,0.6181358065239522,0.3820918753070168,0.8445346475685256,0.0,600
35a2bb3beb5734996502a969858f90f935f7ddc6c11d4c020c866ee75fec9db6,c4211de36c6c77a6e74c5f96016e40c047dffa4f215ff332df4aaa3e728e0414,solid_fuels,minnesota,screen,monthly,linear,hicp_solid_fuels,False,ok,,0.3,0.25,2025-12-01,3,2026-03-01,105.92,1.9785496018752975,-3.6428501271900613,3.579968412171604,103.26175210874759,103.14493981360013,-2.6582478912524152,2.6582478912524152,7.066281851347912,0.8445346475685256,0.0,600
35a2bb3beb5734996502a969858f90f935f7ddc6c11d4c020c866ee75fec9db6,c4211de36c6c77a6e74c5f96016e40c047dffa4f215ff332df4aaa3e728e0414,solid_fuels,minnesota,screen,monthly,linear,hicp_solid_fuels,False,ok,,0.3,0.25,2025-12-01,6,2026-06-01,106.43,1.8312708155145403,-2.699066901145412,5.753204101071306,103.6435205965658,103.56470216846225,-2.7864794034341998,2.7864794034341998,7.764467465763014,0.8445346475685256,0.0,600
c26ab2a1f0a8f65d7f2f9e03b2295dcb06e6885a7d7fd06e660e0198e4a8ef53,c547344e180f5e55d555669d14d2d8e4a3f7341b3ac765067d0c2d5407a5814b,solid_fuels,minnesota,screen,monthly,linear,hicp_solid_fuels,False,ok,,0.3,0.5,2025-07-01,1,2025-08-01,98.99,0.12250525307210464,-0.005961650972096777,0.4900507245024025,99.1840307847702,99.17069331846382,0.19403078477020586,0.19403078477020586,0.03764794543854195,0.8559721015639071,0.0,600
c26ab2a1f0a8f65d7f2f9e03b2295dcb06e6885a7d7fd06e660e0198e4a8ef53,c547344e180f5e55d555669d14d2d8e4a3f7341b3ac765067d0c2d5407a5814b,solid_fuels,minnesota,screen,monthly,linear,hicp_solid_fuels,False,ok,,0.3,0.5,2025-07-01,3,2025-10-01,100.4,0.8050634623065601,-2.093469849350692,1.1412505317971224,99.14825210264739,99.18960407756919,-1.2517478973526153,1.2517478973526153,1.5668727985266935,0.8559721015639071,0.0,600
c26ab2a1f0a8f65d7f2f9e03b2295dcb06e6885a7d7fd06e660e0198e4a8ef53,c547344e180f5e55d555669d14d2d8e4a3f7341b3ac765067d0c2d5407a5814b,solid_fuels,minnesota,screen,monthly,linear,hicp_solid_fuels,False,ok,,0.3,0.5,2025-07-01,6,2026-01-01,103.36,3.010792743289696,-4.054048249267899,2.0972706341952505,99.3534207716419,99.43931852374784,-4.006579228358106,4.006579228358106,16.052677113110636,0.8559721015639071,0.0,600
e10382d6131f146cf24d90f099e55bf9b4dd84b3d27df2ce11fa3ac30ca72d31,c547344e180f5e55d555669d14d2d8e4a3f7341b3ac765067d0c2d5407a5814b,solid_fuels,minnesota,screen,monthly,linear,hicp_solid_fuels,False,ok,,0.3,0.5,2025-08-01,1,2025-09-01,99.41,0.3795158820699722,-1.336610136651343,0.5349870363764747,98.84627989533483,98.83885107887738,-0.5637201046651654,0.5637201046651654,0.31778035640370506,0.8553011842052277,0.0,600
e10382d6131f146cf24d90f099e55bf9b4dd84b3d27df2ce11fa3ac30ca72d31,c547344e180f5e55d555669d14d2d8e4a3f7341b3ac765067d0c2d5407a5814b,solid_fuels,minnesota,screen,monthly,linear,hicp_solid_fuels,False,ok,,0.3,0.5,2025-08-01,3,2025-11-01,101.86,2.55950914045374,-4.645295692863025,1.1826277481272405,98.72224710141606,98.75048372497577,-3.1377528985839405,3.1377528985839405,9.84549325257192,0.8553011842052277,0.0,600
e10382d6131f146cf24d90f099e55bf9b4dd84b3d27df2ce11fa3ac30ca72d31,c547344e180f5e55d555669d14d2d8e4a3f7341b3ac765067d0c2d5407a5814b,solid_fuels,minnesota,screen,monthly,linear,hicp_solid_fuels,False,ok,,0.3,0.5,2025-08-01,6,2026-02-01,105.06,5.3384308712644595,-5.121154539120535,2.5249414453056422,98.69239175673283,98.76128787711093,-6.367608243267171,6.367608243267171,40.54643473972402,0.8553011842052277,0.0,600
2b9db4e5bb6a4d76c24c08ec7e4666012ad6172cdf80365824fdac239bfd0c0d,c547344e180f5e55d555669d14d2d8e4a3f7341b3ac765067d0c2d5407a5814b,solid_fuels,minnesota,screen,monthly,linear,hicp_solid_fuels,False,ok,,0.3,0.5,2025-09-01,1,2025-10-01,100.4,0.6299021936355913,-2.3725967058264246,0.5132750660982329,99.55536578718333,99.53341210701068,-0.844634212816672,0.844634212816672,0.713406953460439,0.8533049710858016,0.0,600
2b9db4e5bb6a4d76c24c08ec7e4666012ad6172cdf80365824fdac239bfd0c0d,c547344e180f5e55d555669d14d2d8e4a3f7341b3ac765067d0c2d5407a5814b,solid_fuels,minnesota,screen,monthly,linear,hicp_solid_fuels,False,ok,,0.3,0.5,2025-09-01,3,2025-12-01,102.41,2.146259988910464,-4.970935647252404,1.4579089766761837,99.74657839613548,99.73159658042545,-2.6634216038645206,2.6634216038645206,7.093814639932256,0.8533049710858016,0.0,600
2b9db4e5bb6a4d76c24c08ec7e4666012ad6172cdf80365824fdac239bfd0c0d,c547344e180f5e55d555669d14d2d8e4a3f7341b3ac765067d0c2d5407a5814b,solid_fuels,minnesota,screen,monthly,linear,hicp_solid_fuels,False,ok,,0.3,0.5,2025-09-01,6,2026-03-01,105.92,5.133312126444444,-6.163110303444767,2.6483789035116034,99.66140989865724,99.74192526675864,-6.258590101342762,6.258590101342762,39.1699500566256,0.8533049710858016,0.0,600
1d002468c20ffa2e3d02035487d0e581720ed1d31b0893bc9952b7815eb27ca8,c547344e180f5e55d555669d14d2d8e4a3f7341b3ac765067d0c2d5407a5814b,solid_fuels,minnesota,screen,monthly,linear,hicp_solid_fuels,False,ok,,0.3,0.5,2025-10-01,1,2025-11-01,101.86,0.7915355553555223,-2.311105395994859,0.6722750923990496,100.74819252721413,100.79244716917667,-1.1118074727858698,1.1118074727858698,1.2361158565425026,0.8534275227121642,0.0,600
1d002468c20ffa2e3d02035487d0e581720ed1d31b0893bc9952b7815eb27ca8,c547344e180f5e55d555669d14d2d8e4a3f7341b3ac765067d0c2d5407a5814b,solid_fuels,minnesota,screen,monthly,linear,hicp_solid_fuels,False,ok,,0.3,0.5,2025-10-01,3,2026-01-01,103.36,1.454994293072022,-2.6693974613372147,2.350671577569146,101.17520699596835,101.17735305551594,-2.184793004031647,2.184793004031647,4.773320470465628,0.8534275227121642,0.0,600
1d002468c20ffa2e3d02035487d0e581720ed1d31b0893bc9952b7815eb27ca8,c547344e180f5e55d555669d14d2d8e4a3f7341b3ac765067d0c2d5407a5814b,solid_fuels,minnesota,screen,monthly,linear,hicp_solid_fuels,False,ok,,0.3,0.5,2025-10-01,6,2026-04-01,106.44,3.7445327211272925,-4.032008210588195,4.370613651440915,101.1356470999358,101.37948047937525,-5.3043529000642025,5.3043529000642025,28.136159688419514,0.8534275227121642,0.0,600
08e24868d3c8ae3477016f45da8ef2ea17fb6a0d0621d2d60a740f838fc2429a,c547344e180f5e55d555669d14d2d8e4a3f7341b3ac765067d0c2d5407a5814b,solid_fuels,minnesota,screen,monthly,linear,hicp_solid_fuels,False,ok,,0.3,0.5,2025-11-01,1,2025-12-01,102.41,0.1708800171438435,-0.5866656278327707,1.1489908990665667,102.3915396036261,102.47218180203402,-0.018460396373896515,0.018460396373896515,0.0003407862342813716,0.8532824925940781,0.0,600
08e24868d3c8ae3477016f45da8ef2ea17fb6a0d0621d2d60a740f838fc2429a,c547344e180f5e55d555669d14d2d8e4a3f7341b3ac765067d0c2d5407a5814b,solid_fuels,minnesota,screen,monthly,linear,hicp_solid_fuels,False,ok,,0.3,0.5,2025-11-01,3,2026-02-01,105.06,1.238341300041528,-2.098798230923959,2.5305932651168295,102.96126728026485,103.03531686030874,-2.0987327197351533,2.0987327197351533,4.404679028886913,0.8532824925940781,0.0,600
08e24868d3c8ae3477016f45da8ef2ea17fb6a0d0621d2d60a740f838fc2429a,c547344e180f5e55d555669d14d2d8e4a3f7341b3ac765067d0c2d5407a5814b,solid_fuels,minnesota,screen,monthly,linear,hicp_solid_fuels,False,ok,,0.3,0.5,2025-11-01,6,2026-05-01,106.38,1.952630825638873,-2.7243004375239313,4.310945829065273,103.15997751130844,103.15917528792387,-3.220022488691555,3.220022488691555,10.368544827679354,0.8532824925940781,0.0,600
42a4589e51c095f709627a462d61e206d20b26ae5cb5dbe6d16e2a5ee2d3772a,c547344e180f5e55d555669d14d2d8e4a3f7341b3ac765067d0c2d5407a5814b,solid_fuels,minnesota,screen,monthly,linear,hicp_solid_fuels,False,ok,,0.3,0.5,2025-12-01,1,2026-01-01,103.36,0.36368596266005687,-1.0657491030515516,0.9904990359307075,102.73791783679451,102.76637065337465,-0.6220821632054907,0.6220821632054907,0.3869862177784228,0.8528404476675109,0.0,600
42a4589e51c095f709627a462d61e206d20b26ae5cb5dbe6d16e2a5ee2d3772a,c547344e180f5e55d555669d14d2d8e4a3f7341b3ac765067d0c2d5407a5814b,solid_fuels,minnesota,screen,monthly,linear,hicp_solid_fuels,False,ok,,0.3,0.5,2025-12-01,3,2026-03-01,105.92,2.0324764232323016,-2.9975796424479038,2.7890563418092853,102.93125502654499,102.92194542490432,-2.988744973455013,2.988744973455013,8.932596516352607,0.8528404476675109,0.0,600
42a4589e51c095f709627a462d61e206d20b26ae5cb5dbe6d16e2a5ee2d3772a,c547344e180f5e55d555669d14d2d8e4a3f7341b3ac765067d0c2d5407a5814b,solid_fuels,minnesota,screen,monthly,linear,hicp_solid_fuels,False,ok,,0.3,0.5,2025-12-01,6,2026-06-01,106.43,1.983435646247016,-2.71222529687114,5.288095475325671,103.15103514296064,103.15357022090984,-3.2789648570393695,3.2789648570393695,10.751610533699212,0.8528404476675109,0.0,600
f79501123d2b8a2535ce6429d1900ba945b74a42baeb7f8139ad7c338cefe94d,2066febbeb50b7f5fb2fb33b2bdc9bdeb833001f27dbede18557cbc7a809419b,solid_fuels,minnesota,screen,monthly,linear,hicp_solid_fuels,False,ok,,0.3,0.75,2025-07-01,1,2025-08-01,98.99,0.1358200902453823,-0.12040259314486601,0.4455938316265573,99.18967732718265,99.19256657037235,0.19967732718265552,0.19967732718265552,0.03987103499080926,0.8643852347964375,0.0,600
f79501123d2b8a2535ce6429d1900ba945b74a42baeb7f8139ad7c338cefe94d,2066febbeb50b7f5fb2fb33b2bdc9bdeb833001f27dbede18557cbc7a809419b,solid_fuels,minnesota,screen,monthly,linear,hicp_solid_fuels,False,ok,,0.3,0.75,2025-07-01,3,2025-10-01,100.4,0.7727736722180761,-1.6689246914369855,1.1407999773096267,99.15971150779352,99.1870939133448,-1.2402884922064885,1.2402884922064885,1.5383155438998448,0.8643852347964375,0.0,600
f79501123d2b8a2535ce6429d1900ba945b74a42baeb7f8139ad7c338cefe94d,2066febbeb50b7f5fb2fb33b2bdc9bdeb833001f27dbede18557cbc7a809419b,solid_fuels,minnesota,screen,monthly,linear,hicp_solid_fuels,False,ok,,0.3,0.75,2025-07-01,6,2026-01-01,103.36,3.0392238557827223,-4.242721168941638,2.091319672445438,99.34206066847032,99.3561220689543,-4.017939331529675,4.017939331529675,16.14383647185313,0.8643852347964375,0.0,600
e41d6472ddc2822be419a484e395827120654f551118ed5c9f568e3816a9cd5b,2066febbeb50b7f5fb2fb33b2bdc9bdeb833001f27dbede18557cbc7a809419b,solid_fuels,minnesota,screen,monthly,linear,hicp_solid_fuels,False,ok,,0.3,0.75,2025-08-01,1,2025-09-01,99.41,0.38445201074540386,-1.1567983434006557,0.39792288664557385,98.84375678337713,98.86658733987801,-0.5662432166228655,0.5662432166228655,0.32063138037140937,0.8610225577847749,0.0,600
e41d6472ddc2822be419a484e395827120654f551118ed5c9f568e3816a9cd5b,2066febbeb50b7f5fb2fb33b2bdc9bdeb833001f27dbede18557cbc7a809419b,solid_fuels,minnesota,screen,monthly,linear,hicp_solid_fuels,False,ok,,0.3,0.75,2025-08-01,3,2025-11-01,101.86,2.5887372788530065,-4.9292462887360635,1.0815794433312609,98.73745391284861,98.73541757325708,-3.1225460871513917,3.1225460871513917,9.750294066384466,0.8610225577847749,0.0,600
e41d6472ddc2822be419a484e395827120654f551118ed5c9f568e3816a9cd5b,2066febbeb50b7f5fb2fb33b2bdc9bdeb833001f27dbede18557cbc7a809419b,solid_fuels,minnesota,screen,monthly,linear,hicp_solid_fuels,False,ok,,0.3,0.75,2025-08-01,6,2026-02-01,105.06,5.27275511344534,-5.658221632371374,1.9196576952910647,98.81679816781538,98.75578040978382,-6.243201832184624,6.243201832184624,38.97756911739345,0.8610225577847749,0.0,600
8ed615ee89900be584892c7f8c2c78f76517a751e8547da52c04ed6f074aa8b4,2066febbeb50b7f5fb2fb33b2bdc9bdeb833001f27dbede18557cbc7a809419b,solid_fuels,minnesota,screen,monthly,linear,hicp_solid_fuels,False,ok,,0.3,0.75,2025-09-01,1,2025-10-01,100.4,0.6597602901119106,-2.1286907264977155,0.9642690617402594,99.48342415725413,99.52315495053934,-0.9165758427458712,0.9165758427458712,0.8401112755053041,0.8609028091783,0.0,600
8ed615ee89900be584892c7f8c2c78f76517a751e8547da52c04ed6f074aa8b4,2066febbeb50b7f5fb2fb33b2bdc9bdeb833001f27dbede18557cbc7a809419b,solid_fuels,minnesota,screen,monthly,linear,hicp_solid_fuels,False,ok,,0.3,0.75,2025-09-01,3,2025-12-01,102.41,2.1926894868836673,-4.838016747096372,3.9866592988730143,99.35731348049495,99.69767050164349,-3.0526865195050448,3.0526865195050448,9.318894986367823,0.8609028091783,0.0,600
8ed615ee89900be584892c7f8c2c78f76517a751e8547da52c04ed6f074aa8b4,2066febbeb50b7f5fb2fb33b2bdc9bdeb833001f27dbede18557cbc7a809419b,solid_fuels,minnesota,screen,monthly,linear,hicp_solid_fuels,False,ok,,0.3,0.75,2025-09-01,6,2026-03-01,105.92,5.233953690845965,-9.32870381392286,5.74144706289734,99.19222230366898,99.72391624605763,-6.727777696331017,6.727777696331017,45.26299273124909,0.8609028091783,0.0,600
cade93126f8086305e53d138804a5d9f6e9718e2b0045af19cea99c893f2317f,2066febbeb50b7f5fb2fb33b2bdc9bdeb833001f27dbede18557cbc7a809419b,solid_fuels,minnesota,screen,monthly,linear,hicp_solid_fuels,False,ok,,0.3,0.75,2025-10-01,1,2025-11-01,101.86,0.7065210344618336,-2.1698464782452866,0.7362150024249359,100.843904681492,100.88191492701857,-1.0160953185079933,1.0160953185079933,1.0324496962938603,0.8599781684280023,0.0,600
cade93126f8086305e53d138804a5d9f6e9718e2b0045af19cea99c893f2317f,2066febbeb50b7f5fb2fb33b2bdc9bdeb833001f27dbede18557cbc7a809419b,solid_fuels,minnesota,screen,monthly,linear,hicp_solid_fuels,False,ok,,0.3,0.75,2025-10-01,3,2026-01-01,103.36,1.291967596762568,-2.4389277025987326,2.0190751369624573,101.42873214164132,101.46141703883498,-1.9312678583586802,1.9312678583586802,3.7297955407293233,0.8599781684280023,0.0,600
cade93126f8086305e53d138804a5d9f6e9718e2b0045af19cea99c893f2317f,2066febbeb50b7f5fb2fb33b2bdc9bdeb833001f27dbede18557cbc7a809419b,solid_fuels,minnesota,screen,monthly,linear,hicp_solid_fuels,False,ok,,0.3,0.75,2025-10-01,6,2026-04-01,106.44,3.590097768477403,-4.615422077081574,4.049305090405842,101.53226542097954,101.6288344150673,-4.907734579020456,4.907734579020456,24.085858698113093,0.8599781684280023,0.0,600
7a48e0c5d4ae6e37aa5335a2be95dacfa429e61bf9bc6ba83150bdf86cd8ea4f,2066febbeb50b7f5fb2fb33b2bdc9bdeb833001f27dbede18557cbc7a809419b,solid_fuels,minnesota,screen,monthly,linear,hicp_solid_fuels,False,ok,,0.3,0.75,2025-11-01,1,2025-12-01,102.41,0.17091144308611111,-0.5842301217353247,0.9148731941543153,102.50576055997385,102.46549353725854,0.09576055997385424,0.09576055997385424,0.009170084846506135,0.8596979884773969,0.0,600
7a48e0c5d4ae6e37aa5335a2be95dacfa429e61bf9bc6ba83150bdf86cd8ea4f,2066febbeb50b7f5fb2fb33b2bdc9bdeb833001f27dbede18557cbc7a809419b,solid_fuels,minnesota,screen,monthly,linear,hicp_solid_fuels,False,ok,,0.3,0.75,2025-11-01,3,2026-02-01,105.06,1.1360983266433944,-2.0619326811170566,2.2205073669878788,103.10166413200777,103.37173284136945,-1.9583358679922327,1.9583358679922327,3.8350793718648912,0.8596979884773969,0.0,600
7a48e0c5d4ae6e37aa5335a2be95dacfa429e61bf9bc6ba83150bdf86cd8ea4f,2066febbeb50b7f5fb2fb33b2bdc9bdeb833001f27dbede18557cbc7a809419b,solid_fuels,minnesota,screen,monthly,linear,hicp_solid_fuels,False,ok,,0.3,0.75,2025-11-01,6,2026-05-01,106.38,1.7662633295836043,-2.618382862544861,4.270276592383383,103.3132512022191,103.59184340428044,-3.066748797780889,3.066748797780889,9.404948188690527,0.8596979884773969,0.0,600
1ba8c39cc0a98c1515ba9e7ea6e5393ac8f53d0c9fb2554c5e63ab83e244a86f,2066febbeb50b7f5fb2fb33b2bdc9bdeb833001f27dbede18557cbc7a809419b,solid_fuels,minnesota,screen,monthly,linear,hicp_solid_fuels,False,ok,,0.3,0.75,2025-12-01,1,2026-01-01,103.36,0.3431611951620632,-1.0772127854050764,1.8085380239624267,102.67880608367874,102.78184576076048,-0.6811939163212628,0.6811939163212628,0.4640251516330996,0.859779792774524,0.0,600
1ba8c39cc0a98c1515ba9e7ea6e5393ac8f53d0c9fb2554c5e63ab83e244a86f,2066febbeb50b7f5fb2fb33b2bdc9bdeb833001f27dbede18557cbc7a809419b,solid_fuels,minnesota,screen,monthly,linear,hicp_solid_fuels,False,ok,,0.3,0.75,2025-12-01,3,2026-03-01,105.92,1.9201048134415777,-3.0920195755206543,3.1929010134874796,103.09207823991281,103.07142537064937,-2.827921760087193,2.827921760087193,7.997141481174648,0.859779792774524,0.0,600
1ba8c39cc0a98c1515ba9e7ea6e5393ac8f53d0c9fb2554c5e63ab83e244a86f,2066febbeb50b7f5fb2fb33b2bdc9bdeb833001f27dbede18557cbc7a809419b,solid_fuels,minnesota,screen,monthly,linear,hicp_solid_fuels,False,ok,,0.3,0.75,2025-12-01,6,2026-06-01,106.43,1.8727224409858563,-2.8084408652117814,5.343934748618671,103.19533409163228,103.29091110886424,-3.234665908367731,3.234665908367731,10.463063538756439,0.859779792774524,0.0,600
99052dc2a13165a4d16ada14a92a13ef091b9b90527b4eb594a9f1eed3fbce12,79b6d8937ac190e0a63a964dcf1244d6f651257bf51828098a67228662446409,solid_fuels,minnesota,screen,monthly,linear,hicp_solid_fuels,False,ok,,0.3,1.0,2025-07-01,1,2025-08-01,98.99,0.13861565120989,-0.19552543616955997,1.3209674734636838,99.28384810928593,99.17673464169974,0.29384810928593197,0.29384810928593197,0.08634671133091702,0.868322862828528,0.0,600
99052dc2a13165a4d16ada14a92a13ef091b9b90527b4eb594a9f1eed3fbce12,79b6d8937ac190e0a63a964dcf1244d6f651257bf51828098a67228662446409,solid_fuels,minnesota,screen,monthly,linear,hicp_solid_fuels,False,ok,,0.3,1.0,2025-07-01,3,2025-10-01,100.4,0.8569526156668841,-2.0607349023532695,2.1440554062648283,99.2183124008873,99.11400712564901,-1.1816875991127063,1.1816875991127063,1.396385581896752,0.868322862828528,0.0,600
99052dc2a13165a4d16ada14a92a13ef091b9b90527b4eb594a9f1eed3fbce12,79b6d8937ac190e0a63a964dcf1244d6f651257bf51828098a67228662446409,solid_fuels,minnesota,screen,monthly,linear,hicp_solid_fuels,False,ok,,0.3,1.0,2025-07-01,6,2026-01-01,103.36,3.025373630951985,-3.3720811535383683,3.3601703874689988,99.34305703233451,99.26879430617434,-4.016942967665486,4.016942967665486,16.135830805477198,0.868322862828528,0.0,600
f25fb3adb030198a8905c437ceca0a18a526b3900c2454a33cd9d26fadbf55b0,79b6d8937ac190e0a63a964dcf1244d6f651257bf51828098a67228662446409,solid_fuels,minnesota,screen,monthly,linear,hicp_solid_fuels,False,ok,,0.3,1.0,2025-08-01,1,2025-09-01,99.41,0.38261058969836764,-1.1522659763034024,0.41483849958234725,98.83160841132594,98.8400764277605,-0.5783915886740516,0.5783915886740516,0.3345368298488933,0.8679322488634819,0.0,600
f25fb3adb030198a8905c437ceca0a18a526b3900c2454a33cd9d26fadbf55b0,79b6d8937ac190e0a63a964dcf1244d6f651257bf51828098a67228662446409,solid_fuels,minnesota,screen,monthly,linear,hicp_solid_fuels,False,ok,,0.3,1.0,2025-08-01,3,2025-11-01,101.86,2.525423203704725,-3.838052130288471,1.1084506288746727,98.73961033487457,98.76263327257408,-3.1203896651254297,3.1203896651254297,9.736831662221592,0.8679322488634819,0.0,600
f25fb3adb030198a8905c437ceca0a18a526b3900c2454a33cd9d26fadbf55b0,79b6d8937ac190e0a63a964dcf1244d6f651257bf51828098a67228662446409,solid_fuels,minnesota,screen,monthly,linear,hicp_solid_fuels,False,ok,,0.3,1.0,2025-08-01,6,2026-02-01,105.06,5.325217713040555,-9.897388507652952,1.951442862227917,98.72684875059741,98.75005043563746,-6.33315124940259,6.33315124940259,40.108804747809586,0.8679322488634819,0.0,600
8f5b861741306aaa4305f752732719fc96402a0c7752d8c61de059bb255d4466,79b6d8937ac190e0a63a964dcf1244d6f651257bf51828098a67228662446409,solid_fuels,minnesota,screen,monthly,linear,hicp_solid_fuels,False,ok,,0.3,1.0,2025-09-01,1,2025-10-01,100.4,0.6684471569624887,-2.2532471575359394,0.9811107644148894,99.45942504081955,99.51016799788152,-0.9405749591804522,0.9405749591804522,0.8846812538373093,0.8659758117757564,0.0,600
8f5b861741306aaa4305f752732719fc96402a0c7752d8c61de059bb255d4466,79b6d8937ac190e0a63a964dcf1244d6f651257bf51828098a67228662446409,solid_fuels,minnesota,screen,monthly,linear,hicp_solid_fuels,False,ok,,0.3,1.0,2025-09-01,3,2025-12-01,102.41,2.2738677143928614,-4.2378981185651945,1.8691827534031409,99.46879288560767,99.61846787107157,-2.941207114392327,2.941207114392327,8.650699289752039,0.8659758117757564,0.0,600
8f5b861741306aaa4305f752732719fc96402a0c7752d8c61de059bb255d4466,79b6d8937ac190e0a63a964dcf1244d6f651257bf51828098a67228662446409,solid_fuels,minnesota,screen,monthly,linear,hicp_solid_fuels,False,ok,,0.3,1.0,2025-09-01,6,2026-03-01,105.92,5.282543319075956,-5.589294425491403,3.1534491977023476,99.31613290822708,99.67182066328272,-6.603867091772926,6.603867091772926,43.61106056580141,0.8659758117757564,0.0,600
244ccf9d5a55118da9f8c2f8044ad55877ea99eb5e8a78ff38d0f00c6a8c414c,79b6d8937ac190e0a63a964dcf1244d6f651257bf51828098a67228662446409,solid_fuels,minnesota,screen,monthly,linear,hicp_solid_fuels,False,ok,,0.3,1.0,2025-10-01,1,2025-11-01,101.86,0.6709037181518316,-1.7852979294104236,0.6515028263292961,100.88375028631015,100.91231819248338,-0.9762497136898531,0.9762497136898531,0.9530635034795202,0.8653747060567227,0.0,600
244ccf9d5a55118da9f8c2f8044ad55877ea99eb5e8a78ff38d0f00c6a8c414c,79b6d8937ac190e0a63a964dcf1244d6f651257bf51828098a67228662446409,solid_fuels,minnesota,screen,monthly,linear,hicp_solid_fuels,False,ok,,0.3,1.0,2025-10-01,3,2026-01-01,103.36,1.3738075351317778,-2.321960175746567,1.8256037194191623,101.17917784645908,101.20029006529043,-2.180822153540916,2.180822153540916,4.7559852653748385,0.8653747060567227,0.0,600
244ccf9d5a55118da9f8c2f8044ad55877ea99eb5e8a78ff38d0f00c6a8c414c,79b6d8937ac190e0a63a964dcf1244d6f651257bf51828098a67228662446409,solid_fuels,minnesota,screen,monthly,linear,hicp_solid_fuels,False,ok,,0.3,1.0,2025-10-01,6,2026-04-01,106.44,3.712310979309082,-4.028514838639249,2.970547970067105,101.28254491793705,101.39979610416883,-5.157455082062953,5.157455082062953,26.599342923496977,0.8653747060567227,0.0,600
2a0ee940c790281e5dd37c8dc250b05cd230b2bf0a421ac86926baf4c966c714,79b6d8937ac190e0a63a964dcf1244d6f651257bf51828098a67228662446409,solid_fuels,minnesota,screen,monthly,linear,hicp_solid_fuels,False,ok,,0.3,1.0,2025-11-01,1,2025-12-01,102.41,0.18064903732904797,-0.6724891801680917,1.0809237434861034,102.5449531804777,102.50558736690394,0.13495318047770866,0.13495318047770866,0.018212360921049005,0.8671160315238551,0.0,600
2a0ee940c790281e5dd37c8dc250b05cd230b2bf0a421ac86926baf4c966c714,79b6d8937ac190e0a63a964dcf1244d6f651257bf51828098a67228662446409,solid_fuels,minnesota,screen,monthly,linear,hicp_solid_fuels,False,ok,,0.3,1.0,2025-11-01,3,2026-02-01,105.06,1.1234235501988186,-1.985995926408941,2.3218566417411237,103.20293123190528,103.30352716776116,-1.8570687680947202,1.8570687680947202,3.4487044094328416,0.8671160315238551,0.0,600
2a0ee940c790281e5dd37c8dc250b05cd230b2bf0a421ac86926baf4c966c714,79b6d8937ac190e0a63a964dcf1244d6f651257bf51828098a67228662446409,solid_fuels,minnesota,screen,monthly,linear,hicp_solid_fuels,False,ok,,0.3,1.0,2025-11-01,6,2026-05-01,106.38,1.912943814109291,-2.7544937393159126,4.315842533518266,103.23484140346947,103.4360116085679,-3.1451585965305213,3.1451585965305213,9.892022597329838,0.8671160315238551,0.0,600
2e71fbc1ac813d213c8b1adfa1abd12e57c33c7a45bac6009c163fcca0fe0e40,79b6d8937ac190e0a63a964dcf1244d6f651257bf51828098a67228662446409,solid_fuels,minnesota,screen,monthly,linear,hicp_solid_fuels,False,ok,,0.3,1.0,2025-12-01,1,2026-01-01,103.36,0.3280961936995688,-1.0189610584118194,1.1007689895719603,102.84744444570586,102.80007309838436,-0.5125555542941385,0.5125555542941385,0.2627131962377715,0.8666732990970618,0.0,600
2e71fbc1ac813d213c8b1adfa1abd12e57c33c7a45bac6009c163fcca0fe0e40,79b6d8937ac190e0a63a964dcf1244d6f651257bf51828098a67228662446409,solid_fuels,minnesota,screen,monthly,linear,hicp_solid_fuels,False,ok,,0.3,1.0,2025-12-01,3,2026-03-01,105.92,1.9804207115484949,-3.2864661009131586,2.8727098774691915,102.99096439531765,103.00963924793072,-2.9290356046823547,2.9290356046823547,8.579249573496927,0.8666732990970618,0.0,600
2e71fbc1ac813d213c8b1adfa1abd12e57c33c7a45bac6009c163fcca0fe0e40,79b6d8937ac190e0a63a964dcf1244d6f651257bf51828098a67228662446409,solid_fuels,minnesota,screen,monthly,linear,hicp_solid_fuels,False,ok,,0.3,1.0,2025-12-01,6,2026-06-01,106.43,2.0561001767784344,-2.830513974053663,5.955723657888529,103.1425011830402,103.08081846517209,-3.287498816959811,3.287498816959811,10.807648471512158,0.8666732990970618,0.0,600
096307b91423a04f37fa38555c034598a75210297f30568a5ddf18b37de413ac,76f3c4c41f4f845ffff3f9303ab2d6570b5878f0b0ad318c8343636330022bfd,solid_fuels,minnesota,screen,monthly,linear,hicp_solid_fuels,False,ok,,0.4,0.25,2025-07-01,1,2025-08-01,98.99,0.1155609462790452,-0.003484275565994288,0.47521464068131253,99.14838693026253,99.15495807419646,0.15838693026253736,0.15838693026253736,0.025086419677989875,0.8605911744092973,0.0,600
096307b91423a04f37fa38555c034598a75210297f30568a5ddf18b37de413ac,76f3c4c41f4f845ffff3f9303ab2d6570b5878f0b0ad318c8343636330022bfd,solid_fuels,minnesota,screen,monthly,linear,hicp_solid_fuels,False,ok,,0.4,0.25,2025-07-01,3,2025-10-01,100.4,0.7580770341683779,-1.7851868732795362,1.1941612520373988,99.20898358849365,99.20510127027569,-1.1910164115063537,1.1910164115063537,1.4185200924774721,0.8605911744092973,0.0,600
096307b91423a04f37fa38555c034598a75210297f30568a5ddf18b37de413ac,76f3c4c41f4f845ffff3f9303ab2d6570b5878f0b0ad318c8343636330022bfd,solid_fuels,minnesota,screen,monthly,linear,hicp_solid_fuels,False,ok,,0.4,0.25,2025-07-01,6,2026-01-01,103.36,2.8766816648348894,-3.8069689024764757,3.6523015736944657,99.39493932140857,99.44552398090191,-3.9650606785914277,3.9650606785914277,15.721706184911913,0.8605911744092973,0.0,600
d800beb668aa003da7b3ab1ead70f44e948da72a529c3e5c653221737bcb596d,76f3c4c41f4f845ffff3f9303ab2d6570b5878f0b0ad318c8343636330022bfd,solid_fuels,minnesota,screen,monthly,linear,hicp_solid_fuels,False,ok,,0.4,0.25,2025-08-01,1,2025-09-01,99.41,0.3567405278037987,-1.007640105106514,0.5019312840031206,98.83543040036345,98.86754792737683,-0.574569599636547,0.574569599636547,0.3301302248265019,0.8615089933090114,0.0,600
d800beb668aa003da7b3ab1ead70f44e948da72a529c3e5c653221737bcb596d,76f3c4c41f4f845ffff3f9303ab2d6570b5878f0b0ad318c8343636330022bfd,solid_fuels,minnesota,screen,monthly,linear,hicp_solid_fuels,False,ok,,0.4,0.25,2025-08-01,3,2025-11-01,101.86,2.504659996708367,-4.9550412870361935,1.2279273416299807,98.74923460327386,98.79183688967304,-3.110765396726137,3.110765396726137,9.676861353468722,0.8615089933090114,0.0,600
d800beb668aa003da7b3ab1ead70f44e948da72a529c3e5c653221737bcb596d,76f3c4c41f4f845ffff3f9303ab2d6570b5878f0b0ad318c8343636330022bfd,solid_fuels,minnesota,screen,monthly,linear,hicp_solid_fuels,False,ok,,0.4,0.25,2025-08-01,6,2026-02-01,105.06,5.409208717151462,-6.073876299949814,1.8330087540773818,98.67811169642742,98.9093783459196,-6.38188830357258,6.38188830357258,40.72849831927651,0.8615089933090114,0.0,600
a86373bbdd411305ef88a9f417f2aa5f331f29debadb77213ae0636e50c9fcdb,76f3c4c41f4f845ffff3f9303ab2d6570b5878f0b0ad318c8343636330022bfd,solid_fuels,minnesota,screen,monthly,linear,hicp_solid_fuels,False,ok,,0.4,0.25,2025-09-01,1,2025-10-01,100.4,0.6135558504636385,-2.096088398500063,0.5921113732175235,99.54444943960276,99.55763197968396,-0.8555505603972478,0.8555505603972478,0.7319667613960447,0.8600126354216794,0.0,600
a86373bbdd411305ef88a9f417f2aa5f331f29debadb77213ae0636e50c9fcdb,76f3c4c41f4f845ffff3f9303ab2d6570b5878f0b0ad318c8343636330022bfd,solid_fuels,minnesota,screen,monthly,linear,hicp_solid_fuels,False,ok,,0.4,0.25,2025-09-01,3,2025-12-01,102.41,2.108019686145353,-4.3376589051939085,2.4835912332683114,99.74965786567505,99.77558543130147,-2.6603421343249494,2.6603421343249494,7.077420271664627,0.8600126354216794,0.0,600
a86373bbdd411305ef88a9f417f2aa5f331f29debadb77213ae0636e50c9fcdb,76f3c4c41f4f845ffff3f9303ab2d6570b5878f0b0ad318c8343636330022bfd,solid_fuels,minnesota,screen,monthly,linear,hicp_solid_fuels,False,ok,,0.4,0.25,2025-09-01,6,2026-03-01,105.92,5.06790107989683,-6.135054895455876,3.9178143186162036,99.71474769840316,99.82277068878375,-6.205252301596843,6.205252301596843,38.50515612647292,0.8600126354216794,0.0,600
0193d3b1d276f4e898ce8c858e41dc34d83dc4eacc73583804dad03da7767320,76f3c4c41f4f845ffff3f9303ab2d6570b5878f0b0ad318c8343636330022bfd,solid_fuels,minnesota,screen,monthly,linear,hicp_solid_fuels,False,ok,,0.4,0.25,2025-10-01,1,2025-11-01,101.86,0.7232376137551385,-2.2061548138470943,0.7046718638064876,100.82804806504004,100.86395818395616,-1.031951934959963,1.031951934959963,1.0649247960676118,0.8585573483977152,0.0,600
0193d3b1d276f4e898ce8c858e41dc34d83dc4eacc73583804dad03da7767320,76f3c4c41f4f845ffff3f9303ab2d6570b5878f0b0ad318c8343636330022bfd,solid_fuels,minnesota,screen,monthly,linear,hicp_solid_fuels,False,ok,,0.4,0.25,2025-10-01,3,2026-01-01,103.36,1.3179634046739892,-2.22752336208299,2.015297299644384,101.46280504531838,101.4539843253612,-1.8971949546816234,1.8971949546816234,3.599348696069407,0.8585573483977152,0.0,600
0193d3b1d276f4e898ce8c858e41dc34d83dc4eacc73583804dad03da7767320,76f3c4c41f4f845ffff3f9303ab2d6570b5878f0b0ad318c8343636330022bfd,solid_fuels,minnesota,screen,monthly,linear,hicp_solid_fuels,False,ok,,0.4,0.25,2025-10-01,6,2026-04-01,106.44,3.5980591682807628,-4.06358384207575,3.5299194172016013,101.81021471211604,101.62493545436142,-4.629785287883962,4.629785287883962,21.43491181190678,0.8585573483977152,0.0,600
f864823de0c3c7f7b81f70dea253e1fedb75baf97e17c64f0f74e3c20ee4de7d,76f3c4c41f4f845ffff3f9303ab2d6570b5878f0b0ad318c8343636330022bfd,solid_fuels,minnesota,screen,monthly,linear,hicp_solid_fuels,False,ok,,0.4,0.25,2025-11-01,1,2025-12-01,102.41,0.17275711715585884,-0.624611810320113,1.31929624640617,102.52145136305121,102.51399229791171,0.11145136305121639,0.11145136305121639,0.012421406325974042,0.861474473520053,0.0,600
f864823de0c3c7f7b81f70dea253e1fedb75baf97e17c64f0f74e3c20ee4de7d,76f3c4c41f4f845ffff3f9303ab2d6570b5878f0b0ad318c8343636330022bfd,solid_fuels,minnesota,screen,monthly,linear,hicp_solid_fuels,False,ok,,0.4,0.25,2025-11-01,3,2026-02-01,105.06,1.1485118390340494,-1.9649673274548487,2.721055365180221,103.1667272422097,103.14915995671362,-1.8932727577902995,1.8932727577902995,3.5844817353908858,0.861474473520053,0.0,600
f864823de0c3c7f7b81f70dea253e1fedb75baf97e17c64f0f74e3c20ee4de7d,76f3c4c41f4f845ffff3f9303ab2d6570b5878f0b0ad318c8343636330022bfd,solid_fuels,minnesota,screen,monthly,linear,hicp_solid_fuels,False,ok,,0.4,0.25,2025-11-01,6,2026-05-01,106.38,1.9094689927781165,-2.7759178198950267,4.310279378668822,103.3924186522393,103.25665717671663,-2.9875813477606954,2.9875813477606954,8.925642309487612,0.861474473520053,0.0,600
1d7b8513a06506f4dca7db879425be62f96f56dea74bb079c2aee7ed6b164480,76f3c4c41f4f845ffff3f9303ab2d6570b5878f0b0ad318c8343636330022bfd,solid_fuels,minnesota,screen,monthly,linear,hicp_solid_fuels,False,ok,,0.4,0.25,2025-12-01,1,2026-01-01,103.36,0.3436638539669663,-0.9882650828247801,0.8597281377721866,102.8266340081711,102.81672811025938,-0.5333659918289015,0.5333659918289015,0.28447928123962785,0.8583336261701711,0.0,600
1d7b8513a06506f4dca7db879425be62f96f56dea74bb079c2aee7ed6b164480,76f3c4c41f4f845ffff3f9303ab2d6570b5878f0b0ad318c8343636330022bfd,solid_fuels,minnesota,screen,monthly,linear,hicp_solid_fuels,False,ok,,0.4,0.25,2025-12-01,3,2026-03-01,105.92,1.8845223247815346,-3.2009738957217495,2.9793247318525715,103.42247295067988,103.2631678519762,-2.4975270493201265,2.4975270493201265,6.237641362085697,0.8583336261701711,0.0,600
1d7b8513a06506f4dca7db879425be62f96f56dea74bb079c2aee7ed6b164480,76f3c4c41f4f845ffff3f9303ab2d6570b5878f0b0ad318c8343636330022bfd,solid_fuels,minnesota,screen,monthly,linear,hicp_solid_fuels,False,ok,,0.4,0.25,2025-12-01,6,2026-06-01,106.43,1.7862895601539641,-2.7469496895294396,4.952803857940475,103.80064282029501,103.76164326189559,-2.6293571797049964,2.6293571797049964,6.9135191784662124,0.8583336261701711,0.0,600
efddaaeca337e5edac583c03e501291c3d8d571a131b64bbef7c089d01f91d54,171c8a10071e49e57f1ac99670ac29bab077435d88812cf047e49e4633e09802,solid_fuels,minnesota,screen,monthly,linear,hicp_solid_fuels,False,ok,,0.4,0.5,2025-07-01,1,2025-08-01,98.99,0.12553932977803042,-0.07503724858552907,0.4343040288470901,99.1790807415898,99.1760187699406,0.18908074158980526,0.18908074158980526,0.03575152684015071,0.8697111704301703,0.0,600
efddaaeca337e5edac583c03e501291c3d8d571a131b64bbef7c089d01f91d54,171c8a10071e49e57f1ac99670ac29bab077435d88812cf047e49e4633e09802,solid_fuels,minnesota,screen,monthly,linear,hicp_solid_fuels,False,ok,,0.4,0.5,2025-07-01,3,2025-10-01,100.4,0.7551552628064739,-1.6973885861849212,1.2563274471732329,99.14716760504938,99.25397428123304,-1.2528323949506301,1.2528323949506301,1.5695890098377316,0.8697111704301703,0.0,600
efddaaeca337e5edac583c03e501291c3d8d571a131b64bbef7c089d01f91d54,171c8a10071e49e57f1ac99670ac29bab077435d88812cf047e49e4633e09802,solid_fuels,minnesota,screen,monthly,linear,hicp_solid_fuels,False,ok,,0.4,0.5,2025-07-01,6,2026-01-01,103.36,3.0492335676024815,-3.7209729192531467,2.2301116870726694,99.22306029909466,99.33021366878259,-4.136939700905344,4.136939700905344,17.1142700889268,0.8697111704301703,0.0,600
dae1a7ff121898188ac0376a82656b02f85eaa9f8e14b26628e5a771b7becc93,171c8a10071e49e57f1ac99670ac29bab077435d88812cf047e49e4633e09802,solid_fuels,minnesota,screen,monthly,linear,hicp_solid_fuels,False,ok,,0.4,0.5,2025-08-01,1,2025-09-01,99.41,0.37130296223215986,-1.1330994220915134,0.6498488857220713,98.81021405420863,98.8705795429612,-0.5997859457913677,0.5997859457913677,0.3597431807688454,0.8686189330084336,0.0,600
dae1a7ff121898188ac0376a82656b02f85eaa9f8e14b26628e5a771b7becc93,171c8a10071e49e57f1ac99670ac29bab077435d88812cf047e49e4633e09802,solid_fuels,minnesota,screen,monthly,linear,hicp_solid_fuels,False,ok,,0.4,0.5,2025-08-01,3,2025-11-01,101.86,2.4881349941425075,-4.3727211396916355,1.3727327401349154,98.77748438124794,98.79277491879887,-3.082515618752055,3.082515618752055,9.501902539850363,0.8686189330084336,0.0,600
dae1a7ff121898188ac0376a82656b02f85eaa9f8e14b26628e5a771b7becc93,171c8a10071e49e57f1ac99670ac29bab077435d88812cf047e49e4633e09802,solid_fuels,minnesota,screen,monthly,linear,hicp_solid_fuels,False,ok,,0.4,0.5,2025-08-01,6,2026-02-01,105.06,5.1163852109150145,-4.816261695980652,2.6226091389046773,98.90913757689283,98.93991315829385,-6.150862423107171,6.150862423107171,37.83310854799181,0.8686189330084336,0.0,600
93b5f040629b759c5589d9a9c3247c065f52ffc1085e45d5d76aeec89193bec0,171c8a10071e49e57f1ac99670ac29bab077435d88812cf047e49e4633e09802,solid_fuels,minnesota,screen,monthly,linear,hicp_solid_fuels,False,ok,,0.4,0.5,2025-09-01,1,2025-10-01,100.4,0.637591523743402,-2.357591847352245,0.4928150779894693,99.54646481225245,99.54519441690256,-0.8535351877475534,0.8535351877475534,0.7285223167232513,0.8680827034644052,0.0,600
93b5f040629b759c5589d9a9c3247c065f52ffc1085e45d5d76aeec89193bec0,171c8a10071e49e57f1ac99670ac29bab077435d88812cf047e49e4633e09802,solid_fuels,minnesota,screen,monthly,linear,hicp_solid_fuels,False,ok,,0.4,0.5,2025-09-01,3,2025-12-01,102.41,2.1305807916047206,-4.15689273638732,1.4347974163738102,99.66996995683377,99.75811840262836,-2.740030043166229,2.740030043166229,7.507764637453525,0.8680827034644052,0.0,600
93b5f040629b759c5589d9a9c3247c065f52ffc1085e45d5d76aeec89193bec0,171c8a10071e49e57f1ac99670ac29bab077435d88812cf047e49e4633e09802,solid_fuels,minnesota,screen,monthly,linear,hicp_solid_fuels,False,ok,,0.4,0.5,2025-09-01,6,2026-03-01,105.92,5.09620839331647,-8.051257418398338,2.890976691025689,99.62058706071694,99.85475344221575,-6.299412939283059,6.299412939283059,39.682603379606824,0.8680827034644052,0.0,600
e76286f4c34a3d5f10d5c4f5717b902bc8fc1c42fc35b06b0f9beba55d4a2263,171c8a10071e49e57f1ac99670ac29bab077435d88812cf047e49e4633e09802,solid_fuels,minnesota,screen,monthly,linear,hicp_solid_fuels,False,ok,,0.4,0.5,2025-10-01,1,2025-11-01,101.86,0.7100844577911568,-1.9145041090572312,0.7819530521662644,100.88417239699857,100.86804067437235,-0.9758276030014343,0.9758276030014343,0.952239510779525,0.8674988715692085,0.0,600
e76286f4c34a3d5f10d5c4f5717b902bc8fc1c42fc35b06b0f9beba55d4a2263,171c8a10071e49e57f1ac99670ac29bab077435d88812cf047e49e4633e09802,solid_fuels,minnesota,screen,monthly,linear,hicp_solid_fuels,False,ok,,0.4,0.5,2025-10-01,3,2026-01-01,103.36,1.3369311917077282,-2.446549324959715,1.7275939168613934,101.39273378089027,101.30430384099107,-1.9672662191097317,1.9672662191097317,3.8701363768502985,0.8674988715692085,0.0,600
e76286f4c34a3d5f10d5c4f5717b902bc8fc1c42fc35b06b0f9beba55d4a2263,171c8a10071e49e57f1ac99670ac29bab077435d88812cf047e49e4633e09802,solid_fuels,minnesota,screen,monthly,linear,hicp_solid_fuels,False,ok,,0.4,0.5,2025-10-01,6,2026-04-01,106.44,3.484828472495533,-3.833712044483455,3.1617465094742765,101.5586388606062,101.54614105310546,-4.881361139393803,4.881361139393803,23.827686573183968,0.8674988715692085,0.0,600
94f5d17346ba73ce17a2df2c49ce4d741c6dc3879647485d563e915e84e3a3de,171c8a10071e49e57f1ac99670ac29bab077435d88812cf047e49e4633e09802,solid_fuels,minnesota,screen,monthly,linear,hicp_solid_fuels,False,ok,,0.4,0.5,2025-11-01,1,2025-12-01,102.41,0.17626361261705448,-0.6048501014585144,1.2715024795290453,102.46629496517095,102.47775474927619,0.056294965170948785,0.056294965170948785,0.0031691231035983368,0.8666276080749581,0.0,600
94f5d17346ba73ce17a2df2c49ce4d741c6dc3879647485d563e915e84e3a3de,171c8a10071e49e57f1ac99670ac29bab077435d88812cf047e49e4633e09802,solid_fuels,minnesota,screen,monthly,linear,hicp_solid_fuels,False,ok,,0.4,0.5,2025-11-01,3,2026-02-01,105.06,1.1560641139012697,-1.9677362596912698,2.5559408545053683,103.05022287300216,103.23456755593767,-2.0097771269978466,2.0097771269978466,4.039204100203719,0.8666276080749581,0.0,600
94f5d17346ba73ce17a2df2c49ce4d741c6dc3879647485d563e915e84e3a3de,171c8a10071e49e57f1ac99670ac29bab077435d88812cf047e49e4633e09802,solid_fuels,minnesota,screen,monthly,linear,hicp_solid_fuels,False,ok,,0.4,0.5,2025-11-01,6,2026-05-01,106.38,1.8112293078201205,-2.6322269320765637,4.557962442424382,103.16940649412939,103.57467369371435,-3.210593505870605,3.210593505870605,10.307910659938504,0.8666276080749581,0.0,600
b4e4e447ee3d9bbb30987d3f5fa3fe49baa7bfee48d91a95289deba134d4a613,171c8a10071e49e57f1ac99670ac29bab077435d88812cf047e49e4633e09802,solid_fuels,minnesota,screen,monthly,linear,hicp_solid_fuels,False,ok,,0.4,0.5,2025-12-01,1,2026-01-01,103.36,0.374137381910342,-0.9331982722966652,0.8591148009555883,102.73709677688721,102.73817861523159,-0.622903223112786,0.622903223112786,0.38800842536429725,0.8652870416041127,0.0,600
b4e4e447ee3d9bbb30987d3f5fa3fe49baa7bfee48d91a95289deba134d4a613,171c8a10071e49e57f1ac99670ac29bab077435d88812cf047e49e4633e09802,solid_fuels,minnesota,screen,monthly,linear,hicp_solid_fuels,False,ok,,0.4,0.5,2025-12-01,3,2026-03-01,105.92,2.0725866742741443,-3.2951822479026527,2.0284808585219922,103.03189221934844,102.98519820195307,-2.8881077806515663,2.8881077806515663,8.341166552660116,0.8652870416041127,0.0,600
b4e4e447ee3d9bbb30987d3f5fa3fe49baa7bfee48d91a95289deba134d4a613,171c8a10071e49e57f1ac99670ac29bab077435d88812cf047e49e4633e09802,solid_fuels,minnesota,screen,monthly,linear,hicp_solid_fuels,False,ok,,0.4,0.5,2025-12-01,6,2026-06-01,106.43,2.1093220188669326,-2.9914707016489337,4.249224361101051,103.33388183844343,103.2221490295565,-3.096118161556575,3.096118161556575,9.585947670320465,0.8652870416041127,0.0,600
b43fff461ba803961dd3150ca3466f4eb69678c861aa9fd343efb1ab2b11d48a,1f379afeb41b777188b3552d67b03a40c79a41ecc3aab710f6482acb2615f372,solid_fuels,minnesota,screen,monthly,linear,hicp_solid_fuels,False,ok,,0.4,0.75,2025-07-01,1,2025-08-01,98.99,0.15684342500152026,-0.24687846918988043,0.6065995285867567,99.22666814036181,99.25910637848199,0.2366681403618145,0.2366681403618145,0.05601180866231953,0.8760270169208457,0.0,600
b43fff461ba803961dd3150ca3466f4eb69678c861aa9fd343efb1ab2b11d48a,1f379afeb41b777188b3552d67b03a40c79a41ecc3aab710f6482acb2615f372,solid_fuels,minnesota,screen,monthly,linear,hicp_solid_fuels,False,ok,,0.4,0.75,2025-07-01,3,2025-10-01,100.4,0.782309267842057,-1.940740019829562,1.6093076795265326,99.17581479695802,99.21462335927569,-1.2241852030419835,1.2241852030419835,1.4986294113469425,0.8760270169208457,0.0,600
b43fff461ba803961dd3150ca3466f4eb69678c861aa9fd343efb1ab2b11d48a,1f379afeb41b777188b3552d67b03a40c79a41ecc3aab710f6482acb2615f372,solid_fuels,minnesota,screen,monthly,linear,hicp_solid_fuels,False,ok,,0.4,0.75,2025-07-01,6,2026-01-01,103.36,3.1094700313322234,-4.015688523132475,3.052076235810876,99.16019521676652,99.21858696373107,-4.199804783233475,4.199804783233475,17.638360217270776,0.8760270169208457,0.0,600
278870c55cbde16532191dda314fca6d316840969946ddbd9e9b0734d82f4586,1f379afeb41b777188b3552d67b03a40c79a41ecc3aab710f6482acb2615f372,solid_fuels,minnesota,screen,monthly,linear,hicp_solid_fuels,False,ok,,0.4,0.75,2025-08-01,1,2025-09-01,99.41,0.4052155235808472,-1.1491186796984882,0.3700302878937774,98.8224892655512,98.83565597290182,-0.5875107344487986,0.5875107344487986,0.3451688630925668,0.8770315395883878,0.0,600
278870c55cbde16532191dda314fca6d316840969946ddbd9e9b0734d82f4586,1f379afeb41b777188b3552d67b03a40c79a41ecc3aab710f6482acb2615f372,solid_fuels,minnesota,screen,monthly,linear,hicp_solid_fuels,False,ok,,0.4,0.75,2025-08-01,3,2025-11-01,101.86,2.6067219178889367,-4.76495660117069,1.000675782222033,98.72816070161112,98.76994086532225,-3.1318392983888828,3.1318392983888828,9.80841739093297,0.8770315395883878,0.0,600
278870c55cbde16532191dda314fca6d316840969946ddbd9e9b0734d82f4586,1f379afeb41b777188b3552d67b03a40c79a41ecc3aab710f6482acb2615f372,solid_fuels,minnesota,screen,monthly,linear,hicp_solid_fuels,False,ok,,0.4,0.75,2025-08-01,6,2026-02-01,105.06,5.337248193332023,-10.114320001325225,1.8079977783943284,98.78003354763794,98.73785500528939,-6.279966452362061,6.279966452362061,39.43797864279293,0.8770315395883878,0.0,600
40256b1973513b187482c14945938404c2dbaf6efcc94d49bd791cd212ba82d8,1f379afeb41b777188b3552d67b03a40c79a41ecc3aab710f6482acb2615f372,solid_fuels,minnesota,screen,monthly,linear,hicp_solid_fuels,False,ok,,0.4,0.75,2025-09-01,1,2025-10-01,100.4,0.6166198820649651,-2.1367056068692816,0.5908378937255557,99.56080160744713,99.54704760244904,-0.8391983925528734,0.8391983925528734,0.7042539420633267,0.8741429887850183,0.0,600
40256b1973513b187482c14945938404c2dbaf6efcc94d49bd791cd212ba82d8,1f379afeb41b777188b3552d67b03a40c79a41ecc3aab710f6482acb2615f372,solid_fuels,minnesota,screen,monthly,linear,hicp_solid_fuels,False,ok,,0.4,0.75,2025-09-01,3,2025-12-01,102.41,2.104429173685261,-3.61884052608944,1.2879950470264774,99.73627703594983,99.74038379214511,-2.673722964050171,2.673722964050171,7.148794488489232,0.8741429887850183,0.0,600
40256b1973513b187482c14945938404c2dbaf6efcc94d49bd791cd212ba82d8,1f379afeb41b777188b3552d67b03a40c79a41ecc3aab710f6482acb2615f372,solid_fuels,minnesota,screen,monthly,linear,hicp_solid_fuels,False,ok,,0.4,0.75,2025-09-01,6,2026-03-01,105.92,5.154570871445442,-7.977832135334941,2.4611789027137148,99.66067114786708,99.79943888619094,-6.259328852132924,6.259328852132924,39.17919767914367,0.8741429887850183,0.0,600
832ca6381ff8eb60bd3b3c0cb49574d837e8f5013b07b5c2608b53299fe57154,1f379afeb41b777188b3552d67b03a40c79a41ecc3aab710f6482acb2615f372,solid_fuels,minnesota,screen,monthly,linear,hicp_solid_fuels,False,ok,,0.4,0.75,2025-10-01,1,2025-11-01,101.86,0.697496311773329,-1.9362447801666223,0.7858801925524977,100.82675998602929,100.91154462849747,-1.0332400139707119,1.0332400139707119,1.0675849264701969,0.8735885460903523,0.0,600
832ca6381ff8eb60bd3b3c0cb49574d837e8f5013b07b5c2608b53299fe57154,1f379afeb41b777188b3552d67b03a40c79a41ecc3aab710f6482acb2615f372,solid_fuels,minnesota,screen,monthly,linear,hicp_solid_fuels,False,ok,,0.4,0.75,2025-10-01,3,2026-01-01,103.36,1.3142905607980877,-2.4583715556841303,2.3806080483309033,101.41437658239697,101.43310697827249,-1.9456234176030307,1.9456234176030307,3.785450483125297,0.8735885460903523,0.0,600
832ca6381ff8eb60bd3b3c0cb49574d837e8f5013b07b5c2608b53299fe57154,1f379afeb41b777188b3552d67b03a40c79a41ecc3aab710f6482acb2615f372,solid_fuels,minnesota,screen,monthly,linear,hicp_solid_fuels,False,ok,,0.4,0.75,2025-10-01,6,2026-04-01,106.44,3.62719001287927,-4.318502314733342,4.014422996119601,101.52240248874317,101.54410953459109,-4.9175975112568295,4.9175975112568295,24.182765282719362,0.8735885460903523,0.0,600
07fd86b86777c845542e7891e8c953429bec483fcb7816a01da53259bb0fab9e,1f379afeb41b777188b3552d67b03a40c79a41ecc3aab710f6482acb2615f372,solid_fuels,minnesota,screen,monthly,linear,hicp_solid_fuels,False,ok,,0.4,0.75,2025-11-01,1,2025-12-01,102.41,0.16610563067116707,-0.5708669200236587,0.906618490834893,102.46230789985454,102.45172879574874,0.052307899854540096,0.052307899854540096,0.002736116387192596,0.874048918866579,0.0,600
07fd86b86777c845542e7891e8c953429bec483fcb7816a01da53259bb0fab9e,1f379afeb41b777188b3552d67b03a40c79a41ecc3aab710f6482acb2615f372,solid_fuels,minnesota,screen,monthly,linear,hicp_solid_fuels,False,ok,,0.4,0.75,2025-11-01,3,2026-02-01,105.06,1.2089335738966076,-2.063546793129568,2.5627184282055193,102.9163124750352,103.17129238038052,-2.143687524964804,2.143687524964804,4.595396204689727,0.874048918866579,0.0,600
07fd86b86777c845542e7891e8c953429bec483fcb7816a01da53259bb0fab9e,1f379afeb41b777188b3552d67b03a40c79a41ecc3aab710f6482acb2615f372,solid_fuels,minnesota,screen,monthly,linear,hicp_solid_fuels,False,ok,,0.4,0.75,2025-11-01,6,2026-05-01,106.38,1.946497460324565,-2.6327744845416325,4.773747644549162,102.911403824585,103.39769559039945,-3.4685961754150014,3.4685961754150014,12.031159428103575,0.874048918866579,0.0,600
435c491eb796688eb5b4f8ee06fcdd25c0388f3d08f4af61c0ea9998c730e475,1f379afeb41b777188b3552d67b03a40c79a41ecc3aab710f6482acb2615f372,solid_fuels,minnesota,screen,monthly,linear,hicp_solid_fuels,False,ok,,0.4,0.75,2025-12-01,1,2026-01-01,103.36,0.34915435025014635,-1.0362894847720083,0.9271840889360569,102.82580509703422,102.80535987338331,-0.5341949029657798,0.5341949029657798,0.28536419435461885,0.8717109169619488,0.0,600
435c491eb796688eb5b4f8ee06fcdd25c0388f3d08f4af61c0ea9998c730e475,1f379afeb41b777188b3552d67b03a40c79a41ecc3aab710f6482acb2615f372,solid_fuels,minnesota,screen,monthly,linear,hicp_solid_fuels,False,ok,,0.4,0.75,2025-12-01,3,2026-03-01,105.92,2.127999362879288,-2.9330020757061197,2.435650619910041,102.99205951156614,102.83177240250718,-2.927940488433862,2.927940488433862,8.572835503810321,0.8717109169619488,0.0,600
435c491eb796688eb5b4f8ee06fcdd25c0388f3d08f4af61c0ea9998c730e475,1f379afeb41b777188b3552d67b03a40c79a41ecc3aab710f6482acb2615f372,solid_fuels,minnesota,screen,monthly,linear,hicp_solid_fuels,False,ok,,0.4,0.75,2025-12-01,6,2026-06-01,106.43,2.1569290934454335,-2.7769708432460143,3.8104523659066913,103.23182590912137,102.97563224597559,-3.198174090878638,3.198174090878638,10.2283175155674,0.8717109169619488,0.0,600
b1532cc14717dc1e221c162a56f3b7e16fee663e0bc072b884d0d8efe8c0e046,11998d1c92f3b3d27b6f88376e5af3bac7118886f9775ed3df851fabbe3bb403,solid_fuels,minnesota,screen,monthly,linear,hicp_solid_fuels,False,ok,,0.4,1.0,2025-07-01,1,2025-08-01,98.99,0.14622775067178534,-0.19360749859530735,0.6507807178532787,99.2062491244432,99.24100470682208,0.21624912444320898,0.21624912444320898,0.04676368382245449,0.8806431467043028,0.0,600
b1532cc14717dc1e221c162a56f3b7e16fee663e0bc072b884d0d8efe8c0e046,11998d1c92f3b3d27b6f88376e5af3bac7118886f9775ed3df851fabbe3bb403,solid_fuels,minnesota,screen,monthly,linear,hicp_solid_fuels,False,ok,,0.4,1.0,2025-07-01,3,2025-10-01,100.4,0.7676084539892405,-1.9127933476255654,2.087813596964537,99.30608964053111,99.21209153609547,-1.093910359468893,1.093910359468893,1.1966398745533628,0.8806431467043028,0.0,600
b1532cc14717dc1e221c162a56f3b7e16fee663e0bc072b884d0d8efe8c0e046,11998d1c92f3b3d27b6f88376e5af3bac7118886f9775ed3df851fabbe3bb403,solid_fuels,minnesota,screen,monthly,linear,hicp_solid_fuels,False,ok,,0.4,1.0,2025-07-01,6,2026-01-01,103.36,2.9757145946029055,-3.6045503809755206,3.406051750487566,99.38235672529845,99.25360893025359,-3.977643274701549,3.977643274701549,15.821646020778463,0.8806431467043028,0.0,600
5d9b74d80a6900c1f852c81c3df990b909914f16dea04a326c24dbd7ff891c23,11998d1c92f3b3d27b6f88376e5af3bac7118886f9775ed3df851fabbe3bb403,solid_fuels,minnesota,screen,monthly,linear,hicp_solid_fuels,False,ok,,0.4,1.0,2025-08-01,1,2025-09-01,99.41,0.4142108506370821,-1.151457739102253,0.49692935013264505,98.76757971906197,98.81330770645897,-0.6424202809380262,0.6424202809380262,0.41270381736049244,0.8801165803504443,0.0,600
5d9b74d80a6900c1f852c81c3df990b909914f16dea04a326c24dbd7ff891c23,11998d1c92f3b3d27b6f88376e5af3bac7118886f9775ed3df851fabbe3bb403,solid_fuels,minnesota,screen,monthly,linear,hicp_solid_fuels,False,ok,,0.4,1.0,2025-08-01,3,2025-11-01,101.86,2.566520581269377,-4.109125732550241,1.1071639223977,98.69491361657747,98.74848149800107,-3.1650863834225333,3.1650863834225333,10.017771814526732,0.8801165803504443,0.0,600
5d9b74d80a6900c1f852c81c3df990b909914f16dea04a326c24dbd7ff891c23,11998d1c92f3b3d27b6f88376e5af3bac7118886f9775ed3df851fabbe3bb403,solid_fuels,minnesota,screen,monthly,linear,hicp_solid_fuels,False,ok,,0.4,1.0,2025-08-01,6,2026-02-01,105.06,5.334240912881258,-10.316145939944917,2.025083813330285,98.76507487781774,98.73933795189123,-6.2949251221822635,6.2949251221822635,39.62608229388139,0.8801165803504443,0.0,600
a4ec2f4d5531d451f8cbb3d5f6f493dd063311fa941468b4c480488fd9f3ebc4,11998d1c92f3b3d27b6f88376e5af3bac7118886f9775ed3df851fabbe3bb403,solid_fuels,minnesota,screen,monthly,linear,hicp_solid_fuels,False,ok,,0.4,1.0,2025-09-01,1,2025-10-01,100.4,0.628395275908765,-2.3127995901692517,0.5141904762251315,99.53528137045393,99.55290997990409,-0.8647186295460756,0.8647186295460756,0.7477383082840431,0.8778859768850704,0.0,600
a4ec2f4d5531d451f8cbb3d5f6f493dd063311fa941468b4c480488fd9f3ebc4,11998d1c92f3b3d27b6f88376e5af3bac7118886f9775ed3df851fabbe3bb403,solid_fuels,minnesota,screen,monthly,linear,hicp_solid_fuels,False,ok,,0.4,1.0,2025-09-01,3,2025-12-01,102.41,2.179490606213672,-4.287821487610079,1.3165956374835008,99.58726831110135,99.74064378534644,-2.8227316888986422,2.8227316888986422,7.967814187512581,0.8778859768850704,0.0,600
a4ec2f4d5531d451f8cbb3d5f6f493dd063311fa941468b4c480488fd9f3ebc4,11998d1c92f3b3d27b6f88376e5af3bac7118886f9775ed3df851fabbe3bb403,solid_fuels,minnesota,screen,monthly,linear,hicp_solid_fuels,False,ok,,0.4,1.0,2025-09-01,6,2026-03-01,105.92,5.185689829953869,-5.798529320069215,2.4859803471808193,99.53159332937753,99.76116198501978,-6.388406670622473,6.388406670622473,40.81173978925371,0.8778859768850704,0.0,600
df5e8fff4192743a5e824a0f1775c74978f1d74f6c0ec33e8c63c76163bd3d97,11998d1c92f3b3d27b6f88376e5af3bac7118886f9775ed3df851fabbe3bb403,solid_fuels,minnesota,screen,monthly,linear,hicp_solid_fuels,False,ok,,0.4,1.0,2025-10-01,1,2025-11-01,101.86,0.6474804640121529,-1.929322462843909,1.3874132550118532,100.86674015224558,100.92123769590415,-0.9932598477544161,0.9932598477544161,0.9865651251611259,0.8778756182765394,0.0,600
df5e8fff4192743a5e824a0f1775c74978f1d74f6c0ec33e8c63c76163bd3d97,11998d1c92f3b3d27b6f88376e5af3bac7118886f9775ed3df851fabbe3bb403,solid_fuels,minnesota,screen,monthly,linear,hicp_solid_fuels,False,ok,,0.4,1.0,2025-10-01,3,2026-01-01,103.36,1.2730215195153036,-2.4106060894004626,2.4731799312780542,101.32608413974066,101.45932071249538,-2.0339158602593415,2.0339158602593415,4.136813726614497,0.8778756182765394,0.0,600
df5e8fff4192743a5e824a0f1775c74978f1d74f6c0ec33e8c63c76163bd3d97,11998d1c92f3b3d27b6f88376e5af3bac7118886f9775ed3df851fabbe3bb403,solid_fuels,minnesota,screen,monthly,linear,hicp_solid_fuels,False,ok,,0.4,1.0,2025-10-01,6,2026-04-01,106.44,3.5592866655864377,-3.9579871776027935,4.189743634870612,101.34602500453646,101.39757910745976,-5.09397499546354,5.09397499546354,25.948581254407774,0.8778756182765394,0.0,600
79ff668d51d97ba2a4165689e8daa8dcbe418f213a91b397a30654493fdd3742,11998d1c92f3b3d27b6f88376e5af3bac7118886f9775ed3df851fabbe3bb403,solid_fuels,minnesota,screen,monthly,linear,hicp_solid_fuels,False,ok,,0.4,1.0,2025-11-01,1,2025-12-01,102.41,0.16589002210000064,-0.5962871408568056,0.8713227457158484,102.46840606269326,102.51835027091286,0.058406062693265426,0.058406062693265426,0.0034112681593296513,0.8774777346629072,0.0,600
79ff668d51d97ba2a4165689e8daa8dcbe418f213a91b397a30654493fdd3742,11998d1c92f3b3d27b6f88376e5af3bac7118886f9775ed3df851fabbe3bb403,solid_fuels,minnesota,screen,monthly,linear,hicp_solid_fuels,False,ok,,0.4,1.0,2025-11-01,3,2026-02-01,105.06,1.23396731692309,-2.299435460738398,2.4942381870491035,103.09196795154404,103.16340981363805,-1.9680320484559672,1.9680320484559672,3.8731501437497906,0.8774777346629072,0.0,600
79ff668d51d97ba2a4165689e8daa8dcbe418f213a91b397a30654493fdd3742,11998d1c92f3b3d27b6f88376e5af3bac7118886f9775ed3df851fabbe3bb403,solid_fuels,minnesota,screen,monthly,linear,hicp_solid_fuels,False,ok,,0.4,1.0,2025-11-01,6,2026-05-01,106.38,2.0568134884848654,-3.1164738752629697,5.03054828125313,103.15755283703241,103.08708219650708,-3.2224471629675833,3.2224471629675833,10.384165718117826,0.8774777346629072,0.0,600
77526e1da4d0c8aae7cfc744e08fe1610d077ec3aced03f5c9048341bd9884f2,11998d1c92f3b3d27b6f88376e5af3bac7118886f9775ed3df851fabbe3bb403,solid_fuels,minnesota,screen,monthly,linear,hicp_solid_fuels,False,ok,,0.4,1.0,2025-12-01,1,2026-01-01,103.36,0.3378842915493254,-0.994518772067444,1.0890630013806186,102.8584653890896,102.81254131604614,-0.5015346109103973,0.5015346109103973,0.25153696594104363,0.8756226597250478,0.0,600
77526e1da4d0c8aae7cfc744e08fe1610d077ec3aced03f5c9048341bd9884f2,11998d1c92f3b3d27b6f88376e5af3bac7118886f9775ed3df851fabbe3bb403,solid_fuels,minnesota,screen,monthly,linear,hicp_solid_fuels,False,ok,,0.4,1.0,2025-12-01,3,2026-03-01,105.92,1.9835674868074138,-3.1059723382255044,2.6045993881413185,103.15086906829313,103.0625208633571,-2.7691309317068686,2.7691309317068686,7.668086116935751,0.8756226597250478,0.0,600
77526e1da4d0c8aae7cfc744e08fe1610d077ec3aced03f5c9048341bd9884f2,11998d1c92f3b3d27b6f88376e5af3bac7118886f9775ed3df851fabbe3bb403,solid_fuels,minnesota,screen,monthly,linear,hicp_solid_fuels,False,ok,,0.4,1.0,2025-12-01,6,2026-06-01,106.43,2.107221432574084,-2.764404141334216,4.234234752935762,103.23523888025086,103.0553000044755,-3.1947611197491455,3.1947611197491455,10.206498612260814,0.8756226597250478,0.0,600
08b02d844c304473a2fd8a3bbd82369d136e04166c3baf213559d1f401c09c9e,f19c68f1833a3838f2534c6f5473673b10bedbcc99f3bb2afdd617342eed154c,solid_fuels,minnesota,screen,monthly,linear,hicp_solid_fuels,False,ok,,0.6,0.25,2025-07-01,1,2025-08-01,98.99,0.11976498371668465,-0.09167344228583829,0.49031105967203525,99.13555177542054,99.1506862824113,0.1455517754205431,0.1455517754205431,0.021185319328072213,0.8776518251224055,0.0,600
08b02d844c304473a2fd8a3bbd82369d136e04166c3baf213559d1f401c09c9e,f19c68f1833a3838f2534c6f5473673b10bedbcc99f3bb2afdd617342eed154c,solid_fuels,minnesota,screen,monthly,linear,hicp_solid_fuels,False,ok,,0.6,0.25,2025-07-01,3,2025-10-01,100.4,0.7536511206632224,-1.7723625824320597,1.2268466194898724,99.20774276860837,99.19368264518226,-1.1922572313916362,1.1922572313916362,1.4214773058056496,0.8776518251224055,0.0,600
08b02d844c304473a2fd8a3bbd82369d136e04166c3baf213559d1f401c09c9e,f19c68f1833a3838f2534c6f5473673b10bedbcc99f3bb2afdd617342eed154c,solid_fuels,minnesota,screen,monthly,linear,hicp_solid_fuels,False,ok,,0.6,0.25,2025-07-01,6,2026-01-01,103.36,2.887725055393898,-3.16592492321825,2.4002014635653115,99.42888684014893,99.43726267401584,-3.9311131598510656,3.9311131598510656,15.453650675554229,0.8776518251224055,0.0,600
a7a962b7b5fac5a2b0a269a4af2d08ed5a4beebb986d426ec9006315e2b3051f,f19c68f1833a3838f2534c6f5473673b10bedbcc99f3bb2afdd617342eed154c,solid_fuels,minnesota,screen,monthly,linear,hicp_solid_fuels,False,ok,,0.6,0.25,2025-08-01,1,2025-09-01,99.41,0.36437717516542384,-1.28716070795487,0.6543191960560389,98.84530894128888,98.86105221579278,-0.5646910587111194,0.5646910587111194,0.31887599178828485,0.8772155995016623,0.0,600
a7a962b7b5fac5a2b0a269a4af2d08ed5a4beebb986d426ec9006315e2b3051f,f19c68f1833a3838f2534c6f5473673b10bedbcc99f3bb2afdd617342eed154c,solid_fuels,minnesota,screen,monthly,linear,hicp_solid_fuels,False,ok,,0.6,0.25,2025-08-01,3,2025-11-01,101.86,2.44124776379304,-4.2872628462909335,1.2477719592722367,98.85061574390033,98.86796066164692,-3.009384256099665,3.009384256099665,9.056393600860533,0.8772155995016623,0.0,600
a7a962b7b5fac5a2b0a269a4af2d08ed5a4beebb986d426ec9006315e2b3051f,f19c68f1833a3838f2534c6f5473673b10bedbcc99f3bb2afdd617342eed154c,solid_fuels,minnesota,screen,monthly,linear,hicp_solid_fuels,False,ok,,0.6,0.25,2025-08-01,6,2026-02-01,105.06,5.317630577654052,-6.060161108870489,2.113262871962798,98.7974316454502,98.88846894555532,-6.262568354549799,6.262568354549799,39.21976239540858,0.8772155995016623,0.0,600
02657638e9e97d911756e215ba667e40b0576ce5ac4dc1d5748c9109a27e155b,f19c68f1833a3838f2534c6f5473673b10bedbcc99f3bb2afdd617342eed154c,solid_fuels,minnesota,screen,monthly,linear,hicp_solid_fuels,False,ok,,0.6,0.25,2025-09-01,1,2025-10-01,100.4,0.6260317601881698,-2.215528241500119,0.7529983108180963,99.50473408126433,99.55792545060436,-0.8952659187356744,0.8952659187356744,0.8015010652496312,0.8770135922342898,0.0,600
02657638e9e97d911756e215ba667e40b0576ce5ac4dc1d5748c9109a27e155b,f19c68f1833a3838f2534c6f5473673b10bedbcc99f3bb2afdd617342eed154c,solid_fuels,minnesota,screen,monthly,linear,hicp_solid_fuels,False,ok,,0.6,0.25,2025-09-01,3,2025-12-01,102.41,2.0777156949430013,-4.035205900631894,1.4084598703912832,99.69909804436227,99.85051955592911,-2.7109019556377234,2.7109019556377234,7.348989413080433,0.8770135922342898,0.0,600
02657638e9e97d911756e215ba667e40b0576ce5ac4dc1d5748c9109a27e155b,f19c68f1833a3838f2534c6f5473673b10bedbcc99f3bb2afdd617342eed154c,solid_fuels,minnesota,screen,monthly,linear,hicp_solid_fuels,False,ok,,0.6,0.25,2025-09-01,6,2026-03-01,105.92,5.005200624523582,-6.129160409494127,2.5162203694357097,99.80363116009424,99.91162605185153,-6.1163688399057605,6.1163688399057605,37.40996778577014,0.8770135922342898,0.0,600
e9413ec5ff8e415d0421fa8033eeb62bca2fb5bdde21823af27f1bd95824b7e3,f19c68f1833a3838f2534c6f5473673b10bedbcc99f3bb2afdd617342eed154c,solid_fuels,minnesota,screen,monthly,linear,hicp_solid_fuels,False,ok,,0.6,0.25,2025-10-01,1,2025-11-01,101.86,0.7302917882848117,-2.414225790442711,0.6466519323941,100.83921991313244,100.84073385638935,-1.0207800868675605,1.0207800868675605,1.0419919857453444,0.8752181713140683,0.0,600
e9413ec5ff8e415d0421fa8033eeb62bca2fb5bdde21823af27f1bd95824b7e3,f19c68f1833a3838f2534c6f5473673b10bedbcc99f3bb2afdd617342eed154c,solid_fuels,minnesota,screen,monthly,linear,hicp_solid_fuels,False,ok,,0.6,0.25,2025-10-01,3,2026-01-01,103.36,1.3447370075533973,-2.420314889283028,2.142189422965969,101.45090288073892,101.40829905279384,-1.9090971192610766,1.9090971192610766,3.6446518107709416,0.8752181713140683,0.0,600
e9413ec5ff8e415d0421fa8033eeb62bca2fb5bdde21823af27f1bd95824b7e3,f19c68f1833a3838f2534c6f5473673b10bedbcc99f3bb2afdd617342eed154c,solid_fuels,minnesota,screen,monthly,linear,hicp_solid_fuels,False,ok,,0.6,0.25,2025-10-01,6,2026-04-01,106.44,3.776600961550235,-4.304734029501427,4.76512051764574,101.6226760626135,101.5176764610311,-4.817323937386504,4.817323937386504,23.206609917717014,0.8752181713140683,0.0,600
e9e91d417f01400d5cdddd8af862dd515b9cd3d61763f29ca4f23b5d788955aa,f19c68f1833a3838f2534c6f5473673b10bedbcc99f3bb2afdd617342eed154c,solid_fuels,minnesota,screen,monthly,linear,hicp_solid_fuels,False,ok,,0.6,0.25,2025-11-01,1,2025-12-01,102.41,0.17803641194111752,-0.6816263395629463,0.850046242046898,102.50444151208593,102.55566158533492,0.0944415120859361,0.0944415120859361,0.008919199205078015,0.8766211991868762,0.0,600
e9e91d417f01400d5cdddd8af862dd515b9cd3d61763f29ca4f23b5d788955aa,f19c68f1833a3838f2534c6f5473673b10bedbcc99f3bb2afdd617342eed154c,solid_fuels,minnesota,screen,monthly,linear,hicp_solid_fuels,False,ok,,0.6,0.25,2025-11-01,3,2026-02-01,105.06,1.0449627160396697,-1.959287457510484,2.382630173877724,103.2138531637956,103.32876686828251,-1.8461468362043973,1.8461468362043973,3.408258140827506,0.8766211991868762,0.0,600
e9e91d417f01400d5cdddd8af862dd515b9cd3d61763f29ca4f23b5d788955aa,f19c68f1833a3838f2534c6f5473673b10bedbcc99f3bb2afdd617342eed154c,solid_fuels,minnesota,screen,monthly,linear,hicp_solid_fuels,False,ok,,0.6,0.25,2025-11-01,6,2026-05-01,106.38,1.6723594617666406,-2.65656051352039,3.859659994369914,103.51462632190895,103.67478647726166,-2.8653736780910464,2.8653736780910464,8.210366315097012,0.8766211991868762,0.0,600
f2e1531da48c98a7ae4c2350513caab78fde977811cf6a21409f45b8344f4522,f19c68f1833a3838f2534c6f5473673b10bedbcc99f3bb2afdd617342eed154c,solid_fuels,minnesota,screen,monthly,linear,hicp_solid_fuels,False,ok,,0.6,0.25,2025-12-01,1,2026-01-01,103.36,0.3355742343315534,-1.0378226990285553,0.719730633256698,102.84200810520599,102.7771058055514,-0.5179918947940081,0.5179918947940081,0.26831560307228675,0.8740516813252083,0.0,600
f2e1531da48c98a7ae4c2350513caab78fde977811cf6a21409f45b8344f4522,f19c68f1833a3838f2534c6f5473673b10bedbcc99f3bb2afdd617342eed154c,solid_fuels,minnesota,screen,monthly,linear,hicp_solid_fuels,False,ok,,0.6,0.25,2025-12-01,3,2026-03-01,105.92,1.9760375164445754,-3.1285144229933692,2.9873830496773803,103.04972824672546,102.98132936526214,-2.8702717532745368,2.8702717532745368,8.238459937645683,0.8740516813252083,0.0,600
f2e1531da48c98a7ae4c2350513caab78fde977811cf6a21409f45b8344f4522,f19c68f1833a3838f2534c6f5473673b10bedbcc99f3bb2afdd617342eed154c,solid_fuels,minnesota,screen,monthly,linear,hicp_solid_fuels,False,ok,,0.6,0.25,2025-12-01,6,2026-06-01,106.43,1.9826580351724785,-2.7873872812088942,5.308358731948914,103.16674657525306,103.38640487574305,-3.2632534247469493,3.2632534247469493,10.648822914122693,0.8740516813252083,0.0,600
93726480077eaa45e93b384fcebb973adbcd058a6edead30bcbf17c9dc948e15,16afb08d0d80a852fd4db3e793eee5b4571c7665a9717ca9818469ace67f5413,solid_fuels,minnesota,screen,monthly,linear,hicp_solid_fuels,False,ok,,0.6,0.5,2025-07-01,1,2025-08-01,98.99,0.14293657950244404,-0.2271912944192458,0.7750459258033714,99.21279132107634,99.21799226957297,0.22279132107634325,0.22279132107634325,0.049635972746942265,0.8881531512547075,0.0,600
93726480077eaa45e93b384fcebb973adbcd058a6edead30bcbf17c9dc948e15,16afb08d0d80a852fd4db3e793eee5b4571c7665a9717ca9818469ace67f5413,solid_fuels,minnesota,screen,monthly,linear,hicp_solid_fuels,False,ok,,0.6,0.5,2025-07-01,3,2025-10-01,100.4,0.7785111101656834,-1.8964736161978588,1.6740812964037395,99.25012872737757,99.18706365412021,-1.149871272622434,1.149871272622434,1.322203943602336,0.8881531512547075,0.0,600
93726480077eaa45e93b384fcebb973adbcd058a6edead30bcbf17c9dc948e15,16afb08d0d80a852fd4db3e793eee5b4571c7665a9717ca9818469ace67f5413,solid_fuels,minnesota,screen,monthly,linear,hicp_solid_fuels,False,ok,,0.6,0.5,2025-07-01,6,2026-01-01,103.36,2.87436132305887,-3.5317985817074313,2.6794381980026523,99.55829447719132,99.41998798817639,-3.8017055228086747,3.8017055228086747,14.452964882153978,0.8881531512547075,0.0,600
a1d70cbe1f4d6f178e4d6c82a8e79858ec07f348c83b0ccb699ac4e367d3f199,16afb08d0d80a852fd4db3e793eee5b4571c7665a9717ca9818469ace67f5413,solid_fuels,minnesota,screen,monthly,linear,hicp_solid_fuels,False,ok,,0.6,0.5,2025-08-01,1,2025-09-01,99.41,0.3928642849855396,-1.094448948863425,0.902699267404006,98.83547930391865,98.81711190651376,-0.5745206960813505,0.5745206960813505,0.3300740302257995,0.8860003354345373,0.0,600
a1d70cbe1f4d6f178e4d6c82a8e79858ec07f348c83b0ccb699ac4e367d3f199,16afb08d0d80a852fd4db3e793eee5b4571c7665a9717ca9818469ace67f5413,solid_fuels,minnesota,screen,monthly,linear,hicp_solid_fuels,False,ok,,0.6,0.5,2025-08-01,3,2025-11-01,101.86,2.545011280872832,-6.997894574759712,1.758665843540409,98.80379067727064,98.7880028082578,-3.0562093227293587,3.0562093227293587,9.340415424337845,0.8860003354345373,0.0,600
a1d70cbe1f4d6f178e4d6c82a8e79858ec07f348c83b0ccb699ac4e367d3f199,16afb08d0d80a852fd4db3e793eee5b4571c7665a9717ca9818469ace67f5413,solid_fuels,minnesota,screen,monthly,linear,hicp_solid_fuels,False,ok,,0.6,0.5,2025-08-01,6,2026-02-01,105.06,5.130721490572586,-5.489066626607871,3.224997267295069,98.96920631357861,98.88339543857681,-6.090793686421392,6.090793686421392,37.09776773055069,0.8860003354345373,0.0,600
fbb48c96470f029361bdc274839905ab1eca49d2d647c01779d65ac10518e899,16afb08d0d80a852fd4db3e793eee5b4571c7665a9717ca9818469ace67f5413,solid_fuels,minnesota,screen,monthly,linear,hicp_solid_fuels,False,ok,,0.6,0.5,2025-09-01,1,2025-10-01,100.4,0.6436018677950499,-2.2290800929819268,0.5196868968750139,99.52545490508756,99.54168231816112,-0.8745450949124489,0.8745450949124489,0.7648291230354243,0.8848525075885478,0.0,600
fbb48c96470f029361bdc274839905ab1eca49d2d647c01779d65ac10518e899,16afb08d0d80a852fd4db3e793eee5b4571c7665a9717ca9818469ace67f5413,solid_fuels,minnesota,screen,monthly,linear,hicp_solid_fuels,False,ok,,0.6,0.5,2025-09-01,3,2025-12-01,102.41,2.121741529716524,-4.158109113284906,1.9619073728082685,99.79663817534349,99.74686373935123,-2.613361824656508,2.613361824656508,6.829660026571991,0.8848525075885478,0.0,600
fbb48c96470f029361bdc274839905ab1eca49d2d647c01779d65ac10518e899,16afb08d0d80a852fd4db3e793eee5b4571c7665a9717ca9818469ace67f5413,solid_fuels,minnesota,screen,monthly,linear,hicp_solid_fuels,False,ok,,0.6,0.5,2025-09-01,6,2026-03-01,105.92,5.26615763733063,-8.413428628445915,3.309948468568235,99.71493242237163,99.72192844009668,-6.20506757762837,6.20506757762837,38.502863642934805,0.8848525075885478,0.0,600
2a98000e29f36590d0fd267afff3e84aab51336d94db66fb6f4170341b6d222f,16afb08d0d80a852fd4db3e793eee5b4571c7665a9717ca9818469ace67f5413,solid_fuels,minnesota,screen,monthly,linear,hicp_solid_fuels,False,ok,,0.6,0.5,2025-10-01,1,2025-11-01,101.86,0.6591099529687543,-1.9872422942916037,0.9045342424714538,100.90620899701366,100.92952808518238,-0.9537910029863355,0.9537910029863355,0.9097172773776798,0.882987404249826,0.0,600
2a98000e29f36590d0fd267afff3e84aab51336d94db66fb6f4170341b6d222f,16afb08d0d80a852fd4db3e793eee5b4571c7665a9717ca9818469ace67f5413,solid_fuels,minnesota,screen,monthly,linear,hicp_solid_fuels,False,ok,,0.6,0.5,2025-10-01,3,2026-01-01,103.36,1.3172408807446576,-2.5751704435155482,2.2171767049269393,101.42477582399975,101.39786146354086,-1.935224176000247,1.935224176000247,3.7450926113758354,0.882987404249826,0.0,600
2a98000e29f36590d0fd267afff3e84aab51336d94db66fb6f4170341b6d222f,16afb08d0d80a852fd4db3e793eee5b4571c7665a9717ca9818469ace67f5413,solid_fuels,minnesota,screen,monthly,linear,hicp_solid_fuels,False,ok,,0.6,0.5,2025-10-01,6,2026-04-01,106.44,3.559801125242034,-4.105756383021431,4.887237048079884,101.3420013278247,101.68844107079298,-5.097998672175294,5.097998672175294,25.989590461501056,0.882987404249826,0.0,600
deb4ec77f624ecef5908abe76eab22d99f20b9f33e6ea8ac1408a61113a4695d,16afb08d0d80a852fd4db3e793eee5b4571c7665a9717ca9818469ace67f5413,solid_fuels,minnesota,screen,monthly,linear,hicp_solid_fuels,False,ok,,0.6,0.5,2025-11-01,1,2025-12-01,102.41,0.1670822065448701,-0.5866934090806266,0.7753054925914994,102.54112478570923,102.51671039984495,0.13112478570923258,0.13112478570923258,0.017193709427292165,0.88622350806755,0.0,600
deb4ec77f624ecef5908abe76eab22d99f20b9f33e6ea8ac1408a61113a4695d,16afb08d0d80a852fd4db3e793eee5b4571c7665a9717ca9818469ace67f5413,solid_fuels,minnesota,screen,monthly,linear,hicp_solid_fuels,False,ok,,0.6,0.5,2025-11-01,3,2026-02-01,105.06,1.1804875573986815,-2.194304797883837,2.7943493434288946,103.02663222315672,103.14759612060419,-2.033367776843278,2.033367776843278,4.134584515904574,0.88622350806755,0.0,600
deb4ec77f624ecef5908abe76eab22d99f20b9f33e6ea8ac1408a61113a4695d,16afb08d0d80a852fd4db3e793eee5b4571c7665a9717ca9818469ace67f5413,solid_fuels,minnesota,screen,monthly,linear,hicp_solid_fuels,False,ok,,0.6,0.5,2025-11-01,6,2026-05-01,106.38,1.9680152577543062,-2.9085983091370045,4.773456373392959,103.06211699893919,103.31225816896597,-3.3178830010608067,3.3178830010608067,11.008347608728265,0.88622350806755,0.0,600
f086849cc207b4a6156f8e2b08eb0d40008894ac0150c8c541de609b8946c01f,16afb08d0d80a852fd4db3e793eee5b4571c7665a9717ca9818469ace67f5413,solid_fuels,minnesota,screen,monthly,linear,hicp_solid_fuels,False,ok,,0.6,0.5,2025-12-01,1,2026-01-01,103.36,0.3702093434380189,-1.0461709632150438,0.9067636887130607,102.73195375656914,102.75124499062704,-0.6280462434308589,0.6280462434308589,0.3944420838876137,0.8816831930624471,0.0,600
f086849cc207b4a6156f8e2b08eb0d40008894ac0150c8c541de609b8946c01f,16afb08d0d80a852fd4db3e793eee5b4571c7665a9717ca9818469ace67f5413,solid_fuels,minnesota,screen,monthly,linear,hicp_solid_fuels,False,ok,,0.6,0.5,2025-12-01,3,2026-03-01,105.92,2.169689119912091,-3.204551269521691,2.6199288991274154,102.94332561887558,102.81648442388607,-2.9766743811244254,2.9766743811244254,8.86059037124248,0.8816831930624471,0.0,600
f086849cc207b4a6156f8e2b08eb0d40008894ac0150c8c541de609b8946c01f,16afb08d0d80a852fd4db3e793eee5b4571c7665a9717ca9818469ace67f5413,solid_fuels,minnesota,screen,monthly,linear,hicp_solid_fuels,False,ok,,0.6,0.5,2025-12-01,6,2026-06-01,106.43,2.3571343384293497,-3.0588802799900323,4.422499952302609,102.98240718766328,102.89137215417111,-3.4475928123367225,3.4475928123367225,11.885896199675832,0.8816831930624471,0.0,600
d3e1de676048f4c2f09bd48ebdc2c67386a07b85d07d0b69b30f42b4b3fe1ae9,90a64a244430029473a9447673ea534a2a718f0a1d3ee463db92930032e500f1,solid_fuels,minnesota,screen,monthly,linear,hicp_solid_fuels,False,ok,,0.6,0.75,2025-07-01,1,2025-08-01,98.99,0.15926938901335613,-0.2372547477578788,0.9175207563904596,99.29180405986546,99.22343525117986,0.30180405986546077,0.30180405986546077,0.09108569055127463,0.8930464838055471,0.0,600
d3e1de676048f4c2f09bd48ebdc2c67386a07b85d07d0b69b30f42b4b3fe1ae9,90a64a244430029473a9447673ea534a2a718f0a1d3ee463db92930032e500f1,solid_fuels,minnesota,screen,monthly,linear,hicp_solid_fuels,False,ok,,0.6,0.75,2025-07-01,3,2025-10-01,100.4,0.7658865893044077,-1.952940221562236,2.543538979114841,99.39404580569214,99.14402635583107,-1.0059541943078614,1.0059541943078614,1.0119438410455786,0.8930464838055471,0.0,600
d3e1de676048f4c2f09bd48ebdc2c67386a07b85d07d0b69b30f42b4b3fe1ae9,90a64a244430029473a9447673ea534a2a718f0a1d3ee463db92930032e500f1,solid_fuels,minnesota,screen,monthly,linear,hicp_solid_fuels,False,ok,,0.6,0.75,2025-07-01,6,2026-01-01,103.36,2.840074743754892,-3.4551849436227613,4.766909338001962,99.64252608875925,99.27058778647876,-3.717473911240745,3.717473911240745,13.819612280755564,0.8930464838055471,0.0,600
909f140938df4fb92ad051f68acf833e322df40f48a4bcfa0bcc886c0e4a7ec6,90a64a244430029473a9447673ea534a2a718f0a1d3ee463db92930032e500f1,solid_fuels,minnesota,screen,monthly,linear,hicp_solid_fuels,False,ok,,0.6,0.75,2025-08-01,1,2025-09-01,99.41,0.4032474731951097,-1.3205256792069706,0.49663500356909573,98.83193535940075,98.79699347267662,-0.5780646405992513,0.5780646405992513,0.3341587287111416,0.8935731943773577,0.0008326394671107411,600
909f140938df4fb92ad051f68acf833e322df40f48a4bcfa0bcc886c0e4a7ec6,90a64a244430029473a9447673ea534a2a718f0a1d3ee463db92930032e500f1,solid_fuels,minnesota,screen,monthly,linear,hicp_solid_fuels,False,ok,,0.6,0.75,2025-08-01,3,2025-11-01,101.86,2.556236994502295,-4.872496660597238,1.4287980806592535,98.73518829264081,98.72105987695996,-3.1248117073591857,3.1248117073591857,9.764448206449028,0.8935731943773577,0.0008326394671107411,600
909f140938df4fb92ad051f68acf833e322df40f48a4bcfa0bcc886c0e4a7ec6,90a64a244430029473a9447673ea534a2a718f0a1d3ee463db92930032e500f1,solid_fuels,minnesota,screen,monthly,linear,hicp_solid_fuels,False,ok,,0.6,0.75,2025-08-01,6,2026-02-01,105.06,5.182103300234393,-6.078570494098968,3.0820156260727387,98.8778461626319,98.71897184558054,-6.182153837368105,6.182153837368105,38.219026068885185,0.8935731943773577,0.0008326394671107411,600
9f91ceaf395aef05bb14b0b0f83a00bc495cf5d0b7c2ab1bb6c3fd308e6f3624,90a64a244430029473a9447673ea534a2a718f0a1d3ee463db92930032e500f1,solid_fuels,minnesota,screen,monthly,linear,hicp_solid_fuels,False,ok,,0.6,0.75,2025-09-01,1,2025-10-01,100.4,0.626604499567573,-1.9483083972974673,0.5978779413874082,99.52862289347459,99.54187232553372,-0.871377106525415,0.871377106525415,0.7592980617766044,0.8911951746205328,0.0,600
9f91ceaf395aef05bb14b0b0f83a00bc495cf5d0b7c2ab1bb6c3fd308e6f3624,90a64a244430029473a9447673ea534a2a718f0a1d3ee463db92930032e500f1,solid_fuels,minnesota,screen,monthly,linear,hicp_solid_fuels,False,ok,,0.6,0.75,2025-09-01,3,2025-12-01,102.41,2.061370611210847,-3.4840933150371507,1.7297916722215967,99.81609629332878,99.76368512048651,-2.593903706671213,2.593903706671213,6.728336439482659,0.8911951746205328,0.0,600
9f91ceaf395aef05bb14b0b0f83a00bc495cf5d0b7c2ab1bb6c3fd308e6f3624,90a64a244430029473a9447673ea534a2a718f0a1d3ee463db92930032e500f1,solid_fuels,minnesota,screen,monthly,linear,hicp_solid_fuels,False,ok,,0.6,0.75,2025-09-01,6,2026-03-01,105.92,5.041467302704155,-9.453240898338265,2.8160631716043505,99.81382012772151,99.96479731517002,-6.106179872278489,6.106179872278489,37.28543263261894,0.8911951746205328,0.0,600
3892bbbfe280aafee789845715f923bf7affe65b930d398c6779027260fa438e,90a64a244430029473a9447673ea534a2a718f0a1d3ee463db92930032e500f1,solid_fuels,minnesota,screen,monthly,linear,hicp_solid_fuels,False,ok,,0.6,0.75,2025-10-01,1,2025-11-01,101.86,0.6824782718604383,-1.8158191328248385,0.6126651362755119,100.87827125613104,100.8964412094085,-0.9817287438689561,0.9817287438689561,0.9637913265385185,0.8893992541435427,0.0,600
3892bbbfe280aafee789845715f923bf7affe65b930d398c6779027260fa438e,90a64a244430029473a9447673ea534a2a718f0a1d3ee463db92930032e500f1,solid_fuels,minnesota,screen,monthly,linear,hicp_solid_fuels,False,ok,,0.6,0.75,2025-10-01,3,2026-01-01,103.36,1.3588281903559452,-2.6685991253450396,1.9129741439048291,101.37789622461646,101.33437083338319,-1.9821037753835355,1.9821037753835355,3.9287353763896653,0.8893992541435427,0.0,600
3892bbbfe280aafee789845715f923bf7affe65b930d398c6779027260fa438e,90a64a244430029473a9447673ea534a2a718f0a1d3ee463db92930032e500f1,solid_fuels,minnesota,screen,monthly,linear,hicp_solid_fuels,False,ok,,0.6,0.75,2025-10-01,6,2026-04-01,106.44,3.824198429204433,-4.293100810933337,3.539495894408528,101.41768820303884,101.29250487359676,-5.022311796961162,5.022311796961162,25.22361578589526,0.8893992541435427,0.0,600
01b5fa78d8c2a206696f6ef5036a096217e02570bd959591664ad581cf4cd4ef,90a64a244430029473a9447673ea534a2a718f0a1d3ee463db92930032e500f1,solid_fuels,minnesota,screen,monthly,linear,hicp_solid_fuels,False,ok,,0.6,0.75,2025-11-01,1,2025-12-01,102.41,0.1820907075540728,-0.6532460845412693,1.1531273248254321,102.5376891953458,102.60259959116922,0.12768919534580903,0.12768919534580903,0.016304530608060176,0.8906269110900775,0.0,600
01b5fa78d8c2a206696f6ef5036a096217e02570bd959591664ad581cf4cd4ef,90a64a244430029473a9447673ea534a2a718f0a1d3ee463db92930032e500f1,solid_fuels,minnesota,screen,monthly,linear,hicp_solid_fuels,False,ok,,0.6,0.75,2025-11-01,3,2026-02-01,105.06,1.1382112493598104,-2.261325386235008,2.427576915591996,103.19068112942688,103.31371788861351,-1.8693188705731245,1.8693188705731245,3.494353039880782,0.8906269110900775,0.0,600
01b5fa78d8c2a206696f6ef5036a096217e02570bd959591664ad581cf4cd4ef,90a64a244430029473a9447673ea534a2a718f0a1d3ee463db92930032e500f1,solid_fuels,minnesota,screen,monthly,linear,hicp_solid_fuels,False,ok,,0.6,0.75,2025-11-01,6,2026-05-01,106.38,1.9683471562472055,-3.006892111669008,4.669078722492647,103.30506753557296,103.36215464870031,-3.074932464427036,3.074932464427036,9.455209660787325,0.8906269110900775,0.0,600
3583a65b451cef4dcf9212b7d82fda58e49da1ab1c64986fb13994ca6511a84b,90a64a244430029473a9447673ea534a2a718f0a1d3ee463db92930032e500f1,solid_fuels,minnesota,screen,monthly,linear,hicp_solid_fuels,False,ok,,0.6,0.75,2025-12-01,1,2026-01-01,103.36,0.3433850386467598,-1.1341895214911766,1.4576171204428126,102.75544565635225,102.77702777689558,-0.6045543436477487,0.6045543436477487,0.3654859544233603,0.8893036399057921,0.0,600
3583a65b451cef4dcf9212b7d82fda58e49da1ab1c64986fb13994ca6511a84b,90a64a244430029473a9447673ea534a2a718f0a1d3ee463db92930032e500f1,solid_fuels,minnesota,screen,monthly,linear,hicp_solid_fuels,False,ok,,0.6,0.75,2025-12-01,3,2026-03-01,105.92,2.13598779039736,-3.1545667485276714,2.7762387425621435,102.88706213898637,102.89584141187964,-3.032937861013636,3.032937861013636,9.19871206876997,0.8893036399057921,0.0,600
3583a65b451cef4dcf9212b7d82fda58e49da1ab1c64986fb13994ca6511a84b,90a64a244430029473a9447673ea534a2a718f0a1d3ee463db92930032e500f1,solid_fuels,minnesota,screen,monthly,linear,hicp_solid_fuels,False,ok,,0.6,0.75,2025-12-01,6,2026-06-01,106.43,2.254910915314357,-2.8627881735714755,4.54625597784582,102.88517084896104,102.80223964936064,-3.544829151038968,3.544829151038968,12.56581371005565,0.8893036399057921,0.0,600
b956b5c76d67fa7aa66e28bbcda702ba3e1739de249be025312a825b4e9ca808,f4cfcdb12c43c3a964d63f9da00ec4cd0b9269174fc4b2839e6f34bf518dd9fe,solid_fuels,minnesota,screen,monthly,linear,hicp_solid_fuels,False,ok,,0.6,1.0,2025-07-01,1,2025-08-01,98.99,0.17691467423669094,-0.3726742438610007,0.6795417161706787,99.26432662387457,99.29176362804292,0.27432662387457185,0.27432662387457185,0.07525509656642082,0.8954573849952849,0.0,600
b956b5c76d67fa7aa66e28bbcda702ba3e1739de249be025312a825b4e9ca808,f4cfcdb12c43c3a964d63f9da00ec4cd0b9269174fc4b2839e6f34bf518dd9fe,solid_fuels,minnesota,screen,monthly,linear,hicp_solid_fuels,False,ok,,0.6,1.0,2025-07-01,3,2025-10-01,100.4,0.7536035263428126,-1.793734419490531,1.4389484353350261,99.19463612989242,99.17106036728913,-1.2053638701075897,1.2053638701075897,1.4529020593607465,0.8954573849952849,0.0,600
b956b5c76d67fa7aa66e28bbcda702ba3e1739de249be025312a825b4e9ca808,f4cfcdb12c43c3a964d63f9da00ec4cd0b9269174fc4b2839e6f34bf518dd9fe,solid_fuels,minnesota,screen,monthly,linear,hicp_solid_fuels,False,ok,,0.6,1.0,2025-07-01,6,2026-01-01,103.36,3.0456165677166886,-3.7214896069941195,3.0576252027658097,98.99832049224824,99.21311302034363,-4.361679507751759,4.361679507751759,19.02424812834163,0.8954573849952849,0.0,600
cccdbc431a2e578bacd9b24adfec7ae7c6dd5c02a8e8c8424b305a460405ec93,f4cfcdb12c43c3a964d63f9da00ec4cd0b9269174fc4b2839e6f34bf518dd9fe,solid_fuels,minnesota,screen,monthly,linear,hicp_solid_fuels,False,ok,,0.6,1.0,2025-08-01,1,2025-09-01,99.41,0.44126326396679594,-1.2800241709107034,0.3970224784276112,98.78414886671868,98.77288418296078,-0.6258511332813157,0.6258511332813157,0.3916896410295072,0.8946232989722671,0.0,600
cccdbc431a2e578bacd9b24adfec7ae7c6dd5c02a8e8c8424b305a460405ec93,f4cfcdb12c43c3a964d63f9da00ec4cd0b9269174fc4b2839e6f34bf518dd9fe,solid_fuels,minnesota,screen,monthly,linear,hicp_solid_fuels,False,ok,,0.6,1.0,2025-08-01,3,2025-11-01,101.86,2.5526760450106893,-4.342898799075373,1.5825400498038604,98.80616389314308,98.77487723324953,-3.05383610685692,3.05383610685692,9.325914967543032,0.8946232989722671,0.0,600
cccdbc431a2e578bacd9b24adfec7ae7c6dd5c02a8e8c8424b305a460405ec93,f4cfcdb12c43c3a964d63f9da00ec4cd0b9269174fc4b2839e6f34bf518dd9fe,solid_fuels,minnesota,screen,monthly,linear,hicp_solid_fuels,False,ok,,0.6,1.0,2025-08-01,6,2026-02-01,105.06,5.397649022261396,-4.659157039245544,2.539121155460965,98.79348240864448,98.7735802944391,-6.266517591355523,6.266517591355523,39.269242722768226,0.8946232989722671,0.0,600
ab02fdced8decfa9eebcf5718118040d6d4aa062adce3636924e1fc2fe18f45d,f4cfcdb12c43c3a964d63f9da00ec4cd0b9269174fc4b2839e6f34bf518dd9fe,solid_fuels,minnesota,screen,monthly,linear,hicp_solid_fuels,False,ok,,0.6,1.0,2025-09-01,1,2025-10-01,100.4,0.6146020708447659,-2.071294395395472,0.7400790191620736,99.53840732114251,99.53056272515168,-0.861592678857491,0.861592678857491,0.7423419442608277,0.894514649359329,0.0,600
ab02fdced8decfa9eebcf5718118040d6d4aa062adce3636924e1fc2fe18f45d,f4cfcdb12c43c3a964d63f9da00ec4cd0b9269174fc4b2839e6f34bf518dd9fe,solid_fuels,minnesota,screen,monthly,linear,hicp_solid_fuels,False,ok,,0.6,1.0,2025-09-01,3,2025-12-01,102.41,2.1697405607472486,-4.363458957246014,1.502387771257926,99.64233762693057,99.57580963314115,-2.7676623730694274,2.7676623730694274,7.6599550113042945,0.894514649359329,0.0,600
ab02fdced8decfa9eebcf5718118040d6d4aa062adce3636924e1fc2fe18f45d,f4cfcdb12c43c3a964d63f9da00ec4cd0b9269174fc4b2839e6f34bf518dd9fe,solid_fuels,minnesota,screen,monthly,linear,hicp_solid_fuels,False,ok,,0.6,1.0,2025-09-01,6,2026-03-01,105.92,5.243796001085736,-5.137122204791345,2.9122844028473014,99.41559095712589,99.5414359084518,-6.504409042874116,6.504409042874116,42.30733699702257,0.894514649359329,0.0,600
6ffd578f5032820b2d01761b95e3da2e3d2128bb262710e0b50eb9a583351509,f4cfcdb12c43c3a964d63f9da00ec4cd0b9269174fc4b2839e6f34bf518dd9fe,solid_fuels,minnesota,screen,monthly,linear,hicp_solid_fuels,False,ok,,0.6,1.0,2025-10-01,1,2025-11-01,101.86,0.6778245680675807,-1.8566505836981948,1.129475889815356,100.82815916666574,100.90780402667062,-1.0318408333342575,1.0318408333342575,1.0646955053359348,0.894224715926822,0.0,600
6ffd578f5032820b2d01761b95e3da2e3d2128bb262710e0b50eb9a583351509,f4cfcdb12c43c3a964d63f9da00ec4cd0b9269174fc4b2839e6f34bf518dd9fe,solid_fuels,minnesota,screen,monthly,linear,hicp_solid_fuels,False,ok,,0.6,1.0,2025-10-01,3,2026-01-01,103.36,1.384374198534409,-2.369495232823771,2.4894330350128198,101.08472291806407,101.23420066375365,-2.2752770819359256,2.2752770819359256,5.176885799582861,0.894224715926822,0.0,600
6ffd578f5032820b2d01761b95e3da2e3d2128bb262710e0b50eb9a583351509,f4cfcdb12c43c3a964d63f9da00ec4cd0b9269174fc4b2839e6f34bf518dd9fe,solid_fuels,minnesota,screen,monthly,linear,hicp_solid_fuels,False,ok,,0.6,1.0,2025-10-01,6,2026-04-01,106.44,3.7699293620857848,-4.193122679606032,4.289704828304102,101.00591507847933,101.20729640472476,-5.434084921520665,5.434084921520665,29.529278934298247,0.894224715926822,0.0,600
a71aab28ffb0e7a0cfe0f9a32f1b001fb647f82fdd8f8c0ac0955a3fd1283be2,f4cfcdb12c43c3a964d63f9da00ec4cd0b9269174fc4b2839e6f34bf518dd9fe,solid_fuels,minnesota,screen,monthly,linear,hicp_solid_fuels,False,ok,,0.6,1.0,2025-11-01,1,2025-12-01,102.41,0.16505461791896048,-0.6005820976653302,0.7575543732146397,102.43117348374851,102.49699178391268,0.021173483748512467,0.021173483748512467,0.0004483164140485216,0.8943045986808491,0.0,600
a71aab28ffb0e7a0cfe0f9a32f1b001fb647f82fdd8f8c0ac0955a3fd1283be2,f4cfcdb12c43c3a964d63f9da00ec4cd0b9269174fc4b2839e6f34bf518dd9fe,solid_fuels,minnesota,screen,monthly,linear,hicp_solid_fuels,False,ok,,0.6,1.0,2025-11-01,3,2026-02-01,105.06,1.221972818577783,-2.0658674035167874,2.2873500266630593,103.02216679782221,103.11031422946377,-2.0378332021777936,2.0378332021777936,4.1527641598982,0.8943045986808491,0.0,600
a71aab28ffb0e7a0cfe0f9a32f1b001fb647f82fdd8f8c0ac0955a3fd1283be2,f4cfcdb12c43c3a964d63f9da00ec4cd0b9269174fc4b2839e6f34bf518dd9fe,solid_fuels,minnesota,screen,monthly,linear,hicp_solid_fuels,False,ok,,0.6,1.0,2025-11-01,6,2026-05-01,106.38,2.242468864173466,-2.8938231890000887,4.095652186671287,102.76586430214168,102.90583558017997,-3.614135697858316,3.614135697858316,13.061976842533818,0.8943045986808491,0.0,600
146a4b36a1cf2b90de2bc0935fdee533a4ac9af15e8836bac2ad8f8c8b7db2e3,f4cfcdb12c43c3a964d63f9da00ec4cd0b9269174fc4b2839e6f34bf518dd9fe,solid_fuels,minnesota,screen,monthly,linear,hicp_solid_fuels,False,ok,,0.6,1.0,2025-12-01,1,2026-01-01,103.36,0.3715326601037629,-1.0285132655835518,0.6978055656780581,102.72279985085488,102.79107029385409,-0.6372001491451158,0.6372001491451158,0.4060240300705578,0.8926586408973473,0.0,600
146a4b36a1cf2b90de2bc0935fdee533a4ac9af15e8836bac2ad8f8c8b7db2e3,f4cfcdb12c43c3a964d63f9da00ec4cd0b9269174fc4b2839e6f34bf518dd9fe,solid_fuels,minnesota,screen,monthly,linear,hicp_solid_fuels,False,ok,,0.6,1.0,2025-12-01,3,2026-03-01,105.92,2.1917753276173526,-3.412573767219757,2.1533149847725834,102.84270835290114,102.86728463921833,-3.0772916470988605,3.0772916470988605,9.469723881304418,0.8926586408973473,0.0,600
146a4b36a1cf2b90de2bc0935fdee533a4ac9af15e8836bac2ad8f8c8b7db2e3,f4cfcdb12c43c3a964d63f9da00ec4cd0b9269174fc4b2839e6f34bf518dd9fe,solid_fuels,minnesota,screen,monthly,linear,hicp_solid_fuels,False,ok,,0.6,1.0,2025-12-01,6,2026-06-01,106.43,2.4411963598810678,-2.913262749971529,4.323249765153106,102.56084601169927,102.71830419714779,-3.869153988300738,3.869153988300738,14.970352585183507,0.8926586408973473,0.0,600
