fit_key,candidate_id,model_id,block,mode,frequency,missing_data_method,score_variable,is_baseline,status,error,candidate__lambda1,candidate__lambda2,origin,horizon,realized_date,actual,crps,log_score,predictive_sd,predictive_mean,predictive_median,error_mean,abs_error_mean,sq_error_mean,spectral_radius_median,instability_rejection_rate,retained_draws
c914e3b6f591b995f1961feb0b976c49b4f8abb3d0d33cf0582e1ba98637fb35,97c24c4110264baad6aef961b094559b50e64d61123908e7e8beb47e4835ab0c,heat_energy,minnesota,screen,monthly,linear,hicp_heat_energy,False,ok,,0.1,0.25,2025-07-01,1,2025-08-01,99.98,0.2226016539693061,-0.6901253275010788,4.086135194346895,99.75954030285301,99.66011849557118,-0.22045969714699254,0.22045969714699254,0.04860247806614367,0.7741608079182203,0.0,600
c914e3b6f591b995f1961feb0b976c49b4f8abb3d0d33cf0582e1ba98637fb35,97c24c4110264baad6aef961b094559b50e64d61123908e7e8beb47e4835ab0c,heat_energy,minnesota,screen,monthly,linear,hicp_heat_energy,False,ok,,0.1,0.25,2025-07-01,3,2025-10-01,101.02,0.6943032691628657,-1.736480241332898,5.95569027761589,99.98697004920382,99.93862448962102,-1.0330299507961769,1.0330299507961769,1.0671508792419515,0.7741608079182203,0.0,600
c914e3b6f591b995f1961feb0b976c49b4f8abb3d0d33cf0582e1ba98637fb35,97c24c4110264baad6aef961b094559b50e64d61123908e7e8beb47e4835ab0c,heat_energy,minnesota,screen,monthly,linear,hicp_heat_energy,False,ok,,0.1,0.25,2025-07-01,6,2026-01-01,101.97,1.2405930248272936,-2.394366426586106,8.057689965623698,100.10049780004542,100.12141944851146,-1.8695021999545816,1.8695021999545816,3.4950384756350203,0.7741608079182203,0.0,600
7a06c79b892bfad16c5305567ba85b88f079820d839464fe2de838118c3f7316,97c24c4110264baad6aef961b094559b50e64d61123908e7e8beb47e4835ab0c,heat_energy,minnesota,screen,monthly,linear,hicp_heat_energy,False,ok,,0.1,0.25,2025-08-01,1,2025-09-01,100.03,0.13438074170508096,-0.278810488431148,1.6750330549689978,99.99272013752254,100.04278504667668,-0.037279862477461734,0.037279862477461734,0.0013897881463384592,0.7770982500616037,0.0,600
7a06c79b892bfad16c5305567ba85b88f079820d839464fe2de838118c3f7316,97c24c4110264baad6aef961b094559b50e64d61123908e7e8beb47e4835ab0c,heat_energy,minnesota,screen,monthly,linear,hicp_heat_energy,False,ok,,0.1,0.25,2025-08-01,3,2025-11-01,101.52,1.0748886366215558,-2.36019037213155,4.424186173174364,99.47245450655954,99.99415599654253,-2.0475454934404524,2.0475454934404524,4.192442547708306,0.7770982500616037,0.0,600
7a06c79b892bfad16c5305567ba85b88f079820d839464fe2de838118c3f7316,97c24c4110264baad6aef961b094559b50e64d61123908e7e8beb47e4835ab0c,heat_energy,minnesota,screen,monthly,linear,hicp_heat_energy,False,ok,,0.1,0.25,2025-08-01,6,2026-02-01,102.14,1.4614578446935291,-2.4786024257484724,6.658554468875808,99.55195604209027,100.08756564939407,-2.5880439579097327,2.5880439579097327,6.697971528073074,0.7770982500616037,0.0,600
d6304bd6cd7cdb137f9a253523418837cd62803b6382c0da1a7b0a1dce958ab3,97c24c4110264baad6aef961b094559b50e64d61123908e7e8beb47e4835ab0c,heat_energy,minnesota,screen,monthly,linear,hicp_heat_energy,False,ok,,0.1,0.25,2025-09-01,1,2025-10-01,101.02,0.5868296272003692,-1.8247922642125847,2.266347554565075,100.06927781435664,100.12441598785205,-0.9507221856433574,0.9507221856433574,0.9038726742744826,0.7776970111965755,0.0,600
d6304bd6cd7cdb137f9a253523418837cd62803b6382c0da1a7b0a1dce958ab3,97c24c4110264baad6aef961b094559b50e64d61123908e7e8beb47e4835ab0c,heat_energy,minnesota,screen,monthly,linear,hicp_heat_energy,False,ok,,0.1,0.25,2025-09-01,3,2025-12-01,101.52,0.8680737639497382,-1.9933502912572454,4.148820718576583,100.00647831025499,100.13268399298082,-1.513521689745005,1.513521689745005,2.2907479053285753,0.7776970111965755,0.0,600
d6304bd6cd7cdb137f9a253523418837cd62803b6382c0da1a7b0a1dce958ab3,97c24c4110264baad6aef961b094559b50e64d61123908e7e8beb47e4835ab0c,heat_energy,minnesota,screen,monthly,linear,hicp_heat_energy,False,ok,,0.1,0.25,2025-09-01,6,2026-03-01,102.65,1.5621541843044024,-2.693425891279749,5.395910669880819,100.06382860987215,100.23677092152681,-2.586171390127859,2.586171390127859,6.688282459115864,0.7776970111965755,0.0,600
ed2ebef245c1443634b4e06efe0952e897c70d9677632500baebf0f37da21a3d,97c24c4110264baad6aef961b094559b50e64d61123908e7e8beb47e4835ab0c,heat_energy,minnesota,screen,monthly,linear,hicp_heat_energy,False,ok,,0.1,0.25,2025-10-01,1,2025-11-01,101.52,0.2413523257206449,-0.7873914951070731,2.699324135838076,101.34362935661504,101.16085599112242,-0.17637064338495634,0.17637064338495634,0.031106603848023443,0.7748876740088606,0.0,600
ed2ebef245c1443634b4e06efe0952e897c70d9677632500baebf0f37da21a3d,97c24c4110264baad6aef961b094559b50e64d61123908e7e8beb47e4835ab0c,heat_energy,minnesota,screen,monthly,linear,hicp_heat_energy,False,ok,,0.1,0.25,2025-10-01,3,2026-01-01,101.97,0.45442422618396794,-1.4402162031544936,4.484333392053806,101.8283775609338,101.61132804869766,-0.14162243906619665,0.14162243906619665,0.020056915247058583,0.7748876740088606,0.0,600
ed2ebef245c1443634b4e06efe0952e897c70d9677632500baebf0f37da21a3d,97c24c4110264baad6aef961b094559b50e64d61123908e7e8beb47e4835ab0c,heat_energy,minnesota,screen,monthly,linear,hicp_heat_energy,False,ok,,0.1,0.25,2025-10-01,6,2026-04-01,102.12,0.8344873870680058,-2.075928186971967,6.779136352789523,101.96435462036789,101.81099894284912,-0.15564537963211933,0.15564537963211933,0.02422548420082655,0.7748876740088606,0.0,600
00aa2b4bd0b54134daf344589aa0fd8e7d5fb673e0cbdf4bcfae47baf187b348,97c24c4110264baad6aef961b094559b50e64d61123908e7e8beb47e4835ab0c,heat_energy,minnesota,screen,monthly,linear,hicp_heat_energy,False,ok,,0.1,0.25,2025-11-01,1,2025-12-01,101.52,0.1791361854806086,-0.5898412172898517,1.7921527444002043,101.5497377748535,101.69540875230118,0.029737774853501264,0.029737774853501264,0.0008843352532375322,0.7750268929738866,0.0,600
00aa2b4bd0b54134daf344589aa0fd8e7d5fb673e0cbdf4bcfae47baf187b348,97c24c4110264baad6aef961b094559b50e64d61123908e7e8beb47e4835ab0c,heat_energy,minnesota,screen,monthly,linear,hicp_heat_energy,False,ok,,0.1,0.25,2025-11-01,3,2026-02-01,102.14,0.34003700885758126,-1.205245454587267,2.973411889522042,101.91432646446691,102.04896678529872,-0.22567353553309033,0.22567353553309033,0.050928544640004986,0.7750268929738866,0.0,600
00aa2b4bd0b54134daf344589aa0fd8e7d5fb673e0cbdf4bcfae47baf187b348,97c24c4110264baad6aef961b094559b50e64d61123908e7e8beb47e4835ab0c,heat_energy,minnesota,screen,monthly,linear,hicp_heat_energy,False,ok,,0.1,0.25,2025-11-01,6,2026-05-01,103.05,0.6977509778472446,-1.815111027030433,4.441643686408712,102.05311916630133,102.41223247243099,-0.9968808336986683,0.9968808336986683,0.993771396595752,0.7750268929738866,0.0,600
3b0ef72699a1107854bc37f2c406253a027fc1a794d837c1602550e05fc5c7ab,97c24c4110264baad6aef961b094559b50e64d61123908e7e8beb47e4835ab0c,heat_energy,minnesota,screen,monthly,linear,hicp_heat_energy,False,ok,,0.1,0.25,2025-12-01,1,2026-01-01,101.97,0.22828580352425232,-0.6934275075952065,1.3960483198056868,101.66161353452823,101.61545788985643,-0.30838646547177007,0.30838646547177007,0.09510221208617123,0.778673465521724,0.0,600
3b0ef72699a1107854bc37f2c406253a027fc1a794d837c1602550e05fc5c7ab,97c24c4110264baad6aef961b094559b50e64d61123908e7e8beb47e4835ab0c,heat_energy,minnesota,screen,monthly,linear,hicp_heat_energy,False,ok,,0.1,0.25,2025-12-01,3,2026-03-01,102.65,0.5628825905632158,-1.5647230454116556,3.2232577640355964,101.68145535025194,101.71689805191203,-0.9685446497480683,0.9685446497480683,0.9380787385556083,0.778673465521724,0.0,600
3b0ef72699a1107854bc37f2c406253a027fc1a794d837c1602550e05fc5c7ab,97c24c4110264baad6aef961b094559b50e64d61123908e7e8beb47e4835ab0c,heat_energy,minnesota,screen,monthly,linear,hicp_heat_energy,False,ok,,0.1,0.25,2025-12-01,6,2026-06-01,104.17,1.4226018325660323,-2.3491309146219392,5.670350519256392,101.65545533425366,101.94095697720661,-2.5145446657463424,2.5145446657463424,6.3229348760333846,0.778673465521724,0.0,600
5d08c917cb406722af7656b1997b17e9fa0638e2145c3d8be059664ec88e4826,c861fec472571bb699f5490a27a4f975e3c1746a4a80b7d7e4a1b8fb0b7cd6a9,heat_energy,minnesota,screen,monthly,linear,hicp_heat_energy,False,ok,,0.1,0.5,2025-07-01,1,2025-08-01,99.98,0.22603055960575558,-0.6642502125066727,2.520574454742816,99.71010874720092,99.65536191860308,-0.2698912527990842,0.2698912527990842,0.07284128833745918,0.79376406703486,0.0,600
5d08c917cb406722af7656b1997b17e9fa0638e2145c3d8be059664ec88e4826,c861fec472571bb699f5490a27a4f975e3c1746a4a80b7d7e4a1b8fb0b7cd6a9,heat_energy,minnesota,screen,monthly,linear,hicp_heat_energy,False,ok,,0.1,0.5,2025-07-01,3,2025-10-01,101.02,0.8276231451444895,-1.9061593531297527,3.9135411210999598,99.68376659946014,99.7156174287108,-1.3362334005398537,1.3362334005398537,1.7855197007183012,0.79376406703486,0.0,600
5d08c917cb406722af7656b1997b17e9fa0638e2145c3d8be059664ec88e4826,c861fec472571bb699f5490a27a4f975e3c1746a4a80b7d7e4a1b8fb0b7cd6a9,heat_energy,minnesota,screen,monthly,linear,hicp_heat_energy,False,ok,,0.1,0.5,2025-07-01,6,2026-01-01,101.97,1.3397695257826379,-2.3144327873861825,6.288029066785731,99.81090010800915,100.21666189617159,-2.1590998919908486,2.1590998919908486,4.661712343594894,0.79376406703486,0.0,600
3f144c35d5eee29464a5af5b32346c9407f6c276af052ce4e13acd4776b32939,c861fec472571bb699f5490a27a4f975e3c1746a4a80b7d7e4a1b8fb0b7cd6a9,heat_energy,minnesota,screen,monthly,linear,hicp_heat_energy,False,ok,,0.1,0.5,2025-08-01,1,2025-09-01,100.03,0.13688220218853242,-0.24247119193919353,1.5793994179821942,99.95585223848686,99.92313795676506,-0.07414776151314584,0.07414776151314584,0.0054978905374103515,0.7921491276133945,0.0,600
3f144c35d5eee29464a5af5b32346c9407f6c276af052ce4e13acd4776b32939,c861fec472571bb699f5490a27a4f975e3c1746a4a80b7d7e4a1b8fb0b7cd6a9,heat_energy,minnesota,screen,monthly,linear,hicp_heat_energy,False,ok,,0.1,0.5,2025-08-01,3,2025-11-01,101.52,1.2381371274371316,-2.7431241424838877,4.130762721224799,99.68347193525192,99.7948297070595,-1.8365280647480802,1.8365280647480802,3.3728353326073286,0.7921491276133945,0.0,600
3f144c35d5eee29464a5af5b32346c9407f6c276af052ce4e13acd4776b32939,c861fec472571bb699f5490a27a4f975e3c1746a4a80b7d7e4a1b8fb0b7cd6a9,heat_energy,minnesota,screen,monthly,linear,hicp_heat_energy,False,ok,,0.1,0.5,2025-08-01,6,2026-02-01,102.14,1.6293293503420636,-2.528024407384706,6.540094163768915,99.492245397783,99.74669383610859,-2.647754602217006,2.647754602217006,7.010604433561336,0.7921491276133945,0.0,600
a6c84f9899d94a47e9924ed3249baa7f678123f453c6a1466c64792e797d4c42,c861fec472571bb699f5490a27a4f975e3c1746a4a80b7d7e4a1b8fb0b7cd6a9,heat_energy,minnesota,screen,monthly,linear,hicp_heat_energy,False,ok,,0.1,0.5,2025-09-01,1,2025-10-01,101.02,0.5961894360173381,-1.7028428749516795,1.1357379320816527,100.2183918107166,100.1228310219166,-0.8016081892833995,0.8016081892833995,0.6425756891262104,0.7914648918048242,0.0,600
a6c84f9899d94a47e9924ed3249baa7f678123f453c6a1466c64792e797d4c42,c861fec472571bb699f5490a27a4f975e3c1746a4a80b7d7e4a1b8fb0b7cd6a9,heat_energy,minnesota,screen,monthly,linear,hicp_heat_energy,False,ok,,0.1,0.5,2025-09-01,3,2025-12-01,101.52,0.8894577997996065,-2.1993095565193794,3.058447001647333,100.2156882361057,100.15504436715099,-1.3043117638942903,1.3043117638942903,1.7012291774330348,0.7914648918048242,0.0,600
a6c84f9899d94a47e9924ed3249baa7f678123f453c6a1466c64792e797d4c42,c861fec472571bb699f5490a27a4f975e3c1746a4a80b7d7e4a1b8fb0b7cd6a9,heat_energy,minnesota,screen,monthly,linear,hicp_heat_energy,False,ok,,0.1,0.5,2025-09-01,6,2026-03-01,102.65,1.578449881503988,-2.585609709094422,5.125883615199883,100.29358290916797,100.28520290054689,-2.356417090832039,2.356417090832039,5.552701505965331,0.7914648918048242,0.0,600
25754d502b1b26d194eb1c1d59305382417b1ad946f40ba2d0da9e588d2595b8,c861fec472571bb699f5490a27a4f975e3c1746a4a80b7d7e4a1b8fb0b7cd6a9,heat_energy,minnesota,screen,monthly,linear,hicp_heat_energy,False,ok,,0.1,0.5,2025-10-01,1,2025-11-01,101.52,0.28908407849154116,-0.8262197017721977,3.0823155121689165,101.11937623088684,101.06158767094603,-0.4006237691131531,0.4006237691131531,0.16049940437842902,0.7922335372764835,0.0,600
25754d502b1b26d194eb1c1d59305382417b1ad946f40ba2d0da9e588d2595b8,c861fec472571bb699f5490a27a4f975e3c1746a4a80b7d7e4a1b8fb0b7cd6a9,heat_energy,minnesota,screen,monthly,linear,hicp_heat_energy,False,ok,,0.1,0.5,2025-10-01,3,2026-01-01,101.97,0.5273679622676768,-1.5599942813058947,4.532719079111103,101.38756073483951,101.33092201042372,-0.5824392651604882,0.5824392651604882,0.33923549760068944,0.7922335372764835,0.0,600
25754d502b1b26d194eb1c1d59305382417b1ad946f40ba2d0da9e588d2595b8,c861fec472571bb699f5490a27a4f975e3c1746a4a80b7d7e4a1b8fb0b7cd6a9,heat_energy,minnesota,screen,monthly,linear,hicp_heat_energy,False,ok,,0.1,0.5,2025-10-01,6,2026-04-01,102.12,0.8328513673048406,-2.020042264102387,6.982936214268207,101.4525899914038,101.52835203645601,-0.6674100085962067,0.6674100085962067,0.44543611957438867,0.7922335372764835,0.0,600
4ea8517e359ec8ad0b88046ddcef091cf6199d5aa098f0a38ec447fceca02389,c861fec472571bb699f5490a27a4f975e3c1746a4a80b7d7e4a1b8fb0b7cd6a9,heat_energy,minnesota,screen,monthly,linear,hicp_heat_energy,False,ok,,0.1,0.5,2025-11-01,1,2025-12-01,101.52,0.18398971981964707,-0.4922466838681565,1.8822082191766074,101.89050457611455,101.72356655562263,0.37050457611455556,0.37050457611455556,0.1372736409218265,0.7920791564182909,0.0,600
4ea8517e359ec8ad0b88046ddcef091cf6199d5aa098f0a38ec447fceca02389,c861fec472571bb699f5490a27a4f975e3c1746a4a80b7d7e4a1b8fb0b7cd6a9,heat_energy,minnesota,screen,monthly,linear,hicp_heat_energy,False,ok,,0.1,0.5,2025-11-01,3,2026-02-01,102.14,0.3636056991378358,-1.3122887888974688,3.5156139835523774,102.02779201066647,101.98530715074065,-0.11220798933352683,0.11220798933352683,0.01259063287027287,0.7920791564182909,0.0,600
4ea8517e359ec8ad0b88046ddcef091cf6199d5aa098f0a38ec447fceca02389,c861fec472571bb699f5490a27a4f975e3c1746a4a80b7d7e4a1b8fb0b7cd6a9,heat_energy,minnesota,screen,monthly,linear,hicp_heat_energy,False,ok,,0.1,0.5,2025-11-01,6,2026-05-01,103.05,0.7111428729221467,-1.8948871665661677,5.319750919724559,102.30154879630193,102.34752668405153,-0.7484512036980675,0.7484512036980675,0.5601792043170861,0.7920791564182909,0.0,600
e7c2162f3f6d91a9d7bdaf1d2fdbfa23905c64774c15719ab9bdeca68268a47b,c861fec472571bb699f5490a27a4f975e3c1746a4a80b7d7e4a1b8fb0b7cd6a9,heat_energy,minnesota,screen,monthly,linear,hicp_heat_energy,False,ok,,0.1,0.5,2025-12-01,1,2026-01-01,101.97,0.25811024841869135,-0.6125187831734369,2.6102156921815842,101.58067260286327,101.55423347780302,-0.38932739713672504,0.38932739713672504,0.15157582216125723,0.7933228313660988,0.0,600
e7c2162f3f6d91a9d7bdaf1d2fdbfa23905c64774c15719ab9bdeca68268a47b,c861fec472571bb699f5490a27a4f975e3c1746a4a80b7d7e4a1b8fb0b7cd6a9,heat_energy,minnesota,screen,monthly,linear,hicp_heat_energy,False,ok,,0.1,0.5,2025-12-01,3,2026-03-01,102.65,0.6738473317736282,-1.6167877238493,4.108866280579068,101.54904262180516,101.60631444560201,-1.100957378194849,1.100957378194849,1.2121071486016757,0.7933228313660988,0.0,600
e7c2162f3f6d91a9d7bdaf1d2fdbfa23905c64774c15719ab9bdeca68268a47b,c861fec472571bb699f5490a27a4f975e3c1746a4a80b7d7e4a1b8fb0b7cd6a9,heat_energy,minnesota,screen,monthly,linear,hicp_heat_energy,False,ok,,0.1,0.5,2025-12-01,6,2026-06-01,104.17,1.67121938107596,-2.583617448927641,6.2730760845379345,101.32425919728772,101.41765990807484,-2.8457408027122852,2.8457408027122852,8.09824071622156,0.7933228313660988,0.0,600
bd638a323ddc4a3801afb66836b426ee15f564b81b08569cd663249912086d02,7d7fa615e99da34b262233964695615aed3d767908a01bb89f0095d0e0d21fb8,heat_energy,minnesota,screen,monthly,linear,hicp_heat_energy,False,ok,,0.1,0.75,2025-07-01,1,2025-08-01,99.98,0.2586826922188544,-0.8016313569626865,1.4503731798765638,99.56735989391369,99.58116102063869,-0.4126401060863145,0.4126401060863145,0.1702718571509249,0.8106711331095762,0.0,600
bd638a323ddc4a3801afb66836b426ee15f564b81b08569cd663249912086d02,7d7fa615e99da34b262233964695615aed3d767908a01bb89f0095d0e0d21fb8,heat_energy,minnesota,screen,monthly,linear,hicp_heat_energy,False,ok,,0.1,0.75,2025-07-01,3,2025-10-01,101.02,0.8828517314245758,-1.9570025313202741,3.210807979120341,99.30487064980083,99.69971168311727,-1.7151293501991631,1.7151293501991631,2.9416686879146035,0.8106711331095762,0.0,600
bd638a323ddc4a3801afb66836b426ee15f564b81b08569cd663249912086d02,7d7fa615e99da34b262233964695615aed3d767908a01bb89f0095d0e0d21fb8,heat_energy,minnesota,screen,monthly,linear,hicp_heat_energy,False,ok,,0.1,0.75,2025-07-01,6,2026-01-01,101.97,1.4743700155382005,-2.433304219334254,5.486878702289135,99.38945958643386,99.63320057667875,-2.5805404135661405,2.5805404135661405,6.659188826048108,0.8106711331095762,0.0,600
dded541efdf57679e536f1ad32832cf13937ee7061a76fda70f3ee40f853d724,7d7fa615e99da34b262233964695615aed3d767908a01bb89f0095d0e0d21fb8,heat_energy,minnesota,screen,monthly,linear,hicp_heat_energy,False,ok,,0.1,0.75,2025-08-01,1,2025-09-01,100.03,0.1449896902758101,-0.37487721786436623,1.2501902313874809,99.92017114937445,99.98648218682101,-0.10982885062554715,0.10982885062554715,0.012062376429728749,0.8094751287635431,0.0,600
dded541efdf57679e536f1ad32832cf13937ee7061a76fda70f3ee40f853d724,7d7fa615e99da34b262233964695615aed3d767908a01bb89f0095d0e0d21fb8,heat_energy,minnesota,screen,monthly,linear,hicp_heat_energy,False,ok,,0.1,0.75,2025-08-01,3,2025-11-01,101.52,1.060936273218561,-2.3369297089191017,2.783305819736524,99.90385954059337,99.81359100430683,-1.6161404594066227,1.6161404594066227,2.6119099845310494,0.8094751287635431,0.0,600
dded541efdf57679e536f1ad32832cf13937ee7061a76fda70f3ee40f853d724,7d7fa615e99da34b262233964695615aed3d767908a01bb89f0095d0e0d21fb8,heat_energy,minnesota,screen,monthly,linear,hicp_heat_energy,False,ok,,0.1,0.75,2025-08-01,6,2026-02-01,102.14,1.7531646561043246,-2.797390474159368,5.089041626493087,99.25277391421317,99.33740953967262,-2.8872260857868355,2.8872260857868355,8.33607447044797,0.8094751287635431,0.0,600
f0b78e8238f01faadf05145e010cc258b889b67811b500c86235a10ee2a77104,7d7fa615e99da34b262233964695615aed3d767908a01bb89f0095d0e0d21fb8,heat_energy,minnesota,screen,monthly,linear,hicp_heat_energy,False,ok,,0.1,0.75,2025-09-01,1,2025-10-01,101.02,0.6368931711864407,-1.9022195590125461,1.9911868037700589,99.97569973915274,100.02994344268808,-1.0443002608472511,1.0443002608472511,1.0905630348056368,0.8060214930420094,0.0,600
f0b78e8238f01faadf05145e010cc258b889b67811b500c86235a10ee2a77104,7d7fa615e99da34b262233964695615aed3d767908a01bb89f0095d0e0d21fb8,heat_energy,minnesota,screen,monthly,linear,hicp_heat_energy,False,ok,,0.1,0.75,2025-09-01,3,2025-12-01,101.52,0.9733718413131971,-2.1504672525487747,3.792135398845987,99.88945153155561,99.92848405443831,-1.6305484684443883,1.6305484684443883,2.65868830794634,0.8060214930420094,0.0,600
f0b78e8238f01faadf05145e010cc258b889b67811b500c86235a10ee2a77104,7d7fa615e99da34b262233964695615aed3d767908a01bb89f0095d0e0d21fb8,heat_energy,minnesota,screen,monthly,linear,hicp_heat_energy,False,ok,,0.1,0.75,2025-09-01,6,2026-03-01,102.65,1.9162979964929812,-3.017175398055574,5.921047153542019,99.51276140982401,99.78553701162369,-3.137238590175997,3.137238590175997,9.842265971689477,0.8060214930420094,0.0,600
f462b1e0ecaa96e16402ea83378bd674c5151c29e055fd0b89edc0318cf22765,7d7fa615e99da34b262233964695615aed3d767908a01bb89f0095d0e0d21fb8,heat_energy,minnesota,screen,monthly,linear,hicp_heat_energy,False,ok,,0.1,0.75,2025-10-01,1,2025-11-01,101.52,0.30882041653564873,-0.8369851326515674,1.8081625348760455,101.1190879391486,101.00800933311648,-0.40091206085139675,0.40091206085139675,0.16073048053611405,0.8086450363964701,0.0,600
f462b1e0ecaa96e16402ea83378bd674c5151c29e055fd0b89edc0318cf22765,7d7fa615e99da34b262233964695615aed3d767908a01bb89f0095d0e0d21fb8,heat_energy,minnesota,screen,monthly,linear,hicp_heat_energy,False,ok,,0.1,0.75,2025-10-01,3,2026-01-01,101.97,0.5642402847365855,-1.5637869966810536,3.234608417031475,101.29549757766104,101.16522005359673,-0.6745024223389606,0.6745024223389606,0.45495351774112563,0.8086450363964701,0.0,600
f462b1e0ecaa96e16402ea83378bd674c5151c29e055fd0b89edc0318cf22765,7d7fa615e99da34b262233964695615aed3d767908a01bb89f0095d0e0d21fb8,heat_energy,minnesota,screen,monthly,linear,hicp_heat_energy,False,ok,,0.1,0.75,2025-10-01,6,2026-04-01,102.12,0.9509785578751497,-2.1168295633973147,5.73957409851597,101.03859162418694,100.88542719737869,-1.0814083758130693,1.0814083758130693,1.1694440752786603,0.8086450363964701,0.0,600
83cbf7d22bd380d9a0f5c33ca70702c918326ecd2c13cee290cad1c357583813,7d7fa615e99da34b262233964695615aed3d767908a01bb89f0095d0e0d21fb8,heat_energy,minnesota,screen,monthly,linear,hicp_heat_energy,False,ok,,0.1,0.75,2025-11-01,1,2025-12-01,101.52,0.17839557325794486,-0.6437361900604106,1.7120271567045247,101.4631026595576,101.59167745491658,-0.05689734044239003,0.05689734044239003,0.003237307349417232,0.809023913167618,0.0,600
83cbf7d22bd380d9a0f5c33ca70702c918326ecd2c13cee290cad1c357583813,7d7fa615e99da34b262233964695615aed3d767908a01bb89f0095d0e0d21fb8,heat_energy,minnesota,screen,monthly,linear,hicp_heat_energy,False,ok,,0.1,0.75,2025-11-01,3,2026-02-01,102.14,0.412881394135147,-1.3142839275824816,3.132491062689941,101.61701398738911,101.66093062430801,-0.5229860126108861,0.5229860126108861,0.27351436938663387,0.809023913167618,0.0,600
83cbf7d22bd380d9a0f5c33ca70702c918326ecd2c13cee290cad1c357583813,7d7fa615e99da34b262233964695615aed3d767908a01bb89f0095d0e0d21fb8,heat_energy,minnesota,screen,monthly,linear,hicp_heat_energy,False,ok,,0.1,0.75,2025-11-01,6,2026-05-01,103.05,0.9266111075953352,-1.9981967520545956,5.316627912943618,101.7184274194326,101.73299902512063,-1.3315725805673964,1.3315725805673964,1.7730855373189152,0.809023913167618,0.0,600
936d5b5b214e84d28803fd780a89b783c99c0d7b08d4f231859c38ef11d35020,7d7fa615e99da34b262233964695615aed3d767908a01bb89f0095d0e0d21fb8,heat_energy,minnesota,screen,monthly,linear,hicp_heat_energy,False,ok,,0.1,0.75,2025-12-01,1,2026-01-01,101.97,0.28973355356465325,-0.6550113644857145,2.5868163005309173,101.51026477826822,101.47042772371594,-0.4597352217317763,0.4597352217317763,0.2113564741007655,0.8078633104453226,0.0,600
936d5b5b214e84d28803fd780a89b783c99c0d7b08d4f231859c38ef11d35020,7d7fa615e99da34b262233964695615aed3d767908a01bb89f0095d0e0d21fb8,heat_energy,minnesota,screen,monthly,linear,hicp_heat_energy,False,ok,,0.1,0.75,2025-12-01,3,2026-03-01,102.65,0.7496868852285599,-1.6859771596278819,3.891226073135837,101.48654134900606,101.4312541753635,-1.1634586509939453,1.1634586509939453,1.353636032572651,0.8078633104453226,0.0,600
936d5b5b214e84d28803fd780a89b783c99c0d7b08d4f231859c38ef11d35020,7d7fa615e99da34b262233964695615aed3d767908a01bb89f0095d0e0d21fb8,heat_energy,minnesota,screen,monthly,linear,hicp_heat_energy,False,ok,,0.1,0.75,2025-12-01,6,2026-06-01,104.17,1.7703251758808976,-2.698158395560306,6.136269965660661,101.35246340913974,101.39203512240152,-2.817536590860257,2.817536590860257,7.9385124408364405,0.8078633104453226,0.0,600
d596c79e4f1937a0c507278f73cfffec55942e7991d345a5d59515c3b5236e7e,4f62d174409f302dfd688c966d6e428d3e7647640d0fa126de88b9ef92faa942,heat_energy,minnesota,screen,monthly,linear,hicp_heat_energy,False,ok,,0.1,1.0,2025-07-01,1,2025-08-01,99.98,0.21067622395337615,-0.6009423030494556,1.754992921264948,99.73677216903405,99.67372117590696,-0.24322783096594947,0.24322783096594947,0.05915977775640049,0.8233150362117673,0.0,600
d596c79e4f1937a0c507278f73cfffec55942e7991d345a5d59515c3b5236e7e,4f62d174409f302dfd688c966d6e428d3e7647640d0fa126de88b9ef92faa942,heat_energy,minnesota,screen,monthly,linear,hicp_heat_energy,False,ok,,0.1,1.0,2025-07-01,3,2025-10-01,101.02,0.8101651514782242,-1.8171577060235498,2.938441589092187,99.6711095983635,99.69488090271867,-1.3488904016364955,1.3488904016364955,1.8195053156270662,0.8233150362117673,0.0,600
d596c79e4f1937a0c507278f73cfffec55942e7991d345a5d59515c3b5236e7e,4f62d174409f302dfd688c966d6e428d3e7647640d0fa126de88b9ef92faa942,heat_energy,minnesota,screen,monthly,linear,hicp_heat_energy,False,ok,,0.1,1.0,2025-07-01,6,2026-01-01,101.97,1.3843268821568642,-2.35518210986337,6.2985426156106294,99.39125718951577,99.93644761793269,-2.578742810484229,2.578742810484229,6.649914482624101,0.8233150362117673,0.0,600
29b38ea5bbe34b62d24d0a07714c220fdb44f6bef53d1da179d53f39945e05dc,4f62d174409f302dfd688c966d6e428d3e7647640d0fa126de88b9ef92faa942,heat_energy,minnesota,screen,monthly,linear,hicp_heat_energy,False,ok,,0.1,1.0,2025-08-01,1,2025-09-01,100.03,0.1448871610813537,-0.39757874265602133,1.4057966172544971,100.05667664857172,100.02687962174765,0.026676648571722694,0.026676648571722694,0.0007116435790191944,0.8219371576616146,0.0,600
29b38ea5bbe34b62d24d0a07714c220fdb44f6bef53d1da179d53f39945e05dc,4f62d174409f302dfd688c966d6e428d3e7647640d0fa126de88b9ef92faa942,heat_energy,minnesota,screen,monthly,linear,hicp_heat_energy,False,ok,,0.1,1.0,2025-08-01,3,2025-11-01,101.52,1.195361881241891,-2.7547913393574692,3.960070327928721,99.56114805552194,99.78357482999968,-1.9588519444780559,1.9588519444780559,3.8371009403854606,0.8219371576616146,0.0,600
29b38ea5bbe34b62d24d0a07714c220fdb44f6bef53d1da179d53f39945e05dc,4f62d174409f302dfd688c966d6e428d3e7647640d0fa126de88b9ef92faa942,heat_energy,minnesota,screen,monthly,linear,hicp_heat_energy,False,ok,,0.1,1.0,2025-08-01,6,2026-02-01,102.14,1.730809483495455,-2.759954809280141,7.434096152412179,99.74406750565531,99.34311537508563,-2.3959324943446916,2.3959324943446916,5.740492517456776,0.8219371576616146,0.0,600
cc3bfcc49099d7e68aaec7b43c290130408cbdd0c1c5f99cc5a17c4c419f7680,4f62d174409f302dfd688c966d6e428d3e7647640d0fa126de88b9ef92faa942,heat_energy,minnesota,screen,monthly,linear,hicp_heat_energy,False,ok,,0.1,1.0,2025-09-01,1,2025-10-01,101.02,0.6355766330919043,-1.7316019718693645,3.3464637214208137,100.17007154326977,100.03847906756104,-0.8499284567302254,0.8499284567302254,0.7223783815598227,0.8179684343754834,0.0,600
cc3bfcc49099d7e68aaec7b43c290130408cbdd0c1c5f99cc5a17c4c419f7680,4f62d174409f302dfd688c966d6e428d3e7647640d0fa126de88b9ef92faa942,heat_energy,minnesota,screen,monthly,linear,hicp_heat_energy,False,ok,,0.1,1.0,2025-09-01,3,2025-12-01,101.52,1.0641282475914062,-2.369154177641712,5.250767829433671,99.87536518074798,99.87557571631129,-1.644634819252019,1.644634819252019,2.704823688696121,0.8179684343754834,0.0,600
cc3bfcc49099d7e68aaec7b43c290130408cbdd0c1c5f99cc5a17c4c419f7680,4f62d174409f302dfd688c966d6e428d3e7647640d0fa126de88b9ef92faa942,heat_energy,minnesota,screen,monthly,linear,hicp_heat_energy,False,ok,,0.1,1.0,2025-09-01,6,2026-03-01,102.65,1.8608846783375528,-2.7618507592865855,6.997225517536347,99.71890094898144,99.70652039756564,-2.9310990510185633,2.9310990510185633,8.591341646881922,0.8179684343754834,0.0,600
dc9fe1a368694530219d4be68bc58cdabc4d888e5334f1fcca56bcae77e1a1a0,4f62d174409f302dfd688c966d6e428d3e7647640d0fa126de88b9ef92faa942,heat_energy,minnesota,screen,monthly,linear,hicp_heat_energy,False,ok,,0.1,1.0,2025-10-01,1,2025-11-01,101.52,0.32508368459251924,-0.9519952801186635,2.4950746019976693,101.02065562788282,100.99458599478237,-0.49934437211717864,0.49934437211717864,0.24934480196509937,0.8222268109129958,0.0,600
dc9fe1a368694530219d4be68bc58cdabc4d888e5334f1fcca56bcae77e1a1a0,4f62d174409f302dfd688c966d6e428d3e7647640d0fa126de88b9ef92faa942,heat_energy,minnesota,screen,monthly,linear,hicp_heat_energy,False,ok,,0.1,1.0,2025-10-01,3,2026-01-01,101.97,0.5736671493830328,-1.5681523017823693,4.176397134499777,101.22819557184232,101.12278876882763,-0.7418044281576783,0.7418044281576783,0.5502738096343401,0.8222268109129958,0.0,600
dc9fe1a368694530219d4be68bc58cdabc4d888e5334f1fcca56bcae77e1a1a0,4f62d174409f302dfd688c966d6e428d3e7647640d0fa126de88b9ef92faa942,heat_energy,minnesota,screen,monthly,linear,hicp_heat_energy,False,ok,,0.1,1.0,2025-10-01,6,2026-04-01,102.12,0.9022363253346155,-2.0321054152390534,6.656708990158738,101.1587242320287,101.1052300116609,-0.9612757679713013,0.9612757679713013,0.9240511020888151,0.8222268109129958,0.0,600
c22520c346678169257b1dc319292f5c11df7d0b6b4082424c34746e4ed499c2,4f62d174409f302dfd688c966d6e428d3e7647640d0fa126de88b9ef92faa942,heat_energy,minnesota,screen,monthly,linear,hicp_heat_energy,False,ok,,0.1,1.0,2025-11-01,1,2025-12-01,101.52,0.1493000625596843,-0.4474685977337307,1.1173841420900745,101.55988727518678,101.50153179138337,0.03988727518678559,0.03988727518678559,0.0015909947218263611,0.8220577518283598,0.0,600
c22520c346678169257b1dc319292f5c11df7d0b6b4082424c34746e4ed499c2,4f62d174409f302dfd688c966d6e428d3e7647640d0fa126de88b9ef92faa942,heat_energy,minnesota,screen,monthly,linear,hicp_heat_energy,False,ok,,0.1,1.0,2025-11-01,3,2026-02-01,102.14,0.4460465691987263,-1.3586512690623147,4.18414133279978,101.14052842053556,101.55595509368898,-0.9994715794644407,0.9994715794644407,0.9989434381571437,0.8220577518283598,0.0,600
c22520c346678169257b1dc319292f5c11df7d0b6b4082424c34746e4ed499c2,4f62d174409f302dfd688c966d6e428d3e7647640d0fa126de88b9ef92faa942,heat_energy,minnesota,screen,monthly,linear,hicp_heat_energy,False,ok,,0.1,1.0,2025-11-01,6,2026-05-01,103.05,1.1430656425471417,-2.191849020345918,6.501241750392578,100.91423144323714,101.38699593125148,-2.135768556762855,2.135768556762855,4.561507328056889,0.8220577518283598,0.0,600
c7011cc7ee58a3298d4bec39ffdb66266328254546e4b43bf948f5ff0b43dd46,4f62d174409f302dfd688c966d6e428d3e7647640d0fa126de88b9ef92faa942,heat_energy,minnesota,screen,monthly,linear,hicp_heat_energy,False,ok,,0.1,1.0,2025-12-01,1,2026-01-01,101.97,0.30368970014387964,-0.793859145658943,2.5992054495911536,101.5889180440952,101.45798954175582,-0.3810819559048042,0.3810819559048042,0.14522345711623114,0.8209703694290397,0.0,600
c7011cc7ee58a3298d4bec39ffdb66266328254546e4b43bf948f5ff0b43dd46,4f62d174409f302dfd688c966d6e428d3e7647640d0fa126de88b9ef92faa942,heat_energy,minnesota,screen,monthly,linear,hicp_heat_energy,False,ok,,0.1,1.0,2025-12-01,3,2026-03-01,102.65,0.8242071353825351,-1.8126310166540676,3.898048895632245,101.33474032054279,101.19176896567096,-1.3152596794572133,1.3152596794572133,1.7299080244058915,0.8209703694290397,0.0,600
c7011cc7ee58a3298d4bec39ffdb66266328254546e4b43bf948f5ff0b43dd46,4f62d174409f302dfd688c966d6e428d3e7647640d0fa126de88b9ef92faa942,heat_energy,minnesota,screen,monthly,linear,hicp_heat_energy,False,ok,,0.1,1.0,2025-12-01,6,2026-06-01,104.17,1.8494720699621454,-2.7895625997768247,6.455274283206103,101.16835871066874,101.29820384504706,-3.0016412893312605,3.0016412893312605,9.009850429818233,0.8209703694290397,0.0,600
1c0af47aaa0de82ffb0b9ce09aff0a1dbca5ad97919a3f683e171cbcbc288135,5270d04f8abed89de349ee2c2c19d3aae3e219e72eb662190e11c71ea29a69b9,heat_energy,minnesota,screen,monthly,linear,hicp_heat_energy,False,ok,,0.15,0.25,2025-07-01,1,2025-08-01,99.98,0.23502852318922174,-0.7277779442444734,2.9106642262786266,99.51005993000312,99.66282317664226,-0.46994006999688054,0.46994006999688054,0.22084366938867298,0.8149833266735015,0.0,600
1c0af47aaa0de82ffb0b9ce09aff0a1dbca5ad97919a3f683e171cbcbc288135,5270d04f8abed89de349ee2c2c19d3aae3e219e72eb662190e11c71ea29a69b9,heat_energy,minnesota,screen,monthly,linear,hicp_heat_energy,False,ok,,0.15,0.25,2025-07-01,3,2025-10-01,101.02,0.740325754262984,-1.764743361833987,4.520349341313865,99.69308574689703,99.85710849722302,-1.32691425310297,1.32691425310297,1.760701435087813,0.8149833266735015,0.0,600
1c0af47aaa0de82ffb0b9ce09aff0a1dbca5ad97919a3f683e171cbcbc288135,5270d04f8abed89de349ee2c2c19d3aae3e219e72eb662190e11c71ea29a69b9,heat_energy,minnesota,screen,monthly,linear,hicp_heat_energy,False,ok,,0.15,0.25,2025-07-01,6,2026-01-01,101.97,1.4062158361899142,-2.4882045590612982,7.505685295444589,99.51533675214453,99.84907219733488,-2.454663247855464,2.454663247855464,6.025371660372336,0.8149833266735015,0.0,600
5c29dcb1a62401e292cb61ba5470973b208e136963c07c1433f235012981b1c1,5270d04f8abed89de349ee2c2c19d3aae3e219e72eb662190e11c71ea29a69b9,heat_energy,minnesota,screen,monthly,linear,hicp_heat_energy,False,ok,,0.15,0.25,2025-08-01,1,2025-09-01,100.03,0.13772826703400498,-0.33353850744169566,1.470472185837513,100.04692959278005,100.02004176452542,0.0169295927800448,0.0169295927800448,0.000286611111698145,0.8123126019553053,0.0,600
5c29dcb1a62401e292cb61ba5470973b208e136963c07c1433f235012981b1c1,5270d04f8abed89de349ee2c2c19d3aae3e219e72eb662190e11c71ea29a69b9,heat_energy,minnesota,screen,monthly,linear,hicp_heat_energy,False,ok,,0.15,0.25,2025-08-01,3,2025-11-01,101.52,1.1028580142292848,-2.668360658053877,3.8435304484153634,99.77232176462158,99.93834164981062,-1.747678235378416,1.747678235378416,3.054379214415414,0.8123126019553053,0.0,600
5c29dcb1a62401e292cb61ba5470973b208e136963c07c1433f235012981b1c1,5270d04f8abed89de349ee2c2c19d3aae3e219e72eb662190e11c71ea29a69b9,heat_energy,minnesota,screen,monthly,linear,hicp_heat_energy,False,ok,,0.15,0.25,2025-08-01,6,2026-02-01,102.14,1.5558805673506182,-2.645958102550207,6.633985101234856,99.47052776580287,99.80394106587835,-2.66947223419713,2.66947223419713,7.126082009149417,0.8123126019553053,0.0,600
9adcfba1a27a793ef69c6aa92349a7013dd827c83627c8ba89de6abf72176d9f,5270d04f8abed89de349ee2c2c19d3aae3e219e72eb662190e11c71ea29a69b9,heat_energy,minnesota,screen,monthly,linear,hicp_heat_energy,False,ok,,0.15,0.25,2025-09-01,1,2025-10-01,101.02,0.6041483846593032,-1.9205512503855822,1.641179865472937,100.11355973198629,100.13245814429627,-0.9064402680137107,0.9064402680137107,0.8216339594767677,0.8122230964177488,0.0,600
9adcfba1a27a793ef69c6aa92349a7013dd827c83627c8ba89de6abf72176d9f,5270d04f8abed89de349ee2c2c19d3aae3e219e72eb662190e11c71ea29a69b9,heat_energy,minnesota,screen,monthly,linear,hicp_heat_energy,False,ok,,0.15,0.25,2025-09-01,3,2025-12-01,101.52,0.8884504009044445,-1.9144890336382288,2.964053917707014,99.98541747702552,100.12028880246527,-1.5345825229744747,1.5345825229744747,2.354943519818704,0.8122230964177488,0.0,600
9adcfba1a27a793ef69c6aa92349a7013dd827c83627c8ba89de6abf72176d9f,5270d04f8abed89de349ee2c2c19d3aae3e219e72eb662190e11c71ea29a69b9,heat_energy,minnesota,screen,monthly,linear,hicp_heat_energy,False,ok,,0.15,0.25,2025-09-01,6,2026-03-01,102.65,1.5871832872561393,-2.5359157327554422,4.84898419702758,100.08721370076438,100.14713232498477,-2.5627862992356256,2.5627862992356256,6.567873615549834,0.8122230964177488,0.0,600
6b28c0b5d9b48959239c3f1c0fa1429347a6048ea31bc17ed4d876cf8a1d1eb8,5270d04f8abed89de349ee2c2c19d3aae3e219e72eb662190e11c71ea29a69b9,heat_energy,minnesota,screen,monthly,linear,hicp_heat_energy,False,ok,,0.15,0.25,2025-10-01,1,2025-11-01,101.52,0.2582984215441597,-0.7469636289721686,2.380076560496578,101.20101865058216,101.1254799239176,-0.3189813494178395,0.3189813494178395,0.10174910127642582,0.8118477091550182,0.0,600
6b28c0b5d9b48959239c3f1c0fa1429347a6048ea31bc17ed4d876cf8a1d1eb8,5270d04f8abed89de349ee2c2c19d3aae3e219e72eb662190e11c71ea29a69b9,heat_energy,minnesota,screen,monthly,linear,hicp_heat_energy,False,ok,,0.15,0.25,2025-10-01,3,2026-01-01,101.97,0.45664054000757615,-1.3724135988023978,4.0838835070443755,101.42576324794514,101.4200564952448,-0.5442367520548572,0.5442367520548572,0.2961936422872201,0.8118477091550182,0.0,600
6b28c0b5d9b48959239c3f1c0fa1429347a6048ea31bc17ed4d876cf8a1d1eb8,5270d04f8abed89de349ee2c2c19d3aae3e219e72eb662190e11c71ea29a69b9,heat_energy,minnesota,screen,monthly,linear,hicp_heat_energy,False,ok,,0.15,0.25,2025-10-01,6,2026-04-01,102.12,0.7597482425636626,-1.9219068240333668,6.709711923733232,101.4923474928653,101.77565772547874,-0.6276525071346981,0.6276525071346981,0.39394766971247225,0.8118477091550182,0.0,600
e32c7048e236819f2fdf7bff6fd2907dfa10c47a10f7377c55c7b7703b3938ed,5270d04f8abed89de349ee2c2c19d3aae3e219e72eb662190e11c71ea29a69b9,heat_energy,minnesota,screen,monthly,linear,hicp_heat_energy,False,ok,,0.15,0.25,2025-11-01,1,2025-12-01,101.52,0.1728939641655569,-0.3921992187744161,1.1062830048510806,101.81362405493039,101.73190267784824,0.29362405493039034,0.29362405493039034,0.08621508563376488,0.812706635227829,0.0,600
e32c7048e236819f2fdf7bff6fd2907dfa10c47a10f7377c55c7b7703b3938ed,5270d04f8abed89de349ee2c2c19d3aae3e219e72eb662190e11c71ea29a69b9,heat_energy,minnesota,screen,monthly,linear,hicp_heat_energy,False,ok,,0.15,0.25,2025-11-01,3,2026-02-01,102.14,0.36050778443437514,-1.2358060946493037,3.271475712474442,102.10858362864461,102.10911844853891,-0.03141637135539099,0.03141637135539099,0.0009869883891398317,0.812706635227829,0.0,600
e32c7048e236819f2fdf7bff6fd2907dfa10c47a10f7377c55c7b7703b3938ed,5270d04f8abed89de349ee2c2c19d3aae3e219e72eb662190e11c71ea29a69b9,heat_energy,minnesota,screen,monthly,linear,hicp_heat_energy,False,ok,,0.15,0.25,2025-11-01,6,2026-05-01,103.05,0.7677940067934954,-1.9832043887378084,6.217256416796968,102.49537959693696,102.33343504315364,-0.5546204030630406,0.5546204030630406,0.3076037914938096,0.812706635227829,0.0,600
34f34f54f5cd38703065686ed7dc2ffb9a637886ea9c3de80f44ad085bde994d,5270d04f8abed89de349ee2c2c19d3aae3e219e72eb662190e11c71ea29a69b9,heat_energy,minnesota,screen,monthly,linear,hicp_heat_energy,False,ok,,0.15,0.25,2025-12-01,1,2026-01-01,101.97,0.2376636289016083,-0.4872993931799243,2.4962886281713494,101.68174643006104,101.60502291208185,-0.28825356993895923,0.28825356993895923,0.08309012058255447,0.8154521714625008,0.0,600
34f34f54f5cd38703065686ed7dc2ffb9a637886ea9c3de80f44ad085bde994d,5270d04f8abed89de349ee2c2c19d3aae3e219e72eb662190e11c71ea29a69b9,heat_energy,minnesota,screen,monthly,linear,hicp_heat_energy,False,ok,,0.15,0.25,2025-12-01,3,2026-03-01,102.65,0.6600569034595098,-1.6189779638238093,3.829232824860097,101.69454596509762,101.55109948633135,-0.9554540349023881,0.9554540349023881,0.9128924128112539,0.8154521714625008,0.0,600
34f34f54f5cd38703065686ed7dc2ffb9a637886ea9c3de80f44ad085bde994d,5270d04f8abed89de349ee2c2c19d3aae3e219e72eb662190e11c71ea29a69b9,heat_energy,minnesota,screen,monthly,linear,hicp_heat_energy,False,ok,,0.15,0.25,2025-12-01,6,2026-06-01,104.17,1.5560725338114425,-2.4210703737567325,6.391154817885751,101.64209716238267,101.64108890621185,-2.527902837617333,2.527902837617333,6.390292756433764,0.8154521714625008,0.0,600
1b157d1b9d68fa87da436a516aa33dc77c2c509d982fa5be3c126f46327469ce,79dc5fc212b949b95c66e29a02b905b5016b375aa739c5c2a5acf5a55cf45771,heat_energy,minnesota,screen,monthly,linear,hicp_heat_energy,False,ok,,0.15,0.5,2025-07-01,1,2025-08-01,99.98,0.2322006583948728,-0.682846967000172,1.8299137953211175,99.779002030249,99.6500887705644,-0.20099796975100048,0.20099796975100048,0.04040018384402411,0.8328233005299938,0.0,600
1b157d1b9d68fa87da436a516aa33dc77c2c509d982fa5be3c126f46327469ce,79dc5fc212b949b95c66e29a02b905b5016b375aa739c5c2a5acf5a55cf45771,heat_energy,minnesota,screen,monthly,linear,hicp_heat_energy,False,ok,,0.15,0.5,2025-07-01,3,2025-10-01,101.02,0.8148414684980798,-1.8323991706786908,3.0643681666932823,99.77719722800258,99.7125631454258,-1.2428027719974182,1.2428027719974182,1.5445587300844665,0.8328233005299938,0.0,600
1b157d1b9d68fa87da436a516aa33dc77c2c509d982fa5be3c126f46327469ce,79dc5fc212b949b95c66e29a02b905b5016b375aa739c5c2a5acf5a55cf45771,heat_energy,minnesota,screen,monthly,linear,hicp_heat_energy,False,ok,,0.15,0.5,2025-07-01,6,2026-01-01,101.97,1.4474893066858443,-2.4910640472872427,6.58019776189149,99.55159900947613,99.89178632201896,-2.418400990523864,2.418400990523864,5.848663350966806,0.8328233005299938,0.0,600
d4c91f6f4d9b06930c4f8496c2dc684d5e735552db7cd92ff10d2242d40678cd,79dc5fc212b949b95c66e29a02b905b5016b375aa739c5c2a5acf5a55cf45771,heat_energy,minnesota,screen,monthly,linear,hicp_heat_energy,False,ok,,0.15,0.5,2025-08-01,1,2025-09-01,100.03,0.14342274242565378,-0.33063006414932516,1.993599496002678,99.87478227373764,99.93666130577051,-0.1552177262623644,0.1552177262623644,0.02409254254605829,0.8304305664234364,0.0,600
d4c91f6f4d9b06930c4f8496c2dc684d5e735552db7cd92ff10d2242d40678cd,79dc5fc212b949b95c66e29a02b905b5016b375aa739c5c2a5acf5a55cf45771,heat_energy,minnesota,screen,monthly,linear,hicp_heat_energy,False,ok,,0.15,0.5,2025-08-01,3,2025-11-01,101.52,1.2128421487295158,-2.7793486756951955,4.437941156029716,99.70476408337184,99.80410783980963,-1.8152359166281542,1.8152359166281542,3.295081433016855,0.8304305664234364,0.0,600
d4c91f6f4d9b06930c4f8496c2dc684d5e735552db7cd92ff10d2242d40678cd,79dc5fc212b949b95c66e29a02b905b5016b375aa739c5c2a5acf5a55cf45771,heat_energy,minnesota,screen,monthly,linear,hicp_heat_energy,False,ok,,0.15,0.5,2025-08-01,6,2026-02-01,102.14,1.8370841667720677,-2.7577607224159197,7.056652572190276,99.0605570874963,99.523755470928,-3.079442912503694,3.079442912503694,9.482968651369236,0.8304305664234364,0.0,600
17a8a002d2974378a56280012cacf7a4aeff3944a9d24b5d17bda68c3c4368fc,79dc5fc212b949b95c66e29a02b905b5016b375aa739c5c2a5acf5a55cf45771,heat_energy,minnesota,screen,monthly,linear,hicp_heat_energy,False,ok,,0.15,0.5,2025-09-01,1,2025-10-01,101.02,0.6249969107496833,-2.017464126717117,1.112366340245774,100.15225897146385,100.13349299114407,-0.8677410285361447,0.8677410285361447,0.7529744926049662,0.8279525344977208,0.0,600
17a8a002d2974378a56280012cacf7a4aeff3944a9d24b5d17bda68c3c4368fc,79dc5fc212b949b95c66e29a02b905b5016b375aa739c5c2a5acf5a55cf45771,heat_energy,minnesota,screen,monthly,linear,hicp_heat_energy,False,ok,,0.15,0.5,2025-09-01,3,2025-12-01,101.52,1.098114615948605,-2.3808526368233993,2.8099844591601983,99.73749214960908,99.8533243866388,-1.782507850390914,1.782507850390914,3.177334236705237,0.8279525344977208,0.0,600
17a8a002d2974378a56280012cacf7a4aeff3944a9d24b5d17bda68c3c4368fc,79dc5fc212b949b95c66e29a02b905b5016b375aa739c5c2a5acf5a55cf45771,heat_energy,minnesota,screen,monthly,linear,hicp_heat_energy,False,ok,,0.15,0.5,2025-09-01,6,2026-03-01,102.65,1.8855162967339232,-2.8408545062499138,4.90801576608477,99.57126852659208,99.74230407861259,-3.0787314734079274,3.0787314734079274,9.478587485352548,0.8279525344977208,0.0,600
7aabe5caaded2bc6d7040d774b04bc9b0e9481d03970ae28020629f392d242f4,79dc5fc212b949b95c66e29a02b905b5016b375aa739c5c2a5acf5a55cf45771,heat_energy,minnesota,screen,monthly,linear,hicp_heat_energy,False,ok,,0.15,0.5,2025-10-01,1,2025-11-01,101.52,0.2898306199221311,-0.7784013824625893,2.0399436317297166,101.16463011171608,101.07510675203983,-0.35536988828391713,0.35536988828391713,0.12628775749892374,0.8287707818063708,0.0,600
7aabe5caaded2bc6d7040d774b04bc9b0e9481d03970ae28020629f392d242f4,79dc5fc212b949b95c66e29a02b905b5016b375aa739c5c2a5acf5a55cf45771,heat_energy,minnesota,screen,monthly,linear,hicp_heat_energy,False,ok,,0.15,0.5,2025-10-01,3,2026-01-01,101.97,0.5286906185484579,-1.5533547913598493,3.956488913892019,101.6182853009178,101.19101556082785,-0.3517146990821942,0.3517146990821942,0.12370322955047842,0.8287707818063708,0.0,600
7aabe5caaded2bc6d7040d774b04bc9b0e9481d03970ae28020629f392d242f4,79dc5fc212b949b95c66e29a02b905b5016b375aa739c5c2a5acf5a55cf45771,heat_energy,minnesota,screen,monthly,linear,hicp_heat_energy,False,ok,,0.15,0.5,2025-10-01,6,2026-04-01,102.12,0.8929577339097343,-2.0419723198412996,7.209902682371555,101.49362331541862,101.07255026097664,-0.6263766845813876,0.6263766845813876,0.3923477509871712,0.8287707818063708,0.0,600
919ab681d550e7b445c0dd589b6f085525bc8ebcaa76f4af3e50b2631fd69b8b,79dc5fc212b949b95c66e29a02b905b5016b375aa739c5c2a5acf5a55cf45771,heat_energy,minnesota,screen,monthly,linear,hicp_heat_energy,False,ok,,0.15,0.5,2025-11-01,1,2025-12-01,101.52,0.14738772692310487,-0.38902896505650464,1.781762993595831,101.67704271838313,101.61114892314984,0.15704271838313844,0.15704271838313844,0.024662415397165727,0.8284555504508504,0.0,600
919ab681d550e7b445c0dd589b6f085525bc8ebcaa76f4af3e50b2631fd69b8b,79dc5fc212b949b95c66e29a02b905b5016b375aa739c5c2a5acf5a55cf45771,heat_energy,minnesota,screen,monthly,linear,hicp_heat_energy,False,ok,,0.15,0.5,2025-11-01,3,2026-02-01,102.14,0.3870979702419943,-1.3230601207965238,3.6249384595690244,101.79838336877974,101.85066580045728,-0.341616631220262,0.341616631220262,0.11670192272628047,0.8284555504508504,0.0,600
919ab681d550e7b445c0dd589b6f085525bc8ebcaa76f4af3e50b2631fd69b8b,79dc5fc212b949b95c66e29a02b905b5016b375aa739c5c2a5acf5a55cf45771,heat_energy,minnesota,screen,monthly,linear,hicp_heat_energy,False,ok,,0.15,0.5,2025-11-01,6,2026-05-01,103.05,0.9054904323379871,-2.05109437686092,6.042207443782579,101.61887516585026,101.9753691437455,-1.4311248341497418,1.4311248341497418,2.048118290920126,0.8284555504508504,0.0,600
30fe3ecef67ff211882935ed767ecf6152a9d43cca7e30f86e1c555345e7c2af,79dc5fc212b949b95c66e29a02b905b5016b375aa739c5c2a5acf5a55cf45771,heat_energy,minnesota,screen,monthly,linear,hicp_heat_energy,False,ok,,0.15,0.5,2025-12-01,1,2026-01-01,101.97,0.2667536076051875,-0.755451367937928,2.7922818773671882,101.53337301513196,101.52422511037793,-0.43662698486804175,0.43662698486804175,0.19064312391495716,0.830679774321773,0.0,600
30fe3ecef67ff211882935ed767ecf6152a9d43cca7e30f86e1c555345e7c2af,79dc5fc212b949b95c66e29a02b905b5016b375aa739c5c2a5acf5a55cf45771,heat_energy,minnesota,screen,monthly,linear,hicp_heat_energy,False,ok,,0.15,0.5,2025-12-01,3,2026-03-01,102.65,0.7066774092817449,-1.7023539364995148,4.01267098570725,101.41726509411694,101.54407233687647,-1.2327349058830634,1.2327349058830634,1.5196353481825253,0.830679774321773,0.0,600
30fe3ecef67ff211882935ed767ecf6152a9d43cca7e30f86e1c555345e7c2af,79dc5fc212b949b95c66e29a02b905b5016b375aa739c5c2a5acf5a55cf45771,heat_energy,minnesota,screen,monthly,linear,hicp_heat_energy,False,ok,,0.15,0.5,2025-12-01,6,2026-06-01,104.17,1.682882162026433,-2.687864205652253,6.375566364287639,101.44275035016341,101.6035070277346,-2.727249649836594,2.727249649836594,7.437890652533824,0.830679774321773,0.0,600
7dfcf20d80942c46da30c4ac9aa95c6b84b1e074c658e06eeedf960193aec93c,9edc7e613a3a669a07491dc0168dadcbfcea79efc585e08d7f05a25380db1250,heat_energy,minnesota,screen,monthly,linear,hicp_heat_energy,False,ok,,0.15,0.75,2025-07-01,1,2025-08-01,99.98,0.25990806538447464,-0.8665750439384619,1.7655047270483553,99.47833910304068,99.5811695958634,-0.5016608969593221,0.5016608969593221,0.2516636555380316,0.8459823302424532,0.0,600
7dfcf20d80942c46da30c4ac9aa95c6b84b1e074c658e06eeedf960193aec93c,9edc7e613a3a669a07491dc0168dadcbfcea79efc585e08d7f05a25380db1250,heat_energy,minnesota,screen,monthly,linear,hicp_heat_energy,False,ok,,0.15,0.75,2025-07-01,3,2025-10-01,101.02,0.8094371292764957,-1.8568113390015561,3.296624821548427,99.582003188983,99.75795736884106,-1.4379968110170012,1.4379968110170012,2.067834828495065,0.8459823302424532,0.0,600
7dfcf20d80942c46da30c4ac9aa95c6b84b1e074c658e06eeedf960193aec93c,9edc7e613a3a669a07491dc0168dadcbfcea79efc585e08d7f05a25380db1250,heat_energy,minnesota,screen,monthly,linear,hicp_heat_energy,False,ok,,0.15,0.75,2025-07-01,6,2026-01-01,101.97,1.5721414316535127,-2.5044151465205275,6.877913815780559,99.88736906854133,99.57116390242379,-2.0826309314586666,2.0826309314586666,4.337351596668394,0.8459823302424532,0.0,600
5621854e2d51c6bb4aab4cdd0f92fd748e9d6e1806e12ecf2fada66efddbbf7b,9edc7e613a3a669a07491dc0168dadcbfcea79efc585e08d7f05a25380db1250,heat_energy,minnesota,screen,monthly,linear,hicp_heat_energy,False,ok,,0.15,0.75,2025-08-01,1,2025-09-01,100.03,0.14864239028666748,-0.392371900181697,1.4429517663136076,99.96190327732505,99.97231375422018,-0.06809672267495159,0.06809672267495159,0.004637163639069267,0.8428551002183869,0.0,600
5621854e2d51c6bb4aab4cdd0f92fd748e9d6e1806e12ecf2fada66efddbbf7b,9edc7e613a3a669a07491dc0168dadcbfcea79efc585e08d7f05a25380db1250,heat_energy,minnesota,screen,monthly,linear,hicp_heat_energy,False,ok,,0.15,0.75,2025-08-01,3,2025-11-01,101.52,1.2784848474217605,-2.604227786029689,3.8789746210949847,99.43338842686306,99.69132326286412,-2.086611573136935,2.086611573136935,4.353947857148993,0.8428551002183869,0.0,600
5621854e2d51c6bb4aab4cdd0f92fd748e9d6e1806e12ecf2fada66efddbbf7b,9edc7e613a3a669a07491dc0168dadcbfcea79efc585e08d7f05a25380db1250,heat_energy,minnesota,screen,monthly,linear,hicp_heat_energy,False,ok,,0.15,0.75,2025-08-01,6,2026-02-01,102.14,1.9571079528430086,-2.8055770294235485,6.688557227897059,98.88361263942541,99.18137583474801,-3.2563873605745925,3.2563873605745925,10.604058642109962,0.8428551002183869,0.0,600
4c283f515911fff35b7dccc4ea7c5510756896ffcee8a41c5da281808ade8616,9edc7e613a3a669a07491dc0168dadcbfcea79efc585e08d7f05a25380db1250,heat_energy,minnesota,screen,monthly,linear,hicp_heat_energy,False,ok,,0.15,0.75,2025-09-01,1,2025-10-01,101.02,0.649311074438532,-1.8299219305016186,1.223146975778878,100.12843699201298,100.03951933281792,-0.8915630079870169,0.8915630079870169,0.7948845972108576,0.8401373727091195,0.0,600
4c283f515911fff35b7dccc4ea7c5510756896ffcee8a41c5da281808ade8616,9edc7e613a3a669a07491dc0168dadcbfcea79efc585e08d7f05a25380db1250,heat_energy,minnesota,screen,monthly,linear,hicp_heat_energy,False,ok,,0.15,0.75,2025-09-01,3,2025-12-01,101.52,1.0809506693679642,-2.410203794595524,3.9170370759972255,99.76557799086599,99.83305689212594,-1.7544220091340037,1.7544220091340037,3.077996586133794,0.8401373727091195,0.0,600
4c283f515911fff35b7dccc4ea7c5510756896ffcee8a41c5da281808ade8616,9edc7e613a3a669a07491dc0168dadcbfcea79efc585e08d7f05a25380db1250,heat_energy,minnesota,screen,monthly,linear,hicp_heat_energy,False,ok,,0.15,0.75,2025-09-01,6,2026-03-01,102.65,2.0016216922953296,-3.114250974375956,5.694827218305455,99.44555813805147,99.60540263772225,-3.2044418619485384,3.2044418619485384,10.268447646608216,0.8401373727091195,0.0,600
07dcd497677c6f2074969d7559a951827387e3e38344b6b01038851f5da426c7,9edc7e613a3a669a07491dc0168dadcbfcea79efc585e08d7f05a25380db1250,heat_energy,minnesota,screen,monthly,linear,hicp_heat_energy,False,ok,,0.15,0.75,2025-10-01,1,2025-11-01,101.52,0.327521185037848,-0.9254351996087511,2.0465828534867256,101.01413959662513,100.95590656551832,-0.5058604033748679,0.5058604033748679,0.2558947477025841,0.841319373050468,0.0,600
07dcd497677c6f2074969d7559a951827387e3e38344b6b01038851f5da426c7,9edc7e613a3a669a07491dc0168dadcbfcea79efc585e08d7f05a25380db1250,heat_energy,minnesota,screen,monthly,linear,hicp_heat_energy,False,ok,,0.15,0.75,2025-10-01,3,2026-01-01,101.97,0.6036959331746794,-1.5996804127767676,3.7842863803887825,101.15854772559365,101.08970649766772,-0.8114522744063493,0.8114522744063493,0.6584547936392371,0.841319373050468,0.0,600
07dcd497677c6f2074969d7559a951827387e3e38344b6b01038851f5da426c7,9edc7e613a3a669a07491dc0168dadcbfcea79efc585e08d7f05a25380db1250,heat_energy,minnesota,screen,monthly,linear,hicp_heat_energy,False,ok,,0.15,0.75,2025-10-01,6,2026-04-01,102.12,0.9171167226594545,-2.0732722799098386,5.435087506588356,101.06953686487613,101.10171319059761,-1.0504631351238771,1.0504631351238771,1.103472798254285,0.841319373050468,0.0,600
8e358a6cf5ce14023eb4c51b0e0ff2aa0b018ce55448f87c2c812c8d756705a6,9edc7e613a3a669a07491dc0168dadcbfcea79efc585e08d7f05a25380db1250,heat_energy,minnesota,screen,monthly,linear,hicp_heat_energy,False,ok,,0.15,0.75,2025-11-01,1,2025-12-01,101.52,0.1637659535664081,-0.48688848919050365,1.9285658440379543,101.68580141290605,101.63245642144565,0.165801412906049,0.165801412906049,0.02749010852164215,0.8429850493348892,0.0,600
8e358a6cf5ce14023eb4c51b0e0ff2aa0b018ce55448f87c2c812c8d756705a6,9edc7e613a3a669a07491dc0168dadcbfcea79efc585e08d7f05a25380db1250,heat_energy,minnesota,screen,monthly,linear,hicp_heat_energy,False,ok,,0.15,0.75,2025-11-01,3,2026-02-01,102.14,0.4187052631765513,-1.4000180354375917,3.7415578589384157,101.57872134211593,101.78291655122815,-0.561278657884074,0.561278657884074,0.31503373179614746,0.8429850493348892,0.0,600
8e358a6cf5ce14023eb4c51b0e0ff2aa0b018ce55448f87c2c812c8d756705a6,9edc7e613a3a669a07491dc0168dadcbfcea79efc585e08d7f05a25380db1250,heat_energy,minnesota,screen,monthly,linear,hicp_heat_energy,False,ok,,0.15,0.75,2025-11-01,6,2026-05-01,103.05,0.9454995885400526,-2.1713501275191005,6.452748775556803,101.66306580840651,101.68656060951324,-1.3869341915934825,1.3869341915934825,1.9235864518110668,0.8429850493348892,0.0,600
a749cb1823f73b8899b001c7b75f89f940d9741518de184947771194ee57980d,9edc7e613a3a669a07491dc0168dadcbfcea79efc585e08d7f05a25380db1250,heat_energy,minnesota,screen,monthly,linear,hicp_heat_energy,False,ok,,0.15,0.75,2025-12-01,1,2026-01-01,101.97,0.3097035129932618,-0.840675250156619,2.4153925853218245,101.46661437326428,101.46830467902717,-0.5033856267357208,0.5033856267357208,0.25339708920411447,0.8422990015106271,0.0,600
a749cb1823f73b8899b001c7b75f89f940d9741518de184947771194ee57980d,9edc7e613a3a669a07491dc0168dadcbfcea79efc585e08d7f05a25380db1250,heat_energy,minnesota,screen,monthly,linear,hicp_heat_energy,False,ok,,0.15,0.75,2025-12-01,3,2026-03-01,102.65,0.84195127583319,-1.9163419630135676,3.762846430711302,101.27353913596285,101.28015862730625,-1.3764608640371563,1.3764608640371563,1.8946445102259148,0.8422990015106271,0.0,600
a749cb1823f73b8899b001c7b75f89f940d9741518de184947771194ee57980d,9edc7e613a3a669a07491dc0168dadcbfcea79efc585e08d7f05a25380db1250,heat_energy,minnesota,screen,monthly,linear,hicp_heat_energy,False,ok,,0.15,0.75,2025-12-01,6,2026-06-01,104.17,1.7971662337143308,-2.651451999016001,6.3103025614775,101.2612338964569,101.29413099907092,-2.908766103543101,2.908766103543101,8.460920245121315,0.8422990015106271,0.0,600
d16b6a518ea982be9891e1a62af8ece503ef648e10150936194ec3886c856aff,e9d011ca7c1fbc8d287d20fa60248d9c8c49fe26b0c3c32eabeae1b5addf0045,heat_energy,minnesota,screen,monthly,linear,hicp_heat_energy,False,ok,,0.15,1.0,2025-07-01,1,2025-08-01,99.98,0.21732866353982772,-0.6789734919911643,2.9997033605967736,99.67546075256323,99.7106499597669,-0.30453924743677874,0.30453924743677874,0.09274415322935954,0.854322388516584,0.0,600
d16b6a518ea982be9891e1a62af8ece503ef648e10150936194ec3886c856aff,e9d011ca7c1fbc8d287d20fa60248d9c8c49fe26b0c3c32eabeae1b5addf0045,heat_energy,minnesota,screen,monthly,linear,hicp_heat_energy,False,ok,,0.15,1.0,2025-07-01,3,2025-10-01,101.02,0.8172815770530286,-1.9926546218496375,4.455500482876171,99.65938374651527,99.76547198197255,-1.3606162534847215,1.3606162534847215,1.8512765892468,0.854322388516584,0.0,600
d16b6a518ea982be9891e1a62af8ece503ef648e10150936194ec3886c856aff,e9d011ca7c1fbc8d287d20fa60248d9c8c49fe26b0c3c32eabeae1b5addf0045,heat_energy,minnesota,screen,monthly,linear,hicp_heat_energy,False,ok,,0.15,1.0,2025-07-01,6,2026-01-01,101.97,1.5527000200433463,-2.638530376716865,7.705661498641391,99.22384470159506,99.64453143728895,-2.7461552984049433,2.7461552984049433,7.541368922957544,0.854322388516584,0.0,600
086b93c69097dac047e45860e77709d68ddab1008f23a97e9506efbc6eec4438,e9d011ca7c1fbc8d287d20fa60248d9c8c49fe26b0c3c32eabeae1b5addf0045,heat_energy,minnesota,screen,monthly,linear,hicp_heat_energy,False,ok,,0.15,1.0,2025-08-01,1,2025-09-01,100.03,0.1549814349478713,-0.4347893230694124,1.4472134169153028,99.92600056904041,99.93592336432117,-0.10399943095958974,0.10399943095958974,0.010815881639918474,0.854553766838569,0.0,600
086b93c69097dac047e45860e77709d68ddab1008f23a97e9506efbc6eec4438,e9d011ca7c1fbc8d287d20fa60248d9c8c49fe26b0c3c32eabeae1b5addf0045,heat_energy,minnesota,screen,monthly,linear,hicp_heat_energy,False,ok,,0.15,1.0,2025-08-01,3,2025-11-01,101.52,1.2925071326028053,-2.539284858520797,3.9026984953447417,99.49328530348636,99.6380720772815,-2.0267146965136362,2.0267146965136362,4.10757246106436,0.854553766838569,0.0,600
086b93c69097dac047e45860e77709d68ddab1008f23a97e9506efbc6eec4438,e9d011ca7c1fbc8d287d20fa60248d9c8c49fe26b0c3c32eabeae1b5addf0045,heat_energy,minnesota,screen,monthly,linear,hicp_heat_energy,False,ok,,0.15,1.0,2025-08-01,6,2026-02-01,102.14,1.9481534888410517,-2.7721671152336502,6.282113614942574,99.11302738206827,99.16040767086068,-3.026972617931733,3.026972617931733,9.16256322970849,0.854553766838569,0.0,600
f53e4ac96b70ddc4967fec77838dce66653431774b00f39de5b5e1e094c32ad5,e9d011ca7c1fbc8d287d20fa60248d9c8c49fe26b0c3c32eabeae1b5addf0045,heat_energy,minnesota,screen,monthly,linear,hicp_heat_energy,False,ok,,0.15,1.0,2025-09-01,1,2025-10-01,101.02,0.6355858155923372,-1.997005650155514,2.8113750672284326,99.95507229821344,100.07270736544453,-1.0649277017865586,1.0649277017865586,1.1340710100324014,0.8500361148262741,0.0,600
f53e4ac96b70ddc4967fec77838dce66653431774b00f39de5b5e1e094c32ad5,e9d011ca7c1fbc8d287d20fa60248d9c8c49fe26b0c3c32eabeae1b5addf0045,heat_energy,minnesota,screen,monthly,linear,hicp_heat_energy,False,ok,,0.15,1.0,2025-09-01,3,2025-12-01,101.52,1.0566981355480667,-2.3612445818987813,4.485397916766462,99.55211481860252,99.89080790527619,-1.9678851813974774,1.9678851813974774,3.8725720871637823,0.8500361148262741,0.0,600
f53e4ac96b70ddc4967fec77838dce66653431774b00f39de5b5e1e094c32ad5,e9d011ca7c1fbc8d287d20fa60248d9c8c49fe26b0c3c32eabeae1b5addf0045,heat_energy,minnesota,screen,monthly,linear,hicp_heat_energy,False,ok,,0.15,1.0,2025-09-01,6,2026-03-01,102.65,1.9215266255807206,-2.841896734074041,6.194527861862552,99.3402929324187,99.66980095884648,-3.3097070675813,3.3097070675813,10.954160873197608,0.8500361148262741,0.0,600
0183ea3cca29bcfac888d7369cbe7e18f41cf3cb3abcf3c8943d54fef2d4a64b,e9d011ca7c1fbc8d287d20fa60248d9c8c49fe26b0c3c32eabeae1b5addf0045,heat_energy,minnesota,screen,monthly,linear,hicp_heat_energy,False,ok,,0.15,1.0,2025-10-01,1,2025-11-01,101.52,0.3262536492317425,-0.8522741943613275,2.634232655427269,101.16565570525376,101.02338549889612,-0.35434429474624096,0.35434429474624096,0.12555987921921088,0.8529786472687643,0.0,600
0183ea3cca29bcfac888d7369cbe7e18f41cf3cb3abcf3c8943d54fef2d4a64b,e9d011ca7c1fbc8d287d20fa60248d9c8c49fe26b0c3c32eabeae1b5addf0045,heat_energy,minnesota,screen,monthly,linear,hicp_heat_energy,False,ok,,0.15,1.0,2025-10-01,3,2026-01-01,101.97,0.5836834905370811,-1.6089596715238441,4.0449903489674295,101.45495909274841,101.0631983462032,-0.5150409072515885,0.5150409072515885,0.26526713614253933,0.8529786472687643,0.0,600
0183ea3cca29bcfac888d7369cbe7e18f41cf3cb3abcf3c8943d54fef2d4a64b,e9d011ca7c1fbc8d287d20fa60248d9c8c49fe26b0c3c32eabeae1b5addf0045,heat_energy,minnesota,screen,monthly,linear,hicp_heat_energy,False,ok,,0.15,1.0,2025-10-01,6,2026-04-01,102.12,0.9650385301414572,-2.057714893734447,6.357995729577051,101.21114270757523,100.81766307588646,-0.90885729242477,0.90885729242477,0.8260215779936838,0.8529786472687643,0.0,600
ea72cc8fca566e976b5ed9e1a4d2a92e2ad8db485877acc38924f87b00a9b9c7,e9d011ca7c1fbc8d287d20fa60248d9c8c49fe26b0c3c32eabeae1b5addf0045,heat_energy,minnesota,screen,monthly,linear,hicp_heat_energy,False,ok,,0.15,1.0,2025-11-01,1,2025-12-01,101.52,0.18575572047677125,-0.7144505834304322,1.5050894663015884,101.57408201848378,101.56747429430001,0.05408201848378269,0.05408201848378269,0.0029248647232802127,0.8524167874217929,0.0,600
ea72cc8fca566e976b5ed9e1a4d2a92e2ad8db485877acc38924f87b00a9b9c7,e9d011ca7c1fbc8d287d20fa60248d9c8c49fe26b0c3c32eabeae1b5addf0045,heat_energy,minnesota,screen,monthly,linear,hicp_heat_energy,False,ok,,0.15,1.0,2025-11-01,3,2026-02-01,102.14,0.4330524805040181,-1.4232195276197634,2.583964372880973,101.60612275421367,101.58044549032914,-0.5338772457863286,0.5338772457863286,0.2850249135683959,0.8524167874217929,0.0,600
ea72cc8fca566e976b5ed9e1a4d2a92e2ad8db485877acc38924f87b00a9b9c7,e9d011ca7c1fbc8d287d20fa60248d9c8c49fe26b0c3c32eabeae1b5addf0045,heat_energy,minnesota,screen,monthly,linear,hicp_heat_energy,False,ok,,0.15,1.0,2025-11-01,6,2026-05-01,103.05,0.9712869886819271,-2.059325067847812,5.089487822241247,101.52580129645678,101.61603776677971,-1.5241987035432203,1.5241987035432203,2.3231816878828337,0.8524167874217929,0.0,600
7140916a6569f9fb822f1aaf93da79db7c15580e450be6a26814e70bfce43e3b,e9d011ca7c1fbc8d287d20fa60248d9c8c49fe26b0c3c32eabeae1b5addf0045,heat_energy,minnesota,screen,monthly,linear,hicp_heat_energy,False,ok,,0.15,1.0,2025-12-01,1,2026-01-01,101.97,0.28638357610171117,-0.7517832868945753,1.7039179912823827,101.45792016282432,101.50342275159434,-0.5120798371756763,0.5120798371756763,0.2622257596418671,0.851538935817668,0.0,600
7140916a6569f9fb822f1aaf93da79db7c15580e450be6a26814e70bfce43e3b,e9d011ca7c1fbc8d287d20fa60248d9c8c49fe26b0c3c32eabeae1b5addf0045,heat_energy,minnesota,screen,monthly,linear,hicp_heat_energy,False,ok,,0.15,1.0,2025-12-01,3,2026-03-01,102.65,0.7664347002353142,-1.6436686669393135,2.9992227930689292,101.42368157927051,101.36539115493784,-1.2263184207294984,1.2263184207294984,1.503856869020491,0.851538935817668,0.0,600
7140916a6569f9fb822f1aaf93da79db7c15580e450be6a26814e70bfce43e3b,e9d011ca7c1fbc8d287d20fa60248d9c8c49fe26b0c3c32eabeae1b5addf0045,heat_energy,minnesota,screen,monthly,linear,hicp_heat_energy,False,ok,,0.15,1.0,2025-12-01,6,2026-06-01,104.17,1.806429046848809,-2.710475744894247,5.263950319259143,101.47463241726085,101.29484767308145,-2.695367582739152,2.695367582739152,7.2650064060811,0.851538935817668,0.0,600
7ed5d7fd0b9d6bbbf6ef50d6674a0e59404d612f3f89f91ad1b849ffde2ed8fa,059827a779da9b307f0aaec6bc5a1f8368404041c62336cfbc3d20c670491559,heat_energy,minnesota,screen,monthly,linear,hicp_heat_energy,False,ok,,0.2,0.25,2025-07-01,1,2025-08-01,99.98,0.24218912298416173,-0.6769139270596289,1.6001498567724246,99.64309171468226,99.63867052573214,-0.3369082853177474,0.3369082853177474,0.11350719271574469,0.83578972815048,0.0,600
7ed5d7fd0b9d6bbbf6ef50d6674a0e59404d612f3f89f91ad1b849ffde2ed8fa,059827a779da9b307f0aaec6bc5a1f8368404041c62336cfbc3d20c670491559,heat_energy,minnesota,screen,monthly,linear,hicp_heat_energy,False,ok,,0.2,0.25,2025-07-01,3,2025-10-01,101.02,0.8058082638292676,-1.7889492896752417,2.8476407894603017,99.69650767289228,99.72505137287874,-1.323492327107715,1.323492327107715,1.751631939912995,0.83578972815048,0.0,600
7ed5d7fd0b9d6bbbf6ef50d6674a0e59404d612f3f89f91ad1b849ffde2ed8fa,059827a779da9b307f0aaec6bc5a1f8368404041c62336cfbc3d20c670491559,heat_energy,minnesota,screen,monthly,linear,hicp_heat_energy,False,ok,,0.2,0.25,2025-07-01,6,2026-01-01,101.97,1.39611197123949,-2.349711558379657,5.722828104252062,99.56221974637677,99.99447706840982,-2.40778025362323,2.40778025362323,5.797405749737945,0.83578972815048,0.0,600
d94eb22fcf1c758ee91b8e685a019705231f4e178eac97c936d894db5e32d079,059827a779da9b307f0aaec6bc5a1f8368404041c62336cfbc3d20c670491559,heat_energy,minnesota,screen,monthly,linear,hicp_heat_energy,False,ok,,0.2,0.25,2025-08-01,1,2025-09-01,100.03,0.13554510014192633,-0.2981672718659807,2.2675910534778265,100.05844869697653,99.98111728172799,0.02844869697652541,0.02844869697652541,0.000809328359662166,0.8317965628616217,0.0,600
d94eb22fcf1c758ee91b8e685a019705231f4e178eac97c936d894db5e32d079,059827a779da9b307f0aaec6bc5a1f8368404041c62336cfbc3d20c670491559,heat_energy,minnesota,screen,monthly,linear,hicp_heat_energy,False,ok,,0.2,0.25,2025-08-01,3,2025-11-01,101.52,1.1305423126568865,-2.671478338037844,4.7253716803654715,100.00761319990285,99.90442891610148,-1.512386800097147,1.512386800097147,2.2873138331080876,0.8317965628616217,0.0,600
d94eb22fcf1c758ee91b8e685a019705231f4e178eac97c936d894db5e32d079,059827a779da9b307f0aaec6bc5a1f8368404041c62336cfbc3d20c670491559,heat_energy,minnesota,screen,monthly,linear,hicp_heat_energy,False,ok,,0.2,0.25,2025-08-01,6,2026-02-01,102.14,1.6563986612767434,-2.715639423246932,7.232735487371142,99.74868718868917,99.6017631107287,-2.3913128113108257,2.3913128113108257,5.718376961539285,0.8317965628616217,0.0,600
edd423af49be85824b8be64cd878e4914b8286d9b974f5c137d4b019276fd277,059827a779da9b307f0aaec6bc5a1f8368404041c62336cfbc3d20c670491559,heat_energy,minnesota,screen,monthly,linear,hicp_heat_energy,False,ok,,0.2,0.25,2025-09-01,1,2025-10-01,101.02,0.6612546491270606,-1.968356467578647,0.7888149117181661,100.07018355175623,100.02842062884656,-0.9498164482437659,0.9498164482437659,0.9021512853544024,0.8347392393642741,0.0,600
edd423af49be85824b8be64cd878e4914b8286d9b974f5c137d4b019276fd277,059827a779da9b307f0aaec6bc5a1f8368404041c62336cfbc3d20c670491559,heat_energy,minnesota,screen,monthly,linear,hicp_heat_energy,False,ok,,0.2,0.25,2025-09-01,3,2025-12-01,101.52,1.014156619440716,-2.3064207714843894,4.0892249481501635,99.84845997072429,99.98869554583513,-1.6715400292757039,1.6715400292757039,2.794046069471021,0.8347392393642741,0.0,600
edd423af49be85824b8be64cd878e4914b8286d9b974f5c137d4b019276fd277,059827a779da9b307f0aaec6bc5a1f8368404041c62336cfbc3d20c670491559,heat_energy,minnesota,screen,monthly,linear,hicp_heat_energy,False,ok,,0.2,0.25,2025-09-01,6,2026-03-01,102.65,1.8820319847141334,-3.0180973999200273,6.293154985410294,99.75049429285004,99.81090221535378,-2.89950570714997,2.89950570714997,8.407133345795248,0.8347392393642741,0.0,600
bffd8ab9842d1858fe9f7a07067acc7e8ae1122e0d07cee4ab8b238760f71d3d,059827a779da9b307f0aaec6bc5a1f8368404041c62336cfbc3d20c670491559,heat_energy,minnesota,screen,monthly,linear,hicp_heat_energy,False,ok,,0.2,0.25,2025-10-01,1,2025-11-01,101.52,0.3031673656610572,-0.8970192457666002,2.385111190467694,101.01162816741035,101.00134511031698,-0.5083718325896456,0.5083718325896456,0.2584419201705546,0.8314591960976525,0.0,600
bffd8ab9842d1858fe9f7a07067acc7e8ae1122e0d07cee4ab8b238760f71d3d,059827a779da9b307f0aaec6bc5a1f8368404041c62336cfbc3d20c670491559,heat_energy,minnesota,screen,monthly,linear,hicp_heat_energy,False,ok,,0.2,0.25,2025-10-01,3,2026-01-01,101.97,0.5289981170962639,-1.5466009843794772,4.041037822083962,101.45990783385166,101.33369527582872,-0.5100921661483397,0.5100921661483397,0.2601940179659054,0.8314591960976525,0.0,600
bffd8ab9842d1858fe9f7a07067acc7e8ae1122e0d07cee4ab8b238760f71d3d,059827a779da9b307f0aaec6bc5a1f8368404041c62336cfbc3d20c670491559,heat_energy,minnesota,screen,monthly,linear,hicp_heat_energy,False,ok,,0.2,0.25,2025-10-01,6,2026-04-01,102.12,0.8934094840158799,-2.1410669978079033,6.209727605768865,101.42690535740823,101.46174158910797,-0.6930946425917739,0.6930946425917739,0.4803801835894188,0.8314591960976525,0.0,600
b5cee054cce5708868a25fd2fbcd67023029bfdf395cdfc42924c626f691e66c,059827a779da9b307f0aaec6bc5a1f8368404041c62336cfbc3d20c670491559,heat_energy,minnesota,screen,monthly,linear,hicp_heat_energy,False,ok,,0.2,0.25,2025-11-01,1,2025-12-01,101.52,0.18128138434547791,-0.5728190205510924,3.3827505801814555,101.83188452348874,101.6780806431652,0.31188452348874307,0.31188452348874307,0.09727195599180033,0.8314127675790426,0.0,600
b5cee054cce5708868a25fd2fbcd67023029bfdf395cdfc42924c626f691e66c,059827a779da9b307f0aaec6bc5a1f8368404041c62336cfbc3d20c670491559,heat_energy,minnesota,screen,monthly,linear,hicp_heat_energy,False,ok,,0.2,0.25,2025-11-01,3,2026-02-01,102.14,0.3492306830867564,-1.1722617344348212,5.248925822489792,102.07574111004311,102.03067676943434,-0.06425888995688922,0.06425888995688922,0.004129204938491599,0.8314127675790426,0.0,600
b5cee054cce5708868a25fd2fbcd67023029bfdf395cdfc42924c626f691e66c,059827a779da9b307f0aaec6bc5a1f8368404041c62336cfbc3d20c670491559,heat_energy,minnesota,screen,monthly,linear,hicp_heat_energy,False,ok,,0.2,0.25,2025-11-01,6,2026-05-01,103.05,0.7829043362674608,-1.8888848534177884,7.307615890009177,102.17784472357668,102.41077896516717,-0.8721552764233138,0.8721552764233138,0.7606548261930269,0.8314127675790426,0.0,600
23f0aaac1fc4f9e0a82c1d353d6d140352bc1e6785db0d25f3422941d9e0314b,059827a779da9b307f0aaec6bc5a1f8368404041c62336cfbc3d20c670491559,heat_energy,minnesota,screen,monthly,linear,hicp_heat_energy,False,ok,,0.2,0.25,2025-12-01,1,2026-01-01,101.97,0.25072502428449783,-0.7507436655404032,2.4639324108561604,101.51522077585662,101.57847037929568,-0.4547792241433797,0.4547792241433797,0.20682414271245436,0.8350803168319889,0.0,600
23f0aaac1fc4f9e0a82c1d353d6d140352bc1e6785db0d25f3422941d9e0314b,059827a779da9b307f0aaec6bc5a1f8368404041c62336cfbc3d20c670491559,heat_energy,minnesota,screen,monthly,linear,hicp_heat_energy,False,ok,,0.2,0.25,2025-12-01,3,2026-03-01,102.65,0.6484253688738177,-1.6176474250116915,4.419412896622599,101.45302095809265,101.67827192603932,-1.1969790419073547,1.1969790419073547,1.4327588267654487,0.8350803168319889,0.0,600
23f0aaac1fc4f9e0a82c1d353d6d140352bc1e6785db0d25f3422941d9e0314b,059827a779da9b307f0aaec6bc5a1f8368404041c62336cfbc3d20c670491559,heat_energy,minnesota,screen,monthly,linear,hicp_heat_energy,False,ok,,0.2,0.25,2025-12-01,6,2026-06-01,104.17,1.5678982166429738,-2.452579598025147,7.406173075171822,101.54793159623829,101.71104294686688,-2.622068403761716,2.622068403761716,6.875242714005514,0.8350803168319889,0.0,600
d044d4c45aa0e5d8c30e6d7c255016fc9e1b25d5f8b5a960f4de5fd1e446e8fe,0b63e09e5746a9c5007e1c5b769170b2c309a0282c59af66816d7fcc5fe92786,heat_energy,minnesota,screen,monthly,linear,hicp_heat_energy,True,ok,,0.2,0.5,2025-07-01,1,2025-08-01,99.98,0.22670505092291815,-0.6763887420877595,2.499871953653284,99.74939998804894,99.65884481267751,-0.2306000119510685,0.2306000119510685,0.05317636551183293,0.8518078940915508,0.0,600
d044d4c45aa0e5d8c30e6d7c255016fc9e1b25d5f8b5a960f4de5fd1e446e8fe,0b63e09e5746a9c5007e1c5b769170b2c309a0282c59af66816d7fcc5fe92786,heat_energy,minnesota,screen,monthly,linear,hicp_heat_energy,True,ok,,0.2,0.5,2025-07-01,3,2025-10-01,101.02,0.8070740111672983,-1.9009773172605207,3.8070177543155364,99.76641597011422,99.7508921989311,-1.253584029885772,1.253584029885772,1.5714729199846524,0.8518078940915508,0.0,600
d044d4c45aa0e5d8c30e6d7c255016fc9e1b25d5f8b5a960f4de5fd1e446e8fe,0b63e09e5746a9c5007e1c5b769170b2c309a0282c59af66816d7fcc5fe92786,heat_energy,minnesota,screen,monthly,linear,hicp_heat_energy,True,ok,,0.2,0.5,2025-07-01,6,2026-01-01,101.97,1.4316003285204628,-2.462842441611018,6.928250986876754,99.5272498676178,99.95087362368656,-2.4427501323822014,2.4427501323822014,5.967028209253263,0.8518078940915508,0.0,600
8541a04a391015dd11354af8f40e16371123b6abf9c174c1d5fb5c64f854f0c3,0b63e09e5746a9c5007e1c5b769170b2c309a0282c59af66816d7fcc5fe92786,heat_energy,minnesota,screen,monthly,linear,hicp_heat_energy,True,ok,,0.2,0.5,2025-08-01,1,2025-09-01,100.03,0.14100060617948118,-0.3475417789928521,2.0394360603305985,100.05305566316386,100.0333068335509,0.023055663163859208,0.023055663163859208,0.0005315636039253344,0.8488344075776539,0.0,600
8541a04a391015dd11354af8f40e16371123b6abf9c174c1d5fb5c64f854f0c3,0b63e09e5746a9c5007e1c5b769170b2c309a0282c59af66816d7fcc5fe92786,heat_energy,minnesota,screen,monthly,linear,hicp_heat_energy,True,ok,,0.2,0.5,2025-08-01,3,2025-11-01,101.52,1.0987605003229228,-2.3840403973402076,4.7278431709639355,99.63343189680195,99.85516410686029,-1.8865681031980444,1.8865681031980444,3.5591392080042668,0.8488344075776539,0.0,600
8541a04a391015dd11354af8f40e16371123b6abf9c174c1d5fb5c64f854f0c3,0b63e09e5746a9c5007e1c5b769170b2c309a0282c59af66816d7fcc5fe92786,heat_energy,minnesota,screen,monthly,linear,hicp_heat_energy,True,ok,,0.2,0.5,2025-08-01,6,2026-02-01,102.14,1.6877221076880358,-2.6416594658709593,6.933542575261612,99.35932404353319,99.4998329697931,-2.7806759564668084,2.7806759564668084,7.7321587748726,0.8488344075776539,0.0,600
93efbf8ac180709b2856211ef798e4cdb05ac5e599bc334eca498886afedc7b0,0b63e09e5746a9c5007e1c5b769170b2c309a0282c59af66816d7fcc5fe92786,heat_energy,minnesota,screen,monthly,linear,hicp_heat_energy,True,ok,,0.2,0.5,2025-09-01,1,2025-10-01,101.02,0.6328427991744661,-1.898838876224926,0.8553653111349503,100.1030830846998,100.06084020854938,-0.9169169153001917,0.9169169153001917,0.8407366295636189,0.8471583506583884,0.0,600
93efbf8ac180709b2856211ef798e4cdb05ac5e599bc334eca498886afedc7b0,0b63e09e5746a9c5007e1c5b769170b2c309a0282c59af66816d7fcc5fe92786,heat_energy,minnesota,screen,monthly,linear,hicp_heat_energy,True,ok,,0.2,0.5,2025-09-01,3,2025-12-01,101.52,0.9997050091935402,-2.517509408806094,3.1113409947563175,99.89355224544566,100.03990481676942,-1.6264477545543343,1.6264477545543343,2.645332298294836,0.8471583506583884,0.0,600
93efbf8ac180709b2856211ef798e4cdb05ac5e599bc334eca498886afedc7b0,0b63e09e5746a9c5007e1c5b769170b2c309a0282c59af66816d7fcc5fe92786,heat_energy,minnesota,screen,monthly,linear,hicp_heat_energy,True,ok,,0.2,0.5,2025-09-01,6,2026-03-01,102.65,1.8818815529674526,-2.8948000065713027,5.1472648995050285,99.60536377280728,99.68432838980995,-3.0446362271927256,3.0446362271927256,9.269809755934354,0.8471583506583884,0.0,600
0877e679ad2552d72c339072b0138f83b01af2a866a3ade80a67b505a85be975,0b63e09e5746a9c5007e1c5b769170b2c309a0282c59af66816d7fcc5fe92786,heat_energy,minnesota,screen,monthly,linear,hicp_heat_energy,True,ok,,0.2,0.5,2025-10-01,1,2025-11-01,101.52,0.36479177695746545,-0.9889708318589197,2.747636081999277,100.89312398315198,100.91347383821002,-0.6268760168480156,0.6268760168480156,0.3929735404992336,0.8480428636180064,0.0,600
0877e679ad2552d72c339072b0138f83b01af2a866a3ade80a67b505a85be975,0b63e09e5746a9c5007e1c5b769170b2c309a0282c59af66816d7fcc5fe92786,heat_energy,minnesota,screen,monthly,linear,hicp_heat_energy,True,ok,,0.2,0.5,2025-10-01,3,2026-01-01,101.97,0.5771699482537191,-1.5277805824090462,4.299269540139456,101.14783538401126,101.08905579038407,-0.8221646159887399,0.8221646159887399,0.6759546557839121,0.8480428636180064,0.0,600
0877e679ad2552d72c339072b0138f83b01af2a866a3ade80a67b505a85be975,0b63e09e5746a9c5007e1c5b769170b2c309a0282c59af66816d7fcc5fe92786,heat_energy,minnesota,screen,monthly,linear,hicp_heat_energy,True,ok,,0.2,0.5,2025-10-01,6,2026-04-01,102.12,0.8995271324992355,-2.025459368806202,6.549665420380334,101.09141785342831,101.21869061525041,-1.0285821465716936,1.0285821465716936,1.057981232246033,0.8480428636180064,0.0,600
030ddfe7e63bc060cbb642d2d79ec5505aca8a59c7c9d6b1910f050103c4892c,0b63e09e5746a9c5007e1c5b769170b2c309a0282c59af66816d7fcc5fe92786,heat_energy,minnesota,screen,monthly,linear,hicp_heat_energy,True,ok,,0.2,0.5,2025-11-01,1,2025-12-01,101.52,0.14550828253273002,-0.35260717160959665,1.6268599883595138,101.72969703073788,101.62900028799052,0.20969703073788537,0.20969703073788537,0.04397284470028564,0.846299344933457,0.0,600
030ddfe7e63bc060cbb642d2d79ec5505aca8a59c7c9d6b1910f050103c4892c,0b63e09e5746a9c5007e1c5b769170b2c309a0282c59af66816d7fcc5fe92786,heat_energy,minnesota,screen,monthly,linear,hicp_heat_energy,True,ok,,0.2,0.5,2025-11-01,3,2026-02-01,102.14,0.3596620796890535,-1.2499930557746248,3.0583642609761497,101.91521565220484,101.7998419602333,-0.22478434779516476,0.22478434779516476,0.050528003013697594,0.846299344933457,0.0,600
030ddfe7e63bc060cbb642d2d79ec5505aca8a59c7c9d6b1910f050103c4892c,0b63e09e5746a9c5007e1c5b769170b2c309a0282c59af66816d7fcc5fe92786,heat_energy,minnesota,screen,monthly,linear,hicp_heat_energy,True,ok,,0.2,0.5,2025-11-01,6,2026-05-01,103.05,0.8489266136851548,-1.9688248180198196,6.302650313476165,102.19364281881455,101.8316935148744,-0.8563571811854445,0.8563571811854445,0.7333476217678802,0.846299344933457,0.0,600
b0b5e59628b24d629604839dc9f331d0f0dbad08130d1fd1da236783ab99d4e3,0b63e09e5746a9c5007e1c5b769170b2c309a0282c59af66816d7fcc5fe92786,heat_energy,minnesota,screen,monthly,linear,hicp_heat_energy,True,ok,,0.2,0.5,2025-12-01,1,2026-01-01,101.97,0.29150580026804973,-0.7769023021235242,1.8681259563671329,101.27476375092668,101.49765522812413,-0.6952362490733179,0.6952362490733179,0.4833534420255366,0.8489456372596973,0.0,600
b0b5e59628b24d629604839dc9f331d0f0dbad08130d1fd1da236783ab99d4e3,0b63e09e5746a9c5007e1c5b769170b2c309a0282c59af66816d7fcc5fe92786,heat_energy,minnesota,screen,monthly,linear,hicp_heat_energy,True,ok,,0.2,0.5,2025-12-01,3,2026-03-01,102.65,0.7797613168126176,-1.727932693208575,3.4811517282633453,101.0832235597374,101.36857266529015,-1.5667764402626005,1.5667764402626005,2.4547884137619462,0.8489456372596973,0.0,600
b0b5e59628b24d629604839dc9f331d0f0dbad08130d1fd1da236783ab99d4e3,0b63e09e5746a9c5007e1c5b769170b2c309a0282c59af66816d7fcc5fe92786,heat_energy,minnesota,screen,monthly,linear,hicp_heat_energy,True,ok,,0.2,0.5,2025-12-01,6,2026-06-01,104.17,1.701167182429078,-2.498062998002341,6.178482675665732,101.16442528774739,101.49482499922767,-3.00557471225261,3.00557471225261,9.033479350932359,0.8489456372596973,0.0,600
a40d8b457239f84703c3e47bc0ed3f33bdafab232a463c9cfe430ee3b5d00f30,0f8e14b452e386070cce7682d28cbe24f17bdd0cd3a7ed9ca6ce0d6963459fe7,heat_energy,minnesota,screen,monthly,linear,hicp_heat_energy,False,ok,,0.2,0.75,2025-07-01,1,2025-08-01,99.98,0.2783243819363058,-0.8960362699867375,2.8951967297831804,99.22091145534031,99.55811935414307,-0.75908854465969,0.75908854465969,0.5762154186335662,0.861407433914728,0.0,600
a40d8b457239f84703c3e47bc0ed3f33bdafab232a463c9cfe430ee3b5d00f30,0f8e14b452e386070cce7682d28cbe24f17bdd0cd3a7ed9ca6ce0d6963459fe7,heat_energy,minnesota,screen,monthly,linear,hicp_heat_energy,False,ok,,0.2,0.75,2025-07-01,3,2025-10-01,101.02,0.914491295381358,-2.071228586419534,4.576396205937088,99.2459670558303,99.60355511808939,-1.77403294416969,1.77403294416969,3.1471928869993784,0.861407433914728,0.0,600
a40d8b457239f84703c3e47bc0ed3f33bdafab232a463c9cfe430ee3b5d00f30,0f8e14b452e386070cce7682d28cbe24f17bdd0cd3a7ed9ca6ce0d6963459fe7,heat_energy,minnesota,screen,monthly,linear,hicp_heat_energy,False,ok,,0.2,0.75,2025-07-01,6,2026-01-01,101.97,1.5975291308187236,-2.5138221641316076,7.183976793599218,99.20027657255788,99.58668286178664,-2.7697234274421163,2.7697234274421163,7.671367864521704,0.861407433914728,0.0,600
6bc5f905fcaa7f7a07295602feafec873b2d8820ffe35a688f2fb1879d15b8ba,0f8e14b452e386070cce7682d28cbe24f17bdd0cd3a7ed9ca6ce0d6963459fe7,heat_energy,minnesota,screen,monthly,linear,hicp_heat_energy,False,ok,,0.2,0.75,2025-08-01,1,2025-09-01,100.03,0.14485315366514506,-0.38024121337360217,2.0306113491191145,99.98609365012526,99.96370138805173,-0.04390634987474584,0.04390634987474584,0.0019277675593235943,0.8616794121430549,0.0,600
6bc5f905fcaa7f7a07295602feafec873b2d8820ffe35a688f2fb1879d15b8ba,0f8e14b452e386070cce7682d28cbe24f17bdd0cd3a7ed9ca6ce0d6963459fe7,heat_energy,minnesota,screen,monthly,linear,hicp_heat_energy,False,ok,,0.2,0.75,2025-08-01,3,2025-11-01,101.52,1.2369134102040276,-2.6454000711536687,4.917728843461037,99.81948188794142,99.72092017624055,-1.7005181120585746,1.7005181120585746,2.8917618494392587,0.8616794121430549,0.0,600
6bc5f905fcaa7f7a07295602feafec873b2d8820ffe35a688f2fb1879d15b8ba,0f8e14b452e386070cce7682d28cbe24f17bdd0cd3a7ed9ca6ce0d6963459fe7,heat_energy,minnesota,screen,monthly,linear,hicp_heat_energy,False,ok,,0.2,0.75,2025-08-01,6,2026-02-01,102.14,1.9048109787523892,-2.8769670566850207,7.788763618370101,99.71159290650095,99.17430207214292,-2.4284070934990467,2.4284070934990467,5.897161011756488,0.8616794121430549,0.0,600
cd3fc2407ef6a5c53c630b1c043ffdae5870a985c41ef1902cb3e04e27b87ee7,0f8e14b452e386070cce7682d28cbe24f17bdd0cd3a7ed9ca6ce0d6963459fe7,heat_energy,minnesota,screen,monthly,linear,hicp_heat_energy,False,ok,,0.2,0.75,2025-09-01,1,2025-10-01,101.02,0.6679068282425775,-2.1657870578834935,1.3962323727182258,100.12230407104549,100.03294066306151,-0.897695928954505,0.897695928954505,0.8058579808614917,0.8572877460660353,0.0,600
cd3fc2407ef6a5c53c630b1c043ffdae5870a985c41ef1902cb3e04e27b87ee7,0f8e14b452e386070cce7682d28cbe24f17bdd0cd3a7ed9ca6ce0d6963459fe7,heat_energy,minnesota,screen,monthly,linear,hicp_heat_energy,False,ok,,0.2,0.75,2025-09-01,3,2025-12-01,101.52,1.0940607327949283,-2.318259462744397,3.369924955935442,99.79120377561244,99.82824434924731,-1.7287962243875512,1.7287962243875512,2.988736385456652,0.8572877460660353,0.0,600
cd3fc2407ef6a5c53c630b1c043ffdae5870a985c41ef1902cb3e04e27b87ee7,0f8e14b452e386070cce7682d28cbe24f17bdd0cd3a7ed9ca6ce0d6963459fe7,heat_energy,minnesota,screen,monthly,linear,hicp_heat_energy,False,ok,,0.2,0.75,2025-09-01,6,2026-03-01,102.65,2.0944926174063916,-2.966692507873156,5.2999767060292,99.30912439921407,99.46877466004653,-3.3408756007859353,3.3408756007859353,11.161449779926784,0.8572877460660353,0.0,600
228aa1fa1d3eced25dd498f03eeea3779deb19ee3251a8328d645013030e9d2e,0f8e14b452e386070cce7682d28cbe24f17bdd0cd3a7ed9ca6ce0d6963459fe7,heat_energy,minnesota,screen,monthly,linear,hicp_heat_energy,False,ok,,0.2,0.75,2025-10-01,1,2025-11-01,101.52,0.34011385856784737,-0.923721076526328,2.5054899462292597,101.1176288480025,100.95627483311587,-0.4023711519974995,0.4023711519974995,0.16190254395979486,0.8602425308357978,0.0,600
228aa1fa1d3eced25dd498f03eeea3779deb19ee3251a8328d645013030e9d2e,0f8e14b452e386070cce7682d28cbe24f17bdd0cd3a7ed9ca6ce0d6963459fe7,heat_energy,minnesota,screen,monthly,linear,hicp_heat_energy,False,ok,,0.2,0.75,2025-10-01,3,2026-01-01,101.97,0.597069015932276,-1.5823521193633932,3.928073409147794,101.35011924430066,101.09627575920464,-0.6198807556993415,0.6198807556993415,0.38425215128638673,0.8602425308357978,0.0,600
228aa1fa1d3eced25dd498f03eeea3779deb19ee3251a8328d645013030e9d2e,0f8e14b452e386070cce7682d28cbe24f17bdd0cd3a7ed9ca6ce0d6963459fe7,heat_energy,minnesota,screen,monthly,linear,hicp_heat_energy,False,ok,,0.2,0.75,2025-10-01,6,2026-04-01,102.12,1.0482671747575854,-2.2281840262989148,6.357217164478233,101.07239113782144,100.64814285389522,-1.0476088621785635,1.0476088621785635,1.0974843281150646,0.8602425308357978,0.0,600
5b710723effee9964a308654469127e37fd7e9fd1b2862203f3b1c49cf39d2d9,0f8e14b452e386070cce7682d28cbe24f17bdd0cd3a7ed9ca6ce0d6963459fe7,heat_energy,minnesota,screen,monthly,linear,hicp_heat_energy,False,ok,,0.2,0.75,2025-11-01,1,2025-12-01,101.52,0.15474264968487972,-0.46056274435695777,1.6435765978190655,101.5493694945861,101.59707329182389,0.02936949458610627,0.02936949458610627,0.0008625672122433255,0.8597868234460024,0.0,600
5b710723effee9964a308654469127e37fd7e9fd1b2862203f3b1c49cf39d2d9,0f8e14b452e386070cce7682d28cbe24f17bdd0cd3a7ed9ca6ce0d6963459fe7,heat_energy,minnesota,screen,monthly,linear,hicp_heat_energy,False,ok,,0.2,0.75,2025-11-01,3,2026-02-01,102.14,0.43707261531939423,-1.4404930748168567,3.7061864158684488,101.50190330140775,101.60081627746365,-0.6380966985922498,0.6380966985922498,0.4071673967543285,0.8597868234460024,0.0,600
5b710723effee9964a308654469127e37fd7e9fd1b2862203f3b1c49cf39d2d9,0f8e14b452e386070cce7682d28cbe24f17bdd0cd3a7ed9ca6ce0d6963459fe7,heat_energy,minnesota,screen,monthly,linear,hicp_heat_energy,False,ok,,0.2,0.75,2025-11-01,6,2026-05-01,103.05,1.0307915245854624,-2.1288855266736686,7.025388315748835,101.19560180155904,101.71754595058532,-1.8543981984409612,1.8543981984409612,3.4387926783810827,0.8597868234460024,0.0,600
255b49ef4e7d4d77c7e2f254fe6b5b2fe6e9b93bc41aa29616f94d5dfe1a6ecb,0f8e14b452e386070cce7682d28cbe24f17bdd0cd3a7ed9ca6ce0d6963459fe7,heat_energy,minnesota,screen,monthly,linear,hicp_heat_energy,False,ok,,0.2,0.75,2025-12-01,1,2026-01-01,101.97,0.27408305302937963,-0.6794649891066591,2.082561031555339,101.66388069030212,101.50904435230822,-0.30611930969787693,0.30611930969787693,0.0937090317699047,0.8590422243325261,0.0,600
255b49ef4e7d4d77c7e2f254fe6b5b2fe6e9b93bc41aa29616f94d5dfe1a6ecb,0f8e14b452e386070cce7682d28cbe24f17bdd0cd3a7ed9ca6ce0d6963459fe7,heat_energy,minnesota,screen,monthly,linear,hicp_heat_energy,False,ok,,0.2,0.75,2025-12-01,3,2026-03-01,102.65,0.7926307652334574,-1.7564202925666912,3.4344960486469858,101.41960633851163,101.27705793515307,-1.2303936614883781,1.2303936614883781,1.5138685622307777,0.8590422243325261,0.0,600
255b49ef4e7d4d77c7e2f254fe6b5b2fe6e9b93bc41aa29616f94d5dfe1a6ecb,0f8e14b452e386070cce7682d28cbe24f17bdd0cd3a7ed9ca6ce0d6963459fe7,heat_energy,minnesota,screen,monthly,linear,hicp_heat_energy,False,ok,,0.2,0.75,2025-12-01,6,2026-06-01,104.17,1.8854992538165911,-2.8336324385552882,6.091187326857406,101.29213474764886,101.24349353796794,-2.8778652523511425,2.8778652523511425,8.282108410690105,0.8590422243325261,0.0,600
1882a41a0d39a41c48f3f0fd3d976530f99b580c18a9602e140fc99c5cbb7deb,92723857aa9bb3300d2b5b0cc644f815f4f9bb906d276da7f158281cb7074e35,heat_energy,minnesota,screen,monthly,linear,hicp_heat_energy,False,ok,,0.2,1.0,2025-07-01,1,2025-08-01,99.98,0.23510481786466308,-0.7505333057458214,3.848521005107925,99.8575565164106,99.65698216833567,-0.12244348358940726,0.12244348358940726,0.014992406673509446,0.870950838458606,0.0,600
1882a41a0d39a41c48f3f0fd3d976530f99b580c18a9602e140fc99c5cbb7deb,92723857aa9bb3300d2b5b0cc644f815f4f9bb906d276da7f158281cb7074e35,heat_energy,minnesota,screen,monthly,linear,hicp_heat_energy,False,ok,,0.2,1.0,2025-07-01,3,2025-10-01,101.02,0.8522523714979242,-1.9869274686687604,5.415669577171349,100.04333536500404,99.6289772790101,-0.9766646349959558,0.9766646349959558,0.9538738092517836,0.870950838458606,0.0,600
1882a41a0d39a41c48f3f0fd3d976530f99b580c18a9602e140fc99c5cbb7deb,92723857aa9bb3300d2b5b0cc644f815f4f9bb906d276da7f158281cb7074e35,heat_energy,minnesota,screen,monthly,linear,hicp_heat_energy,False,ok,,0.2,1.0,2025-07-01,6,2026-01-01,101.97,1.4980931416959624,-2.5428648453542433,7.667495471531203,99.89449724486799,99.63247053085503,-2.075502755132007,2.075502755132007,4.307711686560551,0.870950838458606,0.0,600
dba11a921b7c87042ccb8b34ded427cc526b57060d5edef1c50f2307c4bd53f7,92723857aa9bb3300d2b5b0cc644f815f4f9bb906d276da7f158281cb7074e35,heat_energy,minnesota,screen,monthly,linear,hicp_heat_energy,False,ok,,0.2,1.0,2025-08-01,1,2025-09-01,100.03,0.15130154956881237,-0.40126229158195414,1.8542828602947183,99.8743702381391,99.9838872533101,-0.15562976186090793,0.15562976186090793,0.024220622776882913,0.8710556131530285,0.0,600
dba11a921b7c87042ccb8b34ded427cc526b57060d5edef1c50f2307c4bd53f7,92723857aa9bb3300d2b5b0cc644f815f4f9bb906d276da7f158281cb7074e35,heat_energy,minnesota,screen,monthly,linear,hicp_heat_energy,False,ok,,0.2,1.0,2025-08-01,3,2025-11-01,101.52,1.1840779302752786,-2.185049830880491,4.951951143961725,99.77462753682032,99.75088841871599,-1.7453724631796774,1.7453724631796774,3.0463250352258946,0.8710556131530285,0.0,600
dba11a921b7c87042ccb8b34ded427cc526b57060d5edef1c50f2307c4bd53f7,92723857aa9bb3300d2b5b0cc644f815f4f9bb906d276da7f158281cb7074e35,heat_energy,minnesota,screen,monthly,linear,hicp_heat_energy,False,ok,,0.2,1.0,2025-08-01,6,2026-02-01,102.14,2.0879036583678996,-2.8747960971673003,7.944300707364992,98.80715741428811,98.92627934644385,-3.3328425857118873,3.3328425857118873,11.107839701134699,0.8710556131530285,0.0,600
d66d43ec7fc8223908943fcab79648cd0edcd94dae2f21d2563e0e5afe2d04bd,92723857aa9bb3300d2b5b0cc644f815f4f9bb906d276da7f158281cb7074e35,heat_energy,minnesota,screen,monthly,linear,hicp_heat_energy,False,ok,,0.2,1.0,2025-09-01,1,2025-10-01,101.02,0.6480991446546542,-2.0490748977501445,2.8416003477303735,100.13037734642603,100.08091421882207,-0.8896226535739657,0.8896226535739657,0.7914284657519842,0.8667403058927795,0.0,600
d66d43ec7fc8223908943fcab79648cd0edcd94dae2f21d2563e0e5afe2d04bd,92723857aa9bb3300d2b5b0cc644f815f4f9bb906d276da7f158281cb7074e35,heat_energy,minnesota,screen,monthly,linear,hicp_heat_energy,False,ok,,0.2,1.0,2025-09-01,3,2025-12-01,101.52,1.0840183153932494,-2.333849158432938,4.604488707885278,99.84688391582392,99.86527020649925,-1.6731160841760726,1.6731160841760726,2.799317431128675,0.8667403058927795,0.0,600
d66d43ec7fc8223908943fcab79648cd0edcd94dae2f21d2563e0e5afe2d04bd,92723857aa9bb3300d2b5b0cc644f815f4f9bb906d276da7f158281cb7074e35,heat_energy,minnesota,screen,monthly,linear,hicp_heat_energy,False,ok,,0.2,1.0,2025-09-01,6,2026-03-01,102.65,2.0425009181139293,-2.8981037888249648,6.558338432513594,99.59370215632633,99.44201164819532,-3.0562978436736756,3.0562978436736756,9.340956509244359,0.8667403058927795,0.0,600
f9dd6cab440b4f528c625dd7902b669aeecf446eb010e0ef507faa0ef70a68e4,92723857aa9bb3300d2b5b0cc644f815f4f9bb906d276da7f158281cb7074e35,heat_energy,minnesota,screen,monthly,linear,hicp_heat_energy,False,ok,,0.2,1.0,2025-10-01,1,2025-11-01,101.52,0.35619288728513343,-0.9935967388006457,2.911006394754349,101.07426234519846,100.95024531447876,-0.44573765480153327,0.44573765480153327,0.19868205690797083,0.8695871662715127,0.0,600
f9dd6cab440b4f528c625dd7902b669aeecf446eb010e0ef507faa0ef70a68e4,92723857aa9bb3300d2b5b0cc644f815f4f9bb906d276da7f158281cb7074e35,heat_energy,minnesota,screen,monthly,linear,hicp_heat_energy,False,ok,,0.2,1.0,2025-10-01,3,2026-01-01,101.97,0.6238596469349837,-1.6162425147241146,4.103880050394505,101.31331871709858,100.95269783279234,-0.6566812829014168,0.6566812829014168,0.4312303073130506,0.8695871662715127,0.0,600
f9dd6cab440b4f528c625dd7902b669aeecf446eb010e0ef507faa0ef70a68e4,92723857aa9bb3300d2b5b0cc644f815f4f9bb906d276da7f158281cb7074e35,heat_energy,minnesota,screen,monthly,linear,hicp_heat_energy,False,ok,,0.2,1.0,2025-10-01,6,2026-04-01,102.12,1.0223073377906386,-2.1108213816562587,6.61748386774456,101.17218387529176,100.76625435123998,-0.9478161247082397,0.9478161247082397,0.8983554062569454,0.8695871662715127,0.0,600
c02c694353c09148a555d5cc5b24a1f77f4b2708bf8423cc6a60c0cabcd51866,92723857aa9bb3300d2b5b0cc644f815f4f9bb906d276da7f158281cb7074e35,heat_energy,minnesota,screen,monthly,linear,hicp_heat_energy,False,ok,,0.2,1.0,2025-11-01,1,2025-12-01,101.52,0.14994583088661795,-0.44875550290581057,1.5957635689080456,101.4461507498567,101.56419874487128,-0.07384925014329724,0.07384925014329724,0.005453711746727288,0.8691600353192908,0.0,600
c02c694353c09148a555d5cc5b24a1f77f4b2708bf8423cc6a60c0cabcd51866,92723857aa9bb3300d2b5b0cc644f815f4f9bb906d276da7f158281cb7074e35,heat_energy,minnesota,screen,monthly,linear,hicp_heat_energy,False,ok,,0.2,1.0,2025-11-01,3,2026-02-01,102.14,0.43736671733928256,-1.3650968927363785,3.119670040734601,101.3875020180963,101.63566674702582,-0.7524979819037014,0.7524979819037014,0.5662532127691433,0.8691600353192908,0.0,600
c02c694353c09148a555d5cc5b24a1f77f4b2708bf8423cc6a60c0cabcd51866,92723857aa9bb3300d2b5b0cc644f815f4f9bb906d276da7f158281cb7074e35,heat_energy,minnesota,screen,monthly,linear,hicp_heat_energy,False,ok,,0.2,1.0,2025-11-01,6,2026-05-01,103.05,1.11293885750798,-2.163535864476276,5.5908205976407706,101.17724389875376,101.37308803138146,-1.8727561012462388,1.8727561012462388,3.5072154147550125,0.8691600353192908,0.0,600
fc1d4790387221ff849a1e53aa377cd1945ad0b42fd583697f9ea7820cd81123,92723857aa9bb3300d2b5b0cc644f815f4f9bb906d276da7f158281cb7074e35,heat_energy,minnesota,screen,monthly,linear,hicp_heat_energy,False,ok,,0.2,1.0,2025-12-01,1,2026-01-01,101.97,0.2905298322855333,-0.7937796310857053,1.7979123440169333,101.48532283835553,101.49689648911621,-0.48467716164446983,0.48467716164446983,0.23491195101973955,0.8680167929030685,0.0,600
fc1d4790387221ff849a1e53aa377cd1945ad0b42fd583697f9ea7820cd81123,92723857aa9bb3300d2b5b0cc644f815f4f9bb906d276da7f158281cb7074e35,heat_energy,minnesota,screen,monthly,linear,hicp_heat_energy,False,ok,,0.2,1.0,2025-12-01,3,2026-03-01,102.65,0.8331638648536475,-1.9056558765317466,2.9146095613076355,101.25276177480067,101.26818148922364,-1.397238225199331,1.397238225199331,1.9522746579581762,0.8680167929030685,0.0,600
fc1d4790387221ff849a1e53aa377cd1945ad0b42fd583697f9ea7820cd81123,92723857aa9bb3300d2b5b0cc644f815f4f9bb906d276da7f158281cb7074e35,heat_energy,minnesota,screen,monthly,linear,hicp_heat_energy,False,ok,,0.2,1.0,2025-12-01,6,2026-06-01,104.17,1.9623876364689674,-2.770806212573678,5.478063670642282,100.88111611852071,101.22102498443653,-3.2888838814792933,3.2888838814792933,10.816757185854302,0.8680167929030685,0.0,600
ddc22a279a3469dd4e549c2601c8751da334494c1eaec062a66b7ec8e1eee2b4,c4211de36c6c77a6e74c5f96016e40c047dffa4f215ff332df4aaa3e728e0414,heat_energy,minnesota,screen,monthly,linear,hicp_heat_energy,False,ok,,0.3,0.25,2025-07-01,1,2025-08-01,99.98,0.2325670814092926,-0.6935374297833867,1.5932389270265803,99.64542150860474,99.62536245825805,-0.33457849139526274,0.33457849139526274,0.1119427669043299,0.8563808216687765,0.0,600
ddc22a279a3469dd4e549c2601c8751da334494c1eaec062a66b7ec8e1eee2b4,c4211de36c6c77a6e74c5f96016e40c047dffa4f215ff332df4aaa3e728e0414,heat_energy,minnesota,screen,monthly,linear,hicp_heat_energy,False,ok,,0.3,0.25,2025-07-01,3,2025-10-01,101.02,0.7969159421988621,-1.8024144631809564,3.161413688320548,99.59955025211053,99.72353103679767,-1.4204497478894638,1.4204497478894638,2.0176774862792413,0.8563808216687765,0.0,600
ddc22a279a3469dd4e549c2601c8751da334494c1eaec062a66b7ec8e1eee2b4,c4211de36c6c77a6e74c5f96016e40c047dffa4f215ff332df4aaa3e728e0414,heat_energy,minnesota,screen,monthly,linear,hicp_heat_energy,False,ok,,0.3,0.25,2025-07-01,6,2026-01-01,101.97,1.3918201653305555,-2.3709534675016735,6.66292700957154,99.33901020931962,99.91213593730286,-2.630989790680374,2.630989790680374,6.922107278664359,0.8563808216687765,0.0,600
b482c402394e42bb4ec6071b5f2f7554fdca01191f68f8099cbf8484c9a32b5c,c4211de36c6c77a6e74c5f96016e40c047dffa4f215ff332df4aaa3e728e0414,heat_energy,minnesota,screen,monthly,linear,hicp_heat_energy,False,ok,,0.3,0.25,2025-08-01,1,2025-09-01,100.03,0.153917986840706,-0.33659242730677086,2.152868366868691,99.71060271294729,99.95009616831312,-0.3193972870527091,0.3193972870527091,0.10201462697663065,0.8546595319681934,0.0,600
b482c402394e42bb4ec6071b5f2f7554fdca01191f68f8099cbf8484c9a32b5c,c4211de36c6c77a6e74c5f96016e40c047dffa4f215ff332df4aaa3e728e0414,heat_energy,minnesota,screen,monthly,linear,hicp_heat_energy,False,ok,,0.3,0.25,2025-08-01,3,2025-11-01,101.52,1.286616999711012,-2.6764491914034707,4.364792403905748,99.40068046470851,99.76426233761731,-2.1193195352914813,2.1193195352914813,4.4915152926681,0.8546595319681934,0.0,600
b482c402394e42bb4ec6071b5f2f7554fdca01191f68f8099cbf8484c9a32b5c,c4211de36c6c77a6e74c5f96016e40c047dffa4f215ff332df4aaa3e728e0414,heat_energy,minnesota,screen,monthly,linear,hicp_heat_energy,False,ok,,0.3,0.25,2025-08-01,6,2026-02-01,102.14,1.9255121303559206,-2.8112339690289607,7.50659161991486,98.88335225316649,99.31123461623375,-3.256647746833508,3.256647746833508,10.605754546955765,0.8546595319681934,0.0,600
3bb918ab47fbfa570e1fe7f0d43ab5c260f754766e4fd9c2c236bebcbf5b918c,c4211de36c6c77a6e74c5f96016e40c047dffa4f215ff332df4aaa3e728e0414,heat_energy,minnesota,screen,monthly,linear,hicp_heat_energy,False,ok,,0.3,0.25,2025-09-01,1,2025-10-01,101.02,0.6336544176893307,-1.7906628977510426,3.26500585309042,100.18923228613104,100.07496877555006,-0.8307677138689513,0.8307677138689513,0.6901749944070438,0.8534550374053789,0.0,600
3bb918ab47fbfa570e1fe7f0d43ab5c260f754766e4fd9c2c236bebcbf5b918c,c4211de36c6c77a6e74c5f96016e40c047dffa4f215ff332df4aaa3e728e0414,heat_energy,minnesota,screen,monthly,linear,hicp_heat_energy,False,ok,,0.3,0.25,2025-09-01,3,2025-12-01,101.52,1.04404210631662,-2.2522904910545685,4.848541738946894,100.0385273308429,99.83748988076955,-1.4814726691570996,1.4814726691570996,2.194761269459461,0.8534550374053789,0.0,600
3bb918ab47fbfa570e1fe7f0d43ab5c260f754766e4fd9c2c236bebcbf5b918c,c4211de36c6c77a6e74c5f96016e40c047dffa4f215ff332df4aaa3e728e0414,heat_energy,minnesota,screen,monthly,linear,hicp_heat_energy,False,ok,,0.3,0.25,2025-09-01,6,2026-03-01,102.65,1.846465992494287,-2.8066967396841243,7.029302205586605,99.83776783960876,99.70510810144427,-2.812232160391247,2.812232160391247,7.90864972393882,0.8534550374053789,0.0,600
49d19e9811c37345546a62e5bf32e8041735cd537fe31e550319f38dd03b8d92,c4211de36c6c77a6e74c5f96016e40c047dffa4f215ff332df4aaa3e728e0414,heat_energy,minnesota,screen,monthly,linear,hicp_heat_energy,False,ok,,0.3,0.25,2025-10-01,1,2025-11-01,101.52,0.32360352973594053,-0.9203462508362081,2.1268429202053905,101.0618857363696,100.95074105906869,-0.4581142636303923,0.4581142636303923,0.2098686785416166,0.854678360510355,0.0,600
49d19e9811c37345546a62e5bf32e8041735cd537fe31e550319f38dd03b8d92,c4211de36c6c77a6e74c5f96016e40c047dffa4f215ff332df4aaa3e728e0414,heat_energy,minnesota,screen,monthly,linear,hicp_heat_energy,False,ok,,0.3,0.25,2025-10-01,3,2026-01-01,101.97,0.5773730937297665,-1.5771159907608636,3.5835431903195873,101.2626006938687,101.09239249173348,-0.7073993061312933,0.7073993061312933,0.5004137783150352,0.854678360510355,0.0,600
49d19e9811c37345546a62e5bf32e8041735cd537fe31e550319f38dd03b8d92,c4211de36c6c77a6e74c5f96016e40c047dffa4f215ff332df4aaa3e728e0414,heat_energy,minnesota,screen,monthly,linear,hicp_heat_energy,False,ok,,0.3,0.25,2025-10-01,6,2026-04-01,102.12,0.8681644901465053,-2.0961635722397323,5.614264222268333,101.3503191755681,101.2935390574566,-0.7696808244319016,0.7696808244319016,0.5924085714981717,0.854678360510355,0.0,600
9b2ee3b0b3fbbd2291c67537a791b04ab3dd58274b3bc08d92eee733a2961d2e,c4211de36c6c77a6e74c5f96016e40c047dffa4f215ff332df4aaa3e728e0414,heat_energy,minnesota,screen,monthly,linear,hicp_heat_energy,False,ok,,0.3,0.25,2025-11-01,1,2025-12-01,101.52,0.18930082870757703,-0.6355535944210748,3.162068362665403,101.9315667226916,101.64030220061173,0.4115667226916031,0.4115667226916031,0.16938716722710692,0.8529853056420738,0.0,600
9b2ee3b0b3fbbd2291c67537a791b04ab3dd58274b3bc08d92eee733a2961d2e,c4211de36c6c77a6e74c5f96016e40c047dffa4f215ff332df4aaa3e728e0414,heat_energy,minnesota,screen,monthly,linear,hicp_heat_energy,False,ok,,0.3,0.25,2025-11-01,3,2026-02-01,102.14,0.38292718038062135,-1.332111137557443,4.616879876119986,102.11132191114922,101.91303920548518,-0.028678088850782046,0.028678088850782046,0.0008224327801333495,0.8529853056420738,0.0,600
9b2ee3b0b3fbbd2291c67537a791b04ab3dd58274b3bc08d92eee733a2961d2e,c4211de36c6c77a6e74c5f96016e40c047dffa4f215ff332df4aaa3e728e0414,heat_energy,minnesota,screen,monthly,linear,hicp_heat_energy,False,ok,,0.3,0.25,2025-11-01,6,2026-05-01,103.05,0.8168064923810463,-1.935473611660223,6.99876663406497,102.29070676108645,102.31405266559089,-0.7592932389135427,0.7592932389135427,0.5765262226598182,0.8529853056420738,0.0,600
94343044e4c979b20a9b75a33d5dcc109c957bfb08e18f55ce5885d21410d702,c4211de36c6c77a6e74c5f96016e40c047dffa4f215ff332df4aaa3e728e0414,heat_energy,minnesota,screen,monthly,linear,hicp_heat_energy,False,ok,,0.3,0.25,2025-12-01,1,2026-01-01,101.97,0.2517826206084737,-0.6565815966844362,2.550729112584915,101.55122759816331,101.58671992564253,-0.41877240183669073,0.41877240183669073,0.1753703245400708,0.8557026411052677,0.0,600
94343044e4c979b20a9b75a33d5dcc109c957bfb08e18f55ce5885d21410d702,c4211de36c6c77a6e74c5f96016e40c047dffa4f215ff332df4aaa3e728e0414,heat_energy,minnesota,screen,monthly,linear,hicp_heat_energy,False,ok,,0.3,0.25,2025-12-01,3,2026-03-01,102.65,0.7012830853567402,-1.691958481209765,3.7947311957688776,101.44956133042899,101.52309116376209,-1.2004386695710139,1.2004386695710139,1.4410529994014258,0.8557026411052677,0.0,600
94343044e4c979b20a9b75a33d5dcc109c957bfb08e18f55ce5885d21410d702,c4211de36c6c77a6e74c5f96016e40c047dffa4f215ff332df4aaa3e728e0414,heat_energy,minnesota,screen,monthly,linear,hicp_heat_energy,False,ok,,0.3,0.25,2025-12-01,6,2026-06-01,104.17,1.655148788948746,-2.5020616660995336,6.3874720937946154,101.43182062954588,101.37065824871088,-2.7381793704541195,2.7381793704541195,7.497626264780519,0.8557026411052677,0.0,600
7e226e848c27ee648820aa09bc9ff894671e35773a561b5e4c1a2ad6f5bfe224,c547344e180f5e55d555669d14d2d8e4a3f7341b3ac765067d0c2d5407a5814b,heat_energy,minnesota,screen,monthly,linear,hicp_heat_energy,False,ok,,0.3,0.5,2025-07-01,1,2025-08-01,99.98,0.22162878932771546,-0.69165247750548,1.9332942823715906,99.72447508961335,99.67975217209568,-0.25552491038665437,0.25552491038665437,0.06529297982810775,0.8692933172178403,0.0,600
7e226e848c27ee648820aa09bc9ff894671e35773a561b5e4c1a2ad6f5bfe224,c547344e180f5e55d555669d14d2d8e4a3f7341b3ac765067d0c2d5407a5814b,heat_energy,minnesota,screen,monthly,linear,hicp_heat_energy,False,ok,,0.3,0.5,2025-07-01,3,2025-10-01,101.02,0.8409323588600977,-1.8680326524682282,3.1692888520021842,99.53282138530206,99.67400486522328,-1.4871786146979389,1.4871786146979389,2.2117002320148806,0.8692933172178403,0.0,600
7e226e848c27ee648820aa09bc9ff894671e35773a561b5e4c1a2ad6f5bfe224,c547344e180f5e55d555669d14d2d8e4a3f7341b3ac765067d0c2d5407a5814b,heat_energy,minnesota,screen,monthly,linear,hicp_heat_energy,False,ok,,0.3,0.5,2025-07-01,6,2026-01-01,101.97,1.548223985404206,-2.413504455452008,6.766683375927755,99.2403237827061,99.59155421453278,-2.7296762172938998,2.7296762172938998,7.451132251259933,0.8692933172178403,0.0,600
a99ec17e9a9721e327c2d8611c295347a19a16c24d9387222bebe765dd25b476,c547344e180f5e55d555669d14d2d8e4a3f7341b3ac765067d0c2d5407a5814b,heat_energy,minnesota,screen,monthly,linear,hicp_heat_energy,False,ok,,0.3,0.5,2025-08-01,1,2025-09-01,100.03,0.17235885984019517,-0.5819782418980477,1.6374770715383846,99.9517426025355,100.02896564056206,-0.07825739746449756,0.07825739746449756,0.0061242202579163485,0.8694025582187075,0.0,600
a99ec17e9a9721e327c2d8611c295347a19a16c24d9387222bebe765dd25b476,c547344e180f5e55d555669d14d2d8e4a3f7341b3ac765067d0c2d5407a5814b,heat_energy,minnesota,screen,monthly,linear,hicp_heat_energy,False,ok,,0.3,0.5,2025-08-01,3,2025-11-01,101.52,1.0889182519151148,-2.3068159077944768,4.128427000953951,99.7293794796999,99.81608533163859,-1.790620520300095,1.790620520300095,3.2063218477197832,0.8694025582187075,0.0,600
a99ec17e9a9721e327c2d8611c295347a19a16c24d9387222bebe765dd25b476,c547344e180f5e55d555669d14d2d8e4a3f7341b3ac765067d0c2d5407a5814b,heat_energy,minnesota,screen,monthly,linear,hicp_heat_energy,False,ok,,0.3,0.5,2025-08-01,6,2026-02-01,102.14,1.9224975256618926,-2.805540488880091,6.879521372673645,99.0817568506512,99.23779024142118,-3.0582431493487974,3.0582431493487974,9.352851160538851,0.8694025582187075,0.0,600
79c518d8f93414359669e76c0f0068876fba2cd2d80c3618dd0291b34a044766,c547344e180f5e55d555669d14d2d8e4a3f7341b3ac765067d0c2d5407a5814b,heat_energy,minnesota,screen,monthly,linear,hicp_heat_energy,False,ok,,0.3,0.5,2025-09-01,1,2025-10-01,101.02,0.62300952779055,-1.8736678765671608,2.8853312968816813,100.16743572699369,100.08210928535442,-0.8525642730063083,0.8525642730063083,0.7268658396067751,0.8655503335181567,0.0,600
79c518d8f93414359669e76c0f0068876fba2cd2d80c3618dd0291b34a044766,c547344e180f5e55d555669d14d2d8e4a3f7341b3ac765067d0c2d5407a5814b,heat_energy,minnesota,screen,monthly,linear,hicp_heat_energy,False,ok,,0.3,0.5,2025-09-01,3,2025-12-01,101.52,0.9991122058485498,-2.1153570993233277,4.4767609771079195,99.83756761720147,99.99912292731409,-1.682432382798524,1.682432382798524,2.830578722689119,0.8655503335181567,0.0,600
79c518d8f93414359669e76c0f0068876fba2cd2d80c3618dd0291b34a044766,c547344e180f5e55d555669d14d2d8e4a3f7341b3ac765067d0c2d5407a5814b,heat_energy,minnesota,screen,monthly,linear,hicp_heat_energy,False,ok,,0.3,0.5,2025-09-01,6,2026-03-01,102.65,1.962861128783794,-2.8746770501424788,6.62420967105885,99.34469662714183,99.57796630862902,-3.3053033728581767,3.3053033728581767,10.925030386627638,0.8655503335181567,0.0,600
48e8b8e3fb5d8e823bcbe34f51d6a0cdc31347f9e9c2b38c7775bfe6deabdb13,c547344e180f5e55d555669d14d2d8e4a3f7341b3ac765067d0c2d5407a5814b,heat_energy,minnesota,screen,monthly,linear,hicp_heat_energy,False,ok,,0.3,0.5,2025-10-01,1,2025-11-01,101.52,0.3576063058656952,-0.8489845115336863,2.438946692404705,101.14332990421273,100.92796548249888,-0.3766700957872615,0.3766700957872615,0.14188036106038476,0.8688375521233215,0.0,600
48e8b8e3fb5d8e823bcbe34f51d6a0cdc31347f9e9c2b38c7775bfe6deabdb13,c547344e180f5e55d555669d14d2d8e4a3f7341b3ac765067d0c2d5407a5814b,heat_energy,minnesota,screen,monthly,linear,hicp_heat_energy,False,ok,,0.3,0.5,2025-10-01,3,2026-01-01,101.97,0.5934176452804008,-1.5008027986815504,3.8117928153292437,101.34461617237997,101.02580564618643,-0.625383827620027,0.625383827620027,0.3911049318486756,0.8688375521233215,0.0,600
48e8b8e3fb5d8e823bcbe34f51d6a0cdc31347f9e9c2b38c7775bfe6deabdb13,c547344e180f5e55d555669d14d2d8e4a3f7341b3ac765067d0c2d5407a5814b,heat_energy,minnesota,screen,monthly,linear,hicp_heat_energy,False,ok,,0.3,0.5,2025-10-01,6,2026-04-01,102.12,0.9236391304337892,-2.0272658834104442,6.089600802677963,101.16514284554097,100.84902822991816,-0.9548571544590345,0.9548571544590345,0.9117521854216045,0.8688375521233215,0.0,600
1f7e2bf68dfcf5f46dd013ace11971cf52f760a092f80d9de89f987247040fe3,c547344e180f5e55d555669d14d2d8e4a3f7341b3ac765067d0c2d5407a5814b,heat_energy,minnesota,screen,monthly,linear,hicp_heat_energy,False,ok,,0.3,0.5,2025-11-01,1,2025-12-01,101.52,0.154046308318185,-0.5160759128131067,1.6339956289895343,101.43654719854499,101.54878542738443,-0.08345280145501022,0.08345280145501022,0.0069643700706893555,0.8668753933847542,0.0,600
1f7e2bf68dfcf5f46dd013ace11971cf52f760a092f80d9de89f987247040fe3,c547344e180f5e55d555669d14d2d8e4a3f7341b3ac765067d0c2d5407a5814b,heat_energy,minnesota,screen,monthly,linear,hicp_heat_energy,False,ok,,0.3,0.5,2025-11-01,3,2026-02-01,102.14,0.39260345179179224,-1.2461969670634314,3.2662462194880915,101.58013970388633,101.75022798080381,-0.5598602961136692,0.5598602961136692,0.3134435511644853,0.8668753933847542,0.0,600
1f7e2bf68dfcf5f46dd013ace11971cf52f760a092f80d9de89f987247040fe3,c547344e180f5e55d555669d14d2d8e4a3f7341b3ac765067d0c2d5407a5814b,heat_energy,minnesota,screen,monthly,linear,hicp_heat_energy,False,ok,,0.3,0.5,2025-11-01,6,2026-05-01,103.05,0.9533140042684951,-2.0379013459211017,5.74910954624555,101.50863882382698,101.71131576263087,-1.5413611761730124,1.5413611761730124,2.375794275413452,0.8668753933847542,0.0,600
3d25d5fc89da3899bc324560260d1364e00a7ff5fb4092e5f4ae1066c43049b1,c547344e180f5e55d555669d14d2d8e4a3f7341b3ac765067d0c2d5407a5814b,heat_energy,minnesota,screen,monthly,linear,hicp_heat_energy,False,ok,,0.3,0.5,2025-12-01,1,2026-01-01,101.97,0.2793258783574838,-0.8030189371413217,1.5527952167697376,101.58620702964875,101.49023193550528,-0.3837929703512515,0.3837929703512515,0.1472970440910366,0.8670406001558539,0.0,600
3d25d5fc89da3899bc324560260d1364e00a7ff5fb4092e5f4ae1066c43049b1,c547344e180f5e55d555669d14d2d8e4a3f7341b3ac765067d0c2d5407a5814b,heat_energy,minnesota,screen,monthly,linear,hicp_heat_energy,False,ok,,0.3,0.5,2025-12-01,3,2026-03-01,102.65,0.7424905328447187,-1.7428077888938391,3.191003528123649,101.52145641539784,101.40756078695688,-1.1285435846021699,1.1285435846021699,1.273610622346715,0.8670406001558539,0.0,600
3d25d5fc89da3899bc324560260d1364e00a7ff5fb4092e5f4ae1066c43049b1,c547344e180f5e55d555669d14d2d8e4a3f7341b3ac765067d0c2d5407a5814b,heat_energy,minnesota,screen,monthly,linear,hicp_heat_energy,False,ok,,0.3,0.5,2025-12-01,6,2026-06-01,104.17,1.747893865564583,-2.624690646004072,6.313568800584321,101.45093564111221,101.41007315445984,-2.719064358887792,2.719064358887792,7.393310987773878,0.8670406001558539,0.0,600
75c760de4e85ff9e9ec8d289f95863146a1fda4ee4d48fac1b3ab8665caacc42,2066febbeb50b7f5fb2fb33b2bdc9bdeb833001f27dbede18557cbc7a809419b,heat_energy,minnesota,screen,monthly,linear,hicp_heat_energy,False,ok,,0.3,0.75,2025-07-01,1,2025-08-01,99.98,0.22620294620179737,-0.7129602330863225,2.506913865476652,99.57366939889903,99.67043547315994,-0.40633060110097574,0.40633060110097574,0.16510455739108026,0.8808538533135604,0.0,600
75c760de4e85ff9e9ec8d289f95863146a1fda4ee4d48fac1b3ab8665caacc42,2066febbeb50b7f5fb2fb33b2bdc9bdeb833001f27dbede18557cbc7a809419b,heat_energy,minnesota,screen,monthly,linear,hicp_heat_energy,False,ok,,0.3,0.75,2025-07-01,3,2025-10-01,101.02,0.9041880656193881,-1.9853822430604011,4.123674121049279,99.28318384531096,99.6282191654065,-1.7368161546890377,1.7368161546890377,3.016530355188815,0.8808538533135604,0.0,600
75c760de4e85ff9e9ec8d289f95863146a1fda4ee4d48fac1b3ab8665caacc42,2066febbeb50b7f5fb2fb33b2bdc9bdeb833001f27dbede18557cbc7a809419b,heat_energy,minnesota,screen,monthly,linear,hicp_heat_energy,False,ok,,0.3,0.75,2025-07-01,6,2026-01-01,101.97,1.6095909228013499,-2.5611123280873613,7.212048553360796,99.05563283012489,99.47802121196023,-2.9143671698751064,2.9143671698751064,8.493536000845838,0.8808538533135604,0.0,600
9c89f80e8d142c02d2a0bdc2e285686249c122751f4a9b9d0f4547edd2c22972,2066febbeb50b7f5fb2fb33b2bdc9bdeb833001f27dbede18557cbc7a809419b,heat_energy,minnesota,screen,monthly,linear,hicp_heat_energy,False,ok,,0.3,0.75,2025-08-01,1,2025-09-01,100.03,0.17541694321602552,-0.5071225445202261,1.8942162562352147,99.76089448812255,99.90532637088683,-0.2691055118774557,0.2691055118774557,0.07241777652282744,0.8808295820859807,0.0,600
9c89f80e8d142c02d2a0bdc2e285686249c122751f4a9b9d0f4547edd2c22972,2066febbeb50b7f5fb2fb33b2bdc9bdeb833001f27dbede18557cbc7a809419b,heat_energy,minnesota,screen,monthly,linear,hicp_heat_energy,False,ok,,0.3,0.75,2025-08-01,3,2025-11-01,101.52,1.3125756827011406,-2.4466931604930533,4.959634050193797,99.07447648784914,99.63149476597023,-2.4455235121508565,2.4455235121508565,5.980585248482661,0.8808295820859807,0.0,600
9c89f80e8d142c02d2a0bdc2e285686249c122751f4a9b9d0f4547edd2c22972,2066febbeb50b7f5fb2fb33b2bdc9bdeb833001f27dbede18557cbc7a809419b,heat_energy,minnesota,screen,monthly,linear,hicp_heat_energy,False,ok,,0.3,0.75,2025-08-01,6,2026-02-01,102.14,2.0691153124451307,-2.855254061593804,8.499961995761492,98.52020894654213,99.0735145556351,-3.619791053457874,3.619791053457874,13.102887270693664,0.8808295820859807,0.0,600
a70f365900a776e1914154b1d401fce001e984c13efe123834c88e121de6aa58,2066febbeb50b7f5fb2fb33b2bdc9bdeb833001f27dbede18557cbc7a809419b,heat_energy,minnesota,screen,monthly,linear,hicp_heat_energy,False,ok,,0.3,0.75,2025-09-01,1,2025-10-01,101.02,0.6006508227128617,-1.7554632230773946,1.4812234328441714,100.26707314082402,100.09522477110436,-0.7529268591759717,0.7529268591759717,0.5668988552685935,0.8775791013945173,0.0,600
a70f365900a776e1914154b1d401fce001e984c13efe123834c88e121de6aa58,2066febbeb50b7f5fb2fb33b2bdc9bdeb833001f27dbede18557cbc7a809419b,heat_energy,minnesota,screen,monthly,linear,hicp_heat_energy,False,ok,,0.3,0.75,2025-09-01,3,2025-12-01,101.52,1.0431012355534364,-2.4326067088781023,2.8057169036093086,100.0946747718864,99.84851873553016,-1.4253252281135929,1.4253252281135929,2.0315520058970655,0.8775791013945173,0.0,600
a70f365900a776e1914154b1d401fce001e984c13efe123834c88e121de6aa58,2066febbeb50b7f5fb2fb33b2bdc9bdeb833001f27dbede18557cbc7a809419b,heat_energy,minnesota,screen,monthly,linear,hicp_heat_energy,False,ok,,0.3,0.75,2025-09-01,6,2026-03-01,102.65,2.1093548824455084,-3.029797075383384,5.465500510841081,99.54674475177157,99.33770562520198,-3.103255248228436,3.103255248228436,9.630193135657331,0.8775791013945173,0.0,600
c09609b36f545ca4d48e0a492c2c676b42e1af14e5c4de53119446f5bd296e81,2066febbeb50b7f5fb2fb33b2bdc9bdeb833001f27dbede18557cbc7a809419b,heat_energy,minnesota,screen,monthly,linear,hicp_heat_energy,False,ok,,0.3,0.75,2025-10-01,1,2025-11-01,101.52,0.360294060130938,-1.0265435624697936,2.9077106766826355,101.14927747682967,100.94025731149031,-0.37072252317032905,0.37072252317032905,0.13743518918577516,0.8779537706490921,0.0,600
c09609b36f545ca4d48e0a492c2c676b42e1af14e5c4de53119446f5bd296e81,2066febbeb50b7f5fb2fb33b2bdc9bdeb833001f27dbede18557cbc7a809419b,heat_energy,minnesota,screen,monthly,linear,hicp_heat_energy,False,ok,,0.3,0.75,2025-10-01,3,2026-01-01,101.97,0.6110386421550675,-1.6528050741287243,4.629366744407348,101.27007779789977,101.04593774510576,-0.6999222021002254,0.6999222021002254,0.48989108899282874,0.8779537706490921,0.0,600
c09609b36f545ca4d48e0a492c2c676b42e1af14e5c4de53119446f5bd296e81,2066febbeb50b7f5fb2fb33b2bdc9bdeb833001f27dbede18557cbc7a809419b,heat_energy,minnesota,screen,monthly,linear,hicp_heat_energy,False,ok,,0.3,0.75,2025-10-01,6,2026-04-01,102.12,1.0268984389206723,-2.1711761353822814,6.905491978556053,101.18794908982228,100.86750033493236,-0.9320509101777219,0.9320509101777219,0.8687188991631198,0.8779537706490921,0.0,600
71eb5363bdc8dbeebda0890607f474b637d095fcbaba0d44ebf3829202faa9fd,2066febbeb50b7f5fb2fb33b2bdc9bdeb833001f27dbede18557cbc7a809419b,heat_energy,minnesota,screen,monthly,linear,hicp_heat_energy,False,ok,,0.3,0.75,2025-11-01,1,2025-12-01,101.52,0.18546260648191149,-0.6373818370005093,1.8181664410543987,101.74765576825389,101.66853813059019,0.22765576825389644,0.22765576825389644,0.0518271488192718,0.879516521103987,0.0,600
71eb5363bdc8dbeebda0890607f474b637d095fcbaba0d44ebf3829202faa9fd,2066febbeb50b7f5fb2fb33b2bdc9bdeb833001f27dbede18557cbc7a809419b,heat_energy,minnesota,screen,monthly,linear,hicp_heat_energy,False,ok,,0.3,0.75,2025-11-01,3,2026-02-01,102.14,0.4170760437049641,-1.3787621018799827,4.471982799078443,101.74693425887219,101.6609489989032,-0.39306574112781334,0.39306574112781334,0.15450067684835717,0.879516521103987,0.0,600
71eb5363bdc8dbeebda0890607f474b637d095fcbaba0d44ebf3829202faa9fd,2066febbeb50b7f5fb2fb33b2bdc9bdeb833001f27dbede18557cbc7a809419b,heat_energy,minnesota,screen,monthly,linear,hicp_heat_energy,False,ok,,0.3,0.75,2025-11-01,6,2026-05-01,103.05,0.991338851147654,-2.0699960019840207,6.369998539742402,101.43555444364516,101.71638457280753,-1.6144455563548377,1.6144455563548377,2.6064344544338813,0.879516521103987,0.0,600
34964f9cf6569254c8b6b80400961ffe0cddd484a3f8cc1e776e25f8cbd1c6a0,2066febbeb50b7f5fb2fb33b2bdc9bdeb833001f27dbede18557cbc7a809419b,heat_energy,minnesota,screen,monthly,linear,hicp_heat_energy,False,ok,,0.3,0.75,2025-12-01,1,2026-01-01,101.97,0.29051941678944493,-0.9366342314338238,2.2640943384991155,101.64418852700793,101.51828371820076,-0.325811472992072,0.325811472992072,0.10615311593326368,0.8778090624199826,0.0,600
34964f9cf6569254c8b6b80400961ffe0cddd484a3f8cc1e776e25f8cbd1c6a0,2066febbeb50b7f5fb2fb33b2bdc9bdeb833001f27dbede18557cbc7a809419b,heat_energy,minnesota,screen,monthly,linear,hicp_heat_energy,False,ok,,0.3,0.75,2025-12-01,3,2026-03-01,102.65,0.8607047334164999,-1.8990632851632734,3.4568573064522794,101.38547783445028,101.27237474497149,-1.264522165549721,1.264522165549721,1.599016307166556,0.8778090624199826,0.0,600
34964f9cf6569254c8b6b80400961ffe0cddd484a3f8cc1e776e25f8cbd1c6a0,2066febbeb50b7f5fb2fb33b2bdc9bdeb833001f27dbede18557cbc7a809419b,heat_energy,minnesota,screen,monthly,linear,hicp_heat_energy,False,ok,,0.3,0.75,2025-12-01,6,2026-06-01,104.17,2.0160803199819797,-2.806894646195601,6.2643472702001635,100.92733982965537,101.0377442234134,-3.242660170344635,3.242660170344635,10.514844980339499,0.8778090624199826,0.0,600
c8c9ce10923e9c1e30a2639ff49df6061989c2eac3e1a3644538de3c3b2185d4,79b6d8937ac190e0a63a964dcf1244d6f651257bf51828098a67228662446409,heat_energy,minnesota,screen,monthly,linear,hicp_heat_energy,False,ok,,0.3,1.0,2025-07-01,1,2025-08-01,99.98,0.24000938135624128,-0.8233505817686684,2.027561660977353,99.70375884295999,99.66234370927286,-0.27624115704001895,0.27624115704001895,0.07630917684280841,0.8897018940953991,0.0,600
c8c9ce10923e9c1e30a2639ff49df6061989c2eac3e1a3644538de3c3b2185d4,79b6d8937ac190e0a63a964dcf1244d6f651257bf51828098a67228662446409,heat_energy,minnesota,screen,monthly,linear,hicp_heat_energy,False,ok,,0.3,1.0,2025-07-01,3,2025-10-01,101.02,0.7440947947280336,-1.6985165808993363,5.201673244969033,100.2327260881758,99.81880374299459,-0.7872739118242009,0.7872739118242009,0.6198002122389797,0.8897018940953991,0.0,600
c8c9ce10923e9c1e30a2639ff49df6061989c2eac3e1a3644538de3c3b2185d4,79b6d8937ac190e0a63a964dcf1244d6f651257bf51828098a67228662446409,heat_energy,minnesota,screen,monthly,linear,hicp_heat_energy,False,ok,,0.3,1.0,2025-07-01,6,2026-01-01,101.97,1.5378489253292589,-2.6522009649304823,7.693041171081233,100.32193719194004,99.52705692199554,-1.6480628080599615,1.6480628080599615,2.7161110193104854,0.8897018940953991,0.0,600
b648920ad53c51fa362762694127874427b6314ac6b5bc13abe50f4f09b1220d,79b6d8937ac190e0a63a964dcf1244d6f651257bf51828098a67228662446409,heat_energy,minnesota,screen,monthly,linear,hicp_heat_energy,False,ok,,0.3,1.0,2025-08-01,1,2025-09-01,100.03,0.16549411824196913,-0.5473241655666365,1.5362612193703742,100.13662489985228,100.02177279719672,0.10662489985227808,0.10662489985227808,0.011368869268508329,0.8889735432693948,0.0,600
b648920ad53c51fa362762694127874427b6314ac6b5bc13abe50f4f09b1220d,79b6d8937ac190e0a63a964dcf1244d6f651257bf51828098a67228662446409,heat_energy,minnesota,screen,monthly,linear,hicp_heat_energy,False,ok,,0.3,1.0,2025-08-01,3,2025-11-01,101.52,1.174684493757957,-2.340657774855769,3.997888807972659,99.57808138027202,99.72449361034975,-1.9419186197279714,1.9419186197279714,3.7710479256461897,0.8889735432693948,0.0,600
b648920ad53c51fa362762694127874427b6314ac6b5bc13abe50f4f09b1220d,79b6d8937ac190e0a63a964dcf1244d6f651257bf51828098a67228662446409,heat_energy,minnesota,screen,monthly,linear,hicp_heat_energy,False,ok,,0.3,1.0,2025-08-01,6,2026-02-01,102.14,1.9314777695213659,-2.699592061807052,6.48820659713102,98.93634055898035,99.12269531354882,-3.203659441019653,3.203659441019653,10.263433814034354,0.8889735432693948,0.0,600
a539adc0237687536dfe535dc024dac47e7e701b1c7efdc7aed422fb62156c10,79b6d8937ac190e0a63a964dcf1244d6f651257bf51828098a67228662446409,heat_energy,minnesota,screen,monthly,linear,hicp_heat_energy,False,ok,,0.3,1.0,2025-09-01,1,2025-10-01,101.02,0.6579125203575857,-2.1461696399014922,2.313634656401795,100.20836620925816,100.06143387529404,-0.811633790741837,0.811633790741837,0.6587494102739639,0.8843805083178116,0.0,600
a539adc0237687536dfe535dc024dac47e7e701b1c7efdc7aed422fb62156c10,79b6d8937ac190e0a63a964dcf1244d6f651257bf51828098a67228662446409,heat_energy,minnesota,screen,monthly,linear,hicp_heat_energy,False,ok,,0.3,1.0,2025-09-01,3,2025-12-01,101.52,1.084863424576444,-2.3017975927763548,4.186801372534068,99.88773293253645,99.83396359831458,-1.6322670674635447,1.6322670674635447,2.66429577952604,0.8843805083178116,0.0,600
a539adc0237687536dfe535dc024dac47e7e701b1c7efdc7aed422fb62156c10,79b6d8937ac190e0a63a964dcf1244d6f651257bf51828098a67228662446409,heat_energy,minnesota,screen,monthly,linear,hicp_heat_energy,False,ok,,0.3,1.0,2025-09-01,6,2026-03-01,102.65,2.1819240866825145,-3.114417733539552,6.017249611474626,99.13483202927311,99.39619031266619,-3.5151679707268926,3.5151679707268926,12.35640586242422,0.8843805083178116,0.0,600
32d753461e7b56c702e2b7c544467869b8d76a9b655c46860949a31d18ed16da,79b6d8937ac190e0a63a964dcf1244d6f651257bf51828098a67228662446409,heat_energy,minnesota,screen,monthly,linear,hicp_heat_energy,False,ok,,0.3,1.0,2025-10-01,1,2025-11-01,101.52,0.3606599106970292,-1.011137969396784,2.3538666362863427,100.9358296316872,100.94733098697598,-0.5841703683127975,0.5841703683127975,0.3412550192147094,0.8873066490919324,0.0,600
32d753461e7b56c702e2b7c544467869b8d76a9b655c46860949a31d18ed16da,79b6d8937ac190e0a63a964dcf1244d6f651257bf51828098a67228662446409,heat_energy,minnesota,screen,monthly,linear,hicp_heat_energy,False,ok,,0.3,1.0,2025-10-01,3,2026-01-01,101.97,0.641277614136073,-1.686101347261923,4.152047209235422,101.09071391763294,100.99024269467552,-0.8792860823670594,0.8792860823670594,0.7731440146444112,0.8873066490919324,0.0,600
32d753461e7b56c702e2b7c544467869b8d76a9b655c46860949a31d18ed16da,79b6d8937ac190e0a63a964dcf1244d6f651257bf51828098a67228662446409,heat_energy,minnesota,screen,monthly,linear,hicp_heat_energy,False,ok,,0.3,1.0,2025-10-01,6,2026-04-01,102.12,1.0896801982478852,-2.1811934094184586,7.273386347374972,100.73981093146627,100.68926850995226,-1.3801890685337384,1.3801890685337384,1.9049218649000283,0.8873066490919324,0.0,600
0326221251f7ac03af9b8cd210ff141848a63382b9ba9bae0d613f452bb20614,79b6d8937ac190e0a63a964dcf1244d6f651257bf51828098a67228662446409,heat_energy,minnesota,screen,monthly,linear,hicp_heat_energy,False,ok,,0.3,1.0,2025-11-01,1,2025-12-01,101.52,0.17004853730781944,-0.5616127170005836,1.349139686558085,101.61484870947073,101.59696315616108,0.09484870947073887,0.09484870947073887,0.00899627768826463,0.8872744724767277,0.0,600
0326221251f7ac03af9b8cd210ff141848a63382b9ba9bae0d613f452bb20614,79b6d8937ac190e0a63a964dcf1244d6f651257bf51828098a67228662446409,heat_energy,minnesota,screen,monthly,linear,hicp_heat_energy,False,ok,,0.3,1.0,2025-11-01,3,2026-02-01,102.14,0.4554511227329514,-1.472825057670807,4.135180144305566,101.36901826162175,101.54777402594388,-0.7709817383782536,0.7709817383782536,0.5944128409127538,0.8872744724767277,0.0,600
0326221251f7ac03af9b8cd210ff141848a63382b9ba9bae0d613f452bb20614,79b6d8937ac190e0a63a964dcf1244d6f651257bf51828098a67228662446409,heat_energy,minnesota,screen,monthly,linear,hicp_heat_energy,False,ok,,0.3,1.0,2025-11-01,6,2026-05-01,103.05,1.087426935866417,-2.150169971452918,6.334514435895669,100.81838330520478,101.55871322632957,-2.231616694795221,2.231616694795221,4.980113072488748,0.8872744724767277,0.0,600
729943029c0f458c17d63badd4697d4b22df08c26e3ad7fe6ae11f6581ae9ceb,79b6d8937ac190e0a63a964dcf1244d6f651257bf51828098a67228662446409,heat_energy,minnesota,screen,monthly,linear,hicp_heat_energy,False,ok,,0.3,1.0,2025-12-01,1,2026-01-01,101.97,0.30283464083143463,-0.8206942475558971,1.7293250955589408,101.4361115940981,101.46896622708329,-0.5338884059019051,0.5338884059019051,0.2850368299564774,0.8851250702944649,0.0,600
729943029c0f458c17d63badd4697d4b22df08c26e3ad7fe6ae11f6581ae9ceb,79b6d8937ac190e0a63a964dcf1244d6f651257bf51828098a67228662446409,heat_energy,minnesota,screen,monthly,linear,hicp_heat_energy,False,ok,,0.3,1.0,2025-12-01,3,2026-03-01,102.65,0.8716019541644147,-1.8086636304720893,4.033359877795662,100.89270897972096,101.18776285185001,-1.757291020279041,1.757291020279041,3.088071729953353,0.8851250702944649,0.0,600
729943029c0f458c17d63badd4697d4b22df08c26e3ad7fe6ae11f6581ae9ceb,79b6d8937ac190e0a63a964dcf1244d6f651257bf51828098a67228662446409,heat_energy,minnesota,screen,monthly,linear,hicp_heat_energy,False,ok,,0.3,1.0,2025-12-01,6,2026-06-01,104.17,2.0057084329125687,-2.6961673983840915,6.229568384033321,100.65074354405517,101.13160784418045,-3.519256455944827,3.519256455944827,12.385166002709346,0.8851250702944649,0.0,600
4a7cfd188cfe64381f638ab6dafe724d1012a75c07e8fdf82bc99cf051d05078,76f3c4c41f4f845ffff3f9303ab2d6570b5878f0b0ad318c8343636330022bfd,heat_energy,minnesota,screen,monthly,linear,hicp_heat_energy,False,ok,,0.4,0.25,2025-07-01,1,2025-08-01,99.98,0.24483377278686347,-0.7146553662654256,2.180422373354726,99.5857574004296,99.62426702950852,-0.3942425995704042,0.3942425995704042,0.15542722731603006,0.8691013413440932,0.0,600
4a7cfd188cfe64381f638ab6dafe724d1012a75c07e8fdf82bc99cf051d05078,76f3c4c41f4f845ffff3f9303ab2d6570b5878f0b0ad318c8343636330022bfd,heat_energy,minnesota,screen,monthly,linear,hicp_heat_energy,False,ok,,0.4,0.25,2025-07-01,3,2025-10-01,101.02,0.8753416414952337,-1.8427373022963538,3.6107097822544887,99.37934066619664,99.64113567782611,-1.640659333803356,1.640659333803356,2.6917630495960716,0.8691013413440932,0.0,600
4a7cfd188cfe64381f638ab6dafe724d1012a75c07e8fdf82bc99cf051d05078,76f3c4c41f4f845ffff3f9303ab2d6570b5878f0b0ad318c8343636330022bfd,heat_energy,minnesota,screen,monthly,linear,hicp_heat_energy,False,ok,,0.4,0.25,2025-07-01,6,2026-01-01,101.97,1.5461770568826352,-2.3911076576819195,5.835164114240202,99.23865623268635,99.6940288795522,-2.7313437673136463,2.7313437673136463,7.460238775243102,0.8691013413440932,0.0,600
4a0b9c8ef2d0445ed3e832969b0a8f8dcfa217f3c025e94259840ae1a72e216f,76f3c4c41f4f845ffff3f9303ab2d6570b5878f0b0ad318c8343636330022bfd,heat_energy,minnesota,screen,monthly,linear,hicp_heat_energy,False,ok,,0.4,0.25,2025-08-01,1,2025-09-01,100.03,0.15233186580075708,-0.3768138155234064,1.9146108577661918,99.90417558710102,99.94712978584778,-0.12582441289897872,0.12582441289897872,0.015831782881372682,0.8683998213811626,0.0,600
4a0b9c8ef2d0445ed3e832969b0a8f8dcfa217f3c025e94259840ae1a72e216f,76f3c4c41f4f845ffff3f9303ab2d6570b5878f0b0ad318c8343636330022bfd,heat_energy,minnesota,screen,monthly,linear,hicp_heat_energy,False,ok,,0.4,0.25,2025-08-01,3,2025-11-01,101.52,1.310581553633197,-2.8214704097155234,4.636859110673804,99.73196329302685,99.6429670385264,-1.7880367069731449,1.7880367069731449,3.197075265483368,0.8683998213811626,0.0,600
4a0b9c8ef2d0445ed3e832969b0a8f8dcfa217f3c025e94259840ae1a72e216f,76f3c4c41f4f845ffff3f9303ab2d6570b5878f0b0ad318c8343636330022bfd,heat_energy,minnesota,screen,monthly,linear,hicp_heat_energy,False,ok,,0.4,0.25,2025-08-01,6,2026-02-01,102.14,2.0641462543651703,-3.066091370447628,7.70999170569978,99.08187515840065,98.99234117033708,-3.0581248415993514,3.0581248415993514,9.352127546807058,0.8683998213811626,0.0,600
f55da8af8c9c6fa0023675b5ede2dfc1a210e15c761ed188d5283537795ca903,76f3c4c41f4f845ffff3f9303ab2d6570b5878f0b0ad318c8343636330022bfd,heat_energy,minnesota,screen,monthly,linear,hicp_heat_energy,False,ok,,0.4,0.25,2025-09-01,1,2025-10-01,101.02,0.6368863211102458,-1.958713429765024,0.8961635926256674,100.07704287474128,100.0258201643652,-0.9429571252587152,0.9429571252587152,0.8891681400761804,0.8645934365244969,0.0,600
f55da8af8c9c6fa0023675b5ede2dfc1a210e15c761ed188d5283537795ca903,76f3c4c41f4f845ffff3f9303ab2d6570b5878f0b0ad318c8343636330022bfd,heat_energy,minnesota,screen,monthly,linear,hicp_heat_energy,False,ok,,0.4,0.25,2025-09-01,3,2025-12-01,101.52,1.0360195914387735,-2.4029182983505146,3.213920409718071,99.80232937954193,99.93271049779445,-1.7176706204580654,1.7176706204580654,2.9503923603847952,0.8645934365244969,0.0,600
f55da8af8c9c6fa0023675b5ede2dfc1a210e15c761ed188d5283537795ca903,76f3c4c41f4f845ffff3f9303ab2d6570b5878f0b0ad318c8343636330022bfd,heat_energy,minnesota,screen,monthly,linear,hicp_heat_energy,False,ok,,0.4,0.25,2025-09-01,6,2026-03-01,102.65,1.9396506019613828,-2.8386344651707764,5.336958466505724,99.45931514799835,99.68375443169772,-3.1906848520016524,3.1906848520016524,10.180469824792807,0.8645934365244969,0.0,600
8f34ca4abc9e602de5b15e3db1939357f62fd5abfda90f31a0640df05cdd7c61,76f3c4c41f4f845ffff3f9303ab2d6570b5878f0b0ad318c8343636330022bfd,heat_energy,minnesota,screen,monthly,linear,hicp_heat_energy,False,ok,,0.4,0.25,2025-10-01,1,2025-11-01,101.52,0.3367423447029506,-0.9737492402213688,1.6517371965715337,101.02091272759935,100.95243400979095,-0.49908727240064366,0.49908727240064366,0.24908810547231428,0.866414192829217,0.0,600
8f34ca4abc9e602de5b15e3db1939357f62fd5abfda90f31a0640df05cdd7c61,76f3c4c41f4f845ffff3f9303ab2d6570b5878f0b0ad318c8343636330022bfd,heat_energy,minnesota,screen,monthly,linear,hicp_heat_energy,False,ok,,0.4,0.25,2025-10-01,3,2026-01-01,101.97,0.5632597544401401,-1.5674918291457063,3.4200544267622983,101.29382939593813,101.13911796865139,-0.6761706040618662,0.6761706040618662,0.4572066857973891,0.866414192829217,0.0,600
8f34ca4abc9e602de5b15e3db1939357f62fd5abfda90f31a0640df05cdd7c61,76f3c4c41f4f845ffff3f9303ab2d6570b5878f0b0ad318c8343636330022bfd,heat_energy,minnesota,screen,monthly,linear,hicp_heat_energy,False,ok,,0.4,0.25,2025-10-01,6,2026-04-01,102.12,0.9110042612066005,-2.0915817794546347,6.212646691198744,101.25856873782146,101.12246761217538,-0.8614312621785416,0.8614312621785416,0.7420638194585153,0.866414192829217,0.0,600
ac751013f5cd4964774897fe7d424309f7a474d6b148fa406c482f814c82a5fb,76f3c4c41f4f845ffff3f9303ab2d6570b5878f0b0ad318c8343636330022bfd,heat_energy,minnesota,screen,monthly,linear,hicp_heat_energy,False,ok,,0.4,0.25,2025-11-01,1,2025-12-01,101.52,0.15998010750671554,-0.45686565049343564,1.4425483351952038,101.76430320503017,101.64469701066595,0.2443032050301781,0.2443032050301781,0.059684055988017244,0.8655052234491805,0.0,600
ac751013f5cd4964774897fe7d424309f7a474d6b148fa406c482f814c82a5fb,76f3c4c41f4f845ffff3f9303ab2d6570b5878f0b0ad318c8343636330022bfd,heat_energy,minnesota,screen,monthly,linear,hicp_heat_energy,False,ok,,0.4,0.25,2025-11-01,3,2026-02-01,102.14,0.3926127328296811,-1.3189820965677974,3.8700454093451473,101.93029877050375,101.87114550772827,-0.2097012294962468,0.2097012294962468,0.043974605652237576,0.8655052234491805,0.0,600
ac751013f5cd4964774897fe7d424309f7a474d6b148fa406c482f814c82a5fb,76f3c4c41f4f845ffff3f9303ab2d6570b5878f0b0ad318c8343636330022bfd,heat_energy,minnesota,screen,monthly,linear,hicp_heat_energy,False,ok,,0.4,0.25,2025-11-01,6,2026-05-01,103.05,0.8788867911928531,-2.0511776793717864,6.6645283557621084,102.23233569500827,102.13263902089736,-0.8176643049917232,0.8176643049917232,0.6685749156575976,0.8655052234491805,0.0,600
e7fa99e39354bf13c7c5e3ba0a6dc0853ec8a6ee5832c5ca984027dad2b4c4f3,76f3c4c41f4f845ffff3f9303ab2d6570b5878f0b0ad318c8343636330022bfd,heat_energy,minnesota,screen,monthly,linear,hicp_heat_energy,False,ok,,0.4,0.25,2025-12-01,1,2026-01-01,101.97,0.2652215778835212,-0.6715965079766448,2.6092029597443265,101.59006898900111,101.55862257910826,-0.37993101099888804,0.37993101099888804,0.1443475731186372,0.8658076384704834,0.0,600
e7fa99e39354bf13c7c5e3ba0a6dc0853ec8a6ee5832c5ca984027dad2b4c4f3,76f3c4c41f4f845ffff3f9303ab2d6570b5878f0b0ad318c8343636330022bfd,heat_energy,minnesota,screen,monthly,linear,hicp_heat_energy,False,ok,,0.4,0.25,2025-12-01,3,2026-03-01,102.65,0.7311474743017714,-1.7395823397005152,4.078165528033001,101.49023882353401,101.50465837660082,-1.1597611764659916,1.1597611764659916,1.345045986437781,0.8658076384704834,0.0,600
e7fa99e39354bf13c7c5e3ba0a6dc0853ec8a6ee5832c5ca984027dad2b4c4f3,76f3c4c41f4f845ffff3f9303ab2d6570b5878f0b0ad318c8343636330022bfd,heat_energy,minnesota,screen,monthly,linear,hicp_heat_energy,False,ok,,0.4,0.25,2025-12-01,6,2026-06-01,104.17,1.8001170276610545,-2.7676672653595364,6.4165027406268065,101.34633809912417,101.32511394214873,-2.823661900875834,2.823661900875834,7.973066530457728,0.8658076384704834,0.0,600
5754e80d85288f3e191a0895d8648a9884cef35fae1008f58f578622ba9550d6,171c8a10071e49e57f1ac99670ac29bab077435d88812cf047e49e4633e09802,heat_energy,minnesota,screen,monthly,linear,hicp_heat_energy,False,ok,,0.4,0.5,2025-07-01,1,2025-08-01,99.98,0.2980440009671089,-0.9160065450214772,3.0503586453785854,99.39414724441477,99.53007580417355,-0.5858527555852362,0.5858527555852362,0.3432234512268145,0.8828844382979402,0.0,600
5754e80d85288f3e191a0895d8648a9884cef35fae1008f58f578622ba9550d6,171c8a10071e49e57f1ac99670ac29bab077435d88812cf047e49e4633e09802,heat_energy,minnesota,screen,monthly,linear,hicp_heat_energy,False,ok,,0.4,0.5,2025-07-01,3,2025-10-01,101.02,0.9790037324036784,-1.98096188191303,5.295932717080292,99.13680605217924,99.48260641583774,-1.8831939478207573,1.8831939478207573,3.546419445108729,0.8828844382979402,0.0,600
5754e80d85288f3e191a0895d8648a9884cef35fae1008f58f578622ba9550d6,171c8a10071e49e57f1ac99670ac29bab077435d88812cf047e49e4633e09802,heat_energy,minnesota,screen,monthly,linear,hicp_heat_energy,False,ok,,0.4,0.5,2025-07-01,6,2026-01-01,101.97,1.6564558058154306,-2.4765408802204933,7.950018354851569,99.21715102366193,99.37904898354955,-2.752848976338072,2.752848976338072,7.57817748652557,0.8828844382979402,0.0,600
5fc8e3161c53a2008ca6b7a80dd025fda7d57a665fc8eacf4d94d1e4aba1da89,171c8a10071e49e57f1ac99670ac29bab077435d88812cf047e49e4633e09802,heat_energy,minnesota,screen,monthly,linear,hicp_heat_energy,False,ok,,0.4,0.5,2025-08-01,1,2025-09-01,100.03,0.17329153468699188,-0.4926877913225898,2.16949852620073,99.80279840013156,99.91651488697484,-0.2272015998684367,0.2272015998684367,0.051620566982777207,0.8814214510578147,0.0,600
5fc8e3161c53a2008ca6b7a80dd025fda7d57a665fc8eacf4d94d1e4aba1da89,171c8a10071e49e57f1ac99670ac29bab077435d88812cf047e49e4633e09802,heat_energy,minnesota,screen,monthly,linear,hicp_heat_energy,False,ok,,0.4,0.5,2025-08-01,3,2025-11-01,101.52,1.2656348157138504,-2.616497600789671,4.478698091857769,99.53625578248206,99.64939896165887,-1.9837442175179376,1.9837442175179376,3.9352411205358546,0.8814214510578147,0.0,600
5fc8e3161c53a2008ca6b7a80dd025fda7d57a665fc8eacf4d94d1e4aba1da89,171c8a10071e49e57f1ac99670ac29bab077435d88812cf047e49e4633e09802,heat_energy,minnesota,screen,monthly,linear,hicp_heat_energy,False,ok,,0.4,0.5,2025-08-01,6,2026-02-01,102.14,2.0894338545326017,-2.899379515956947,8.646399200479536,98.88029371529943,99.04772088613734,-3.2597062847005702,3.2597062847005702,10.625685062516395,0.8814214510578147,0.0,600
1debeada93f899956603fdb270378c3af0ce76a02f4c5db64eeebee420cef9c2,171c8a10071e49e57f1ac99670ac29bab077435d88812cf047e49e4633e09802,heat_energy,minnesota,screen,monthly,linear,hicp_heat_energy,False,ok,,0.4,0.5,2025-09-01,1,2025-10-01,101.02,0.6178374422583681,-1.9237768085242486,1.101672230235229,100.07751519370869,100.07962012286526,-0.9424848062913043,0.9424848062913043,0.8882776100899573,0.8784134727812807,0.0,600
1debeada93f899956603fdb270378c3af0ce76a02f4c5db64eeebee420cef9c2,171c8a10071e49e57f1ac99670ac29bab077435d88812cf047e49e4633e09802,heat_energy,minnesota,screen,monthly,linear,hicp_heat_energy,False,ok,,0.4,0.5,2025-09-01,3,2025-12-01,101.52,1.067291287781919,-2.3699756242936214,3.6134132061721034,99.68026308226513,99.93656525832401,-1.839736917734868,1.839736917734868,3.384631926476592,0.8784134727812807,0.0,600
1debeada93f899956603fdb270378c3af0ce76a02f4c5db64eeebee420cef9c2,171c8a10071e49e57f1ac99670ac29bab077435d88812cf047e49e4633e09802,heat_energy,minnesota,screen,monthly,linear,hicp_heat_energy,False,ok,,0.4,0.5,2025-09-01,6,2026-03-01,102.65,2.155716073810797,-2.9737644755375388,5.66288938341355,99.01658969085705,99.30188457557264,-3.6334103091429597,3.6334103091429597,13.201670474586338,0.8784134727812807,0.0,600
f4e2e4f00cf52c6cd722f3e1c5cb75ffd6448b93eee79ba9d4d15a1ff4656e1c,171c8a10071e49e57f1ac99670ac29bab077435d88812cf047e49e4633e09802,heat_energy,minnesota,screen,monthly,linear,hicp_heat_energy,False,ok,,0.4,0.5,2025-10-01,1,2025-11-01,101.52,0.3849098655638008,-0.9938649058983078,1.45170340450565,100.83535478404964,100.880448518096,-0.6846452159503542,0.6846452159503542,0.46873907172370716,0.8798069025156128,0.0,600
f4e2e4f00cf52c6cd722f3e1c5cb75ffd6448b93eee79ba9d4d15a1ff4656e1c,171c8a10071e49e57f1ac99670ac29bab077435d88812cf047e49e4633e09802,heat_energy,minnesota,screen,monthly,linear,hicp_heat_energy,False,ok,,0.4,0.5,2025-10-01,3,2026-01-01,101.97,0.6146894935394889,-1.595710809825417,2.922551890232301,101.17591695086023,100.94244886781296,-0.7940830491397719,0.7940830491397719,0.6305678889311174,0.8798069025156128,0.0,600
f4e2e4f00cf52c6cd722f3e1c5cb75ffd6448b93eee79ba9d4d15a1ff4656e1c,171c8a10071e49e57f1ac99670ac29bab077435d88812cf047e49e4633e09802,heat_energy,minnesota,screen,monthly,linear,hicp_heat_energy,False,ok,,0.4,0.5,2025-10-01,6,2026-04-01,102.12,0.9921334705265652,-2.049110586107365,6.413434119541836,100.52609013112,100.63683798960489,-1.5939098688800044,1.5939098688800044,2.540548670113073,0.8798069025156128,0.0,600
8e300db90bf6c48fdbe54220e7ec300c43d3786909a065e44d7e2fddf68a4b91,171c8a10071e49e57f1ac99670ac29bab077435d88812cf047e49e4633e09802,heat_energy,minnesota,screen,monthly,linear,hicp_heat_energy,False,ok,,0.4,0.5,2025-11-01,1,2025-12-01,101.52,0.16103050436135957,-0.4904051673730816,1.5639340169175338,101.67266492259415,101.62430271068428,0.15266492259415543,0.15266492259415543,0.02330657859067947,0.8793977345627823,0.0,600
8e300db90bf6c48fdbe54220e7ec300c43d3786909a065e44d7e2fddf68a4b91,171c8a10071e49e57f1ac99670ac29bab077435d88812cf047e49e4633e09802,heat_energy,minnesota,screen,monthly,linear,hicp_heat_energy,False,ok,,0.4,0.5,2025-11-01,3,2026-02-01,102.14,0.43663287243545823,-1.4029397159385182,3.473506767528041,101.630289648582,101.7346666835173,-0.5097103514179935,0.5097103514179935,0.2598046423426544,0.8793977345627823,0.0,600
8e300db90bf6c48fdbe54220e7ec300c43d3786909a065e44d7e2fddf68a4b91,171c8a10071e49e57f1ac99670ac29bab077435d88812cf047e49e4633e09802,heat_energy,minnesota,screen,monthly,linear,hicp_heat_energy,False,ok,,0.4,0.5,2025-11-01,6,2026-05-01,103.05,0.9865245462443744,-2.190032359663755,5.992384060133699,101.64512551223797,101.58061669112419,-1.4048744877620294,1.4048744877620294,1.9736723263646245,0.8793977345627823,0.0,600
60bf13b1f4ad8ff7eccdbe03fa0cfa851aa41bcd2f2b54ce2c27e8887894f12c,171c8a10071e49e57f1ac99670ac29bab077435d88812cf047e49e4633e09802,heat_energy,minnesota,screen,monthly,linear,hicp_heat_energy,False,ok,,0.4,0.5,2025-12-01,1,2026-01-01,101.97,0.29829882881496994,-0.7340551492697109,1.7752417323307277,101.37180014008509,101.5105299736309,-0.5981998599149136,0.5981998599149136,0.3578430724022223,0.8787830633935441,0.0,600
60bf13b1f4ad8ff7eccdbe03fa0cfa851aa41bcd2f2b54ce2c27e8887894f12c,171c8a10071e49e57f1ac99670ac29bab077435d88812cf047e49e4633e09802,heat_energy,minnesota,screen,monthly,linear,hicp_heat_energy,False,ok,,0.4,0.5,2025-12-01,3,2026-03-01,102.65,0.8586026338301447,-1.9084619489752126,3.3971042814988444,101.08503169820307,101.24363254774761,-1.564968301796938,1.564968301796938,2.449125785629192,0.8787830633935441,0.0,600
60bf13b1f4ad8ff7eccdbe03fa0cfa851aa41bcd2f2b54ce2c27e8887894f12c,171c8a10071e49e57f1ac99670ac29bab077435d88812cf047e49e4633e09802,heat_energy,minnesota,screen,monthly,linear,hicp_heat_energy,False,ok,,0.4,0.5,2025-12-01,6,2026-06-01,104.17,1.9173278046865945,-2.6628952571392626,5.979909029581349,100.9295793445277,101.15509892215931,-3.240420655472306,3.240420655472306,10.500326024411569,0.8787830633935441,0.0,600
203306ab6a6998a13b2a2d44e23c445662192341e8120ce5e1a907b26ec9bdd6,1f379afeb41b777188b3552d67b03a40c79a41ecc3aab710f6482acb2615f372,heat_energy,minnesota,screen,monthly,linear,hicp_heat_energy,False,ok,,0.4,0.75,2025-07-01,1,2025-08-01,99.98,0.24398852417851902,-0.8309434375447307,2.3785222849928918,99.7816086691791,99.65201175131679,-0.19839133082089688,0.19839133082089688,0.03935912014488655,0.891788085150445,0.0,600
203306ab6a6998a13b2a2d44e23c445662192341e8120ce5e1a907b26ec9bdd6,1f379afeb41b777188b3552d67b03a40c79a41ecc3aab710f6482acb2615f372,heat_energy,minnesota,screen,monthly,linear,hicp_heat_energy,False,ok,,0.4,0.75,2025-07-01,3,2025-10-01,101.02,0.7421442394341764,-1.7737559289416396,4.74973244442368,100.03472832450043,99.82466440820909,-0.9852716754995612,0.9852716754995612,0.9707602745417125,0.891788085150445,0.0,600
203306ab6a6998a13b2a2d44e23c445662192341e8120ce5e1a907b26ec9bdd6,1f379afeb41b777188b3552d67b03a40c79a41ecc3aab710f6482acb2615f372,heat_energy,minnesota,screen,monthly,linear,hicp_heat_energy,False,ok,,0.4,0.75,2025-07-01,6,2026-01-01,101.97,1.4462675463565589,-2.4204798420880556,7.337150875791599,100.30630077952804,99.66835813607698,-1.6636992204719547,1.6636992204719547,2.76789509619899,0.891788085150445,0.0,600
06001d7147e083a381300da2e922761f710da01cda45262bd6b7dfafac6e6802,1f379afeb41b777188b3552d67b03a40c79a41ecc3aab710f6482acb2615f372,heat_energy,minnesota,screen,monthly,linear,hicp_heat_energy,False,ok,,0.4,0.75,2025-08-01,1,2025-09-01,100.03,0.16192011988299526,-0.4960540833840188,2.321562272212326,100.07103188786691,100.05710431409452,0.04103188786690737,0.04103188786690737,0.00168361582192246,0.8900907371061098,0.0,600
06001d7147e083a381300da2e922761f710da01cda45262bd6b7dfafac6e6802,1f379afeb41b777188b3552d67b03a40c79a41ecc3aab710f6482acb2615f372,heat_energy,minnesota,screen,monthly,linear,hicp_heat_energy,False,ok,,0.4,0.75,2025-08-01,3,2025-11-01,101.52,1.1047422620813967,-2.408877151969241,4.558728441205293,99.7444275674299,99.8130974683707,-1.775572432570101,1.775572432570101,3.152657463302906,0.8900907371061098,0.0,600
06001d7147e083a381300da2e922761f710da01cda45262bd6b7dfafac6e6802,1f379afeb41b777188b3552d67b03a40c79a41ecc3aab710f6482acb2615f372,heat_energy,minnesota,screen,monthly,linear,hicp_heat_energy,False,ok,,0.4,0.75,2025-08-01,6,2026-02-01,102.14,1.7139458240717036,-2.618352953775829,7.304229000024598,99.49618423794392,99.37900792269744,-2.6438157620560787,2.6438157620560787,6.9897617836961645,0.8900907371061098,0.0,600
c89adf50c003c295be90fddf59fa6424df8561227f467d8caba3d5f974d38a66,1f379afeb41b777188b3552d67b03a40c79a41ecc3aab710f6482acb2615f372,heat_energy,minnesota,screen,monthly,linear,hicp_heat_energy,False,ok,,0.4,0.75,2025-09-01,1,2025-10-01,101.02,0.6115405309869215,-1.8003410829084414,1.2542725958872174,100.04531690735831,100.07980187543947,-0.9746830926416834,0.9746830926416834,0.9500071310815564,0.8873804498388087,0.0,600
c89adf50c003c295be90fddf59fa6424df8561227f467d8caba3d5f974d38a66,1f379afeb41b777188b3552d67b03a40c79a41ecc3aab710f6482acb2615f372,heat_energy,minnesota,screen,monthly,linear,hicp_heat_energy,False,ok,,0.4,0.75,2025-09-01,3,2025-12-01,101.52,1.038710606037426,-2.3062282865452417,3.356026828446977,99.80568915134135,99.93766613411337,-1.7143108486586414,1.7143108486586414,2.9388616858287113,0.8873804498388087,0.0,600
c89adf50c003c295be90fddf59fa6424df8561227f467d8caba3d5f974d38a66,1f379afeb41b777188b3552d67b03a40c79a41ecc3aab710f6482acb2615f372,heat_energy,minnesota,screen,monthly,linear,hicp_heat_energy,False,ok,,0.4,0.75,2025-09-01,6,2026-03-01,102.65,2.099458040110918,-2.9708735815736684,5.26250372737061,99.25738778164026,99.40336124104302,-3.3926122183597442,3.3926122183597442,11.509817664163824,0.8873804498388087,0.0,600
eb0f78c50455d73a5465dc8f7d4877046ecce2873de82b4572e84fab80a3f096,1f379afeb41b777188b3552d67b03a40c79a41ecc3aab710f6482acb2615f372,heat_energy,minnesota,screen,monthly,linear,hicp_heat_energy,False,ok,,0.4,0.75,2025-10-01,1,2025-11-01,101.52,0.3651350527698798,-0.9473966699039842,2.5398773678780913,101.0256020301106,100.91738683587027,-0.4943979698893912,0.4943979698893912,0.24442935263075138,0.8900943794968456,0.0,600
eb0f78c50455d73a5465dc8f7d4877046ecce2873de82b4572e84fab80a3f096,1f379afeb41b777188b3552d67b03a40c79a41ecc3aab710f6482acb2615f372,heat_energy,minnesota,screen,monthly,linear,hicp_heat_energy,False,ok,,0.4,0.75,2025-10-01,3,2026-01-01,101.97,0.608765566302401,-1.6067882678983523,3.857139128604031,101.19459923336593,101.06486416262368,-0.7754007666340641,0.7754007666340641,0.6012463488966944,0.8900943794968456,0.0,600
eb0f78c50455d73a5465dc8f7d4877046ecce2873de82b4572e84fab80a3f096,1f379afeb41b777188b3552d67b03a40c79a41ecc3aab710f6482acb2615f372,heat_energy,minnesota,screen,monthly,linear,hicp_heat_energy,False,ok,,0.4,0.75,2025-10-01,6,2026-04-01,102.12,1.0275011518625963,-2.2238826735224104,6.389537193716905,100.97485397309784,100.72195343781416,-1.145146026902168,1.145146026902168,1.3113594229298209,0.8900943794968456,0.0,600
ed9a7418f87e7810e4fd1b90420fff61e455d8c826c4837fe29d8ebbe08e2bf7,1f379afeb41b777188b3552d67b03a40c79a41ecc3aab710f6482acb2615f372,heat_energy,minnesota,screen,monthly,linear,hicp_heat_energy,False,ok,,0.4,0.75,2025-11-01,1,2025-12-01,101.52,0.18542115022842842,-0.6382559468241604,1.532470557567007,101.70434855505971,101.62847795628467,0.1843485550597137,0.1843485550597137,0.033984389752604295,0.889694185640812,0.0,600
ed9a7418f87e7810e4fd1b90420fff61e455d8c826c4837fe29d8ebbe08e2bf7,1f379afeb41b777188b3552d67b03a40c79a41ecc3aab710f6482acb2615f372,heat_energy,minnesota,screen,monthly,linear,hicp_heat_energy,False,ok,,0.4,0.75,2025-11-01,3,2026-02-01,102.14,0.4248009691961938,-1.3983974893924582,3.099444317803916,101.72307876629469,101.61638316930453,-0.41692123370530965,0.41692123370530965,0.17382331511435742,0.889694185640812,0.0,600
ed9a7418f87e7810e4fd1b90420fff61e455d8c826c4837fe29d8ebbe08e2bf7,1f379afeb41b777188b3552d67b03a40c79a41ecc3aab710f6482acb2615f372,heat_energy,minnesota,screen,monthly,linear,hicp_heat_energy,False,ok,,0.4,0.75,2025-11-01,6,2026-05-01,103.05,1.0092134612855057,-2.119364315009677,4.700936916533059,101.57228836417062,101.47730245853712,-1.4777116358293796,1.4777116358293796,2.1836316786655408,0.889694185640812,0.0,600
738acb972a716f7c46222de88da726a819aec49ec77c17608f0d07715ba947d3,1f379afeb41b777188b3552d67b03a40c79a41ecc3aab710f6482acb2615f372,heat_energy,minnesota,screen,monthly,linear,hicp_heat_energy,False,ok,,0.4,0.75,2025-12-01,1,2026-01-01,101.97,0.2821860823038048,-0.7780249460968482,1.5498768416825928,101.50402808339803,101.55672659896672,-0.4659719166019727,0.4659719166019727,0.21712982706171577,0.8884340833752656,0.0,600
738acb972a716f7c46222de88da726a819aec49ec77c17608f0d07715ba947d3,1f379afeb41b777188b3552d67b03a40c79a41ecc3aab710f6482acb2615f372,heat_energy,minnesota,screen,monthly,linear,hicp_heat_energy,False,ok,,0.4,0.75,2025-12-01,3,2026-03-01,102.65,0.8739978909026338,-1.976237102903474,3.035744624325749,101.22395179338213,101.21133444188905,-1.4260482066178781,1.4260482066178781,2.0336134875980663,0.8884340833752656,0.0,600
738acb972a716f7c46222de88da726a819aec49ec77c17608f0d07715ba947d3,1f379afeb41b777188b3552d67b03a40c79a41ecc3aab710f6482acb2615f372,heat_energy,minnesota,screen,monthly,linear,hicp_heat_energy,False,ok,,0.4,0.75,2025-12-01,6,2026-06-01,104.17,2.0189122473383168,-2.8427315977382426,5.280735405313357,100.78165332286231,101.0753322643227,-3.38834667713769,3.38834667713769,11.480893204470027,0.8884340833752656,0.0,600
0c2f41415c7a473040b63c17930d8f1f6fa98372a12275485cc089d2b2dc6230,11998d1c92f3b3d27b6f88376e5af3bac7118886f9775ed3df851fabbe3bb403,heat_energy,minnesota,screen,monthly,linear,hicp_heat_energy,False,ok,,0.4,1.0,2025-07-01,1,2025-08-01,99.98,0.2419521291174146,-0.8184672341334753,2.6325327102715197,99.49462053492728,99.6620791805804,-0.4853794650727252,0.4853794650727252,0.23559322511428488,0.8978084463593378,0.0,600
0c2f41415c7a473040b63c17930d8f1f6fa98372a12275485cc089d2b2dc6230,11998d1c92f3b3d27b6f88376e5af3bac7118886f9775ed3df851fabbe3bb403,heat_energy,minnesota,screen,monthly,linear,hicp_heat_energy,False,ok,,0.4,1.0,2025-07-01,3,2025-10-01,101.02,0.7731597111181365,-1.852938626307683,5.3329629810867285,99.82420590039213,99.74878495527025,-1.1957940996078662,1.1957940996078662,1.4299235286569874,0.8978084463593378,0.0,600
0c2f41415c7a473040b63c17930d8f1f6fa98372a12275485cc089d2b2dc6230,11998d1c92f3b3d27b6f88376e5af3bac7118886f9775ed3df851fabbe3bb403,heat_energy,minnesota,screen,monthly,linear,hicp_heat_energy,False,ok,,0.4,1.0,2025-07-01,6,2026-01-01,101.97,1.5106170725601307,-2.64989865092859,7.169455077112973,99.97927228288107,99.47396373926296,-1.9907277171189293,1.9907277171189293,3.9629968437055436,0.8978084463593378,0.0,600
4d6e1a8a18917c3f7fc0575937729cb259bfec2960911ae424c6a559c7c06492,11998d1c92f3b3d27b6f88376e5af3bac7118886f9775ed3df851fabbe3bb403,heat_energy,minnesota,screen,monthly,linear,hicp_heat_energy,False,ok,,0.4,1.0,2025-08-01,1,2025-09-01,100.03,0.17133646723646345,-0.5170870133978287,1.526879915691402,99.93622683021297,99.9737385065028,-0.09377316978702765,0.09377316978702765,0.008793407371906717,0.8990703966519871,0.0,600
4d6e1a8a18917c3f7fc0575937729cb259bfec2960911ae424c6a559c7c06492,11998d1c92f3b3d27b6f88376e5af3bac7118886f9775ed3df851fabbe3bb403,heat_energy,minnesota,screen,monthly,linear,hicp_heat_energy,False,ok,,0.4,1.0,2025-08-01,3,2025-11-01,101.52,1.2466810042659506,-2.4754735041859717,4.602926014099907,99.38267135766796,99.66712222042969,-2.1373286423320366,2.1373286423320366,4.568173725332906,0.8990703966519871,0.0,600
4d6e1a8a18917c3f7fc0575937729cb259bfec2960911ae424c6a559c7c06492,11998d1c92f3b3d27b6f88376e5af3bac7118886f9775ed3df851fabbe3bb403,heat_energy,minnesota,screen,monthly,linear,hicp_heat_energy,False,ok,,0.4,1.0,2025-08-01,6,2026-02-01,102.14,2.067298329394911,-2.793900204088156,7.290458412526326,98.69004467313741,98.9674220401808,-3.449955326862593,3.449955326862593,11.902191757347582,0.8990703966519871,0.0,600
b092cad42ffd9921f5622a121bf87a6df8cadde4bba9bcb03379a1e7e5829f46,11998d1c92f3b3d27b6f88376e5af3bac7118886f9775ed3df851fabbe3bb403,heat_energy,minnesota,screen,monthly,linear,hicp_heat_energy,False,ok,,0.4,1.0,2025-09-01,1,2025-10-01,101.02,0.6424795889656372,-1.9071262274812724,2.563080113711576,100.27613178493225,100.0705001258234,-0.7438682150677494,0.7438682150677494,0.5533399213880794,0.8950596993190683,0.0,600
b092cad42ffd9921f5622a121bf87a6df8cadde4bba9bcb03379a1e7e5829f46,11998d1c92f3b3d27b6f88376e5af3bac7118886f9775ed3df851fabbe3bb403,heat_energy,minnesota,screen,monthly,linear,hicp_heat_energy,False,ok,,0.4,1.0,2025-09-01,3,2025-12-01,101.52,1.0934845553035186,-2.5729262474504306,4.848020194082457,100.11074278534092,99.8535883281676,-1.4092572146590783,1.4092572146590783,1.9860058970686634,0.8950596993190683,0.0,600
b092cad42ffd9921f5622a121bf87a6df8cadde4bba9bcb03379a1e7e5829f46,11998d1c92f3b3d27b6f88376e5af3bac7118886f9775ed3df851fabbe3bb403,heat_energy,minnesota,screen,monthly,linear,hicp_heat_energy,False,ok,,0.4,1.0,2025-09-01,6,2026-03-01,102.65,2.0976232709342004,-3.215643523403608,6.707726861744891,99.7092397932507,99.2962113266129,-2.940760206749303,2.940760206749303,8.648070593600204,0.8950596993190683,0.0,600
8b7d18f7594c2f79872338ea5039ca8a35d06945e7a41e9c63c1375265744c04,11998d1c92f3b3d27b6f88376e5af3bac7118886f9775ed3df851fabbe3bb403,heat_energy,minnesota,screen,monthly,linear,hicp_heat_energy,False,ok,,0.4,1.0,2025-10-01,1,2025-11-01,101.52,0.36490833531689426,-0.9703403237527493,3.2148721098129225,100.87443581489966,100.92943101876689,-0.6455641851003406,0.6455641851003406,0.4167531170842669,0.8951260105246794,0.0,600
8b7d18f7594c2f79872338ea5039ca8a35d06945e7a41e9c63c1375265744c04,11998d1c92f3b3d27b6f88376e5af3bac7118886f9775ed3df851fabbe3bb403,heat_energy,minnesota,screen,monthly,linear,hicp_heat_energy,False,ok,,0.4,1.0,2025-10-01,3,2026-01-01,101.97,0.6554464854510724,-1.6816452224785632,5.018765859509928,100.96128969378323,100.97087619118821,-1.00871030621677,1.00871030621677,1.0174964818679297,0.8951260105246794,0.0,600
8b7d18f7594c2f79872338ea5039ca8a35d06945e7a41e9c63c1375265744c04,11998d1c92f3b3d27b6f88376e5af3bac7118886f9775ed3df851fabbe3bb403,heat_energy,minnesota,screen,monthly,linear,hicp_heat_energy,False,ok,,0.4,1.0,2025-10-01,6,2026-04-01,102.12,1.0707350159923323,-2.150089317796993,7.637581463383938,100.49736520557825,100.67525668067216,-1.6226347944217565,1.6226347944217565,2.632943676068136,0.8951260105246794,0.0,600
c31e24de2c35cae1b3f25c516fb0d07fb8498a924635de5d0c65f74430cc0a0d,11998d1c92f3b3d27b6f88376e5af3bac7118886f9775ed3df851fabbe3bb403,heat_energy,minnesota,screen,monthly,linear,hicp_heat_energy,False,ok,,0.4,1.0,2025-11-01,1,2025-12-01,101.52,0.17955263129685206,-0.6033776942835711,1.5985618728089481,101.61373585159859,101.53193692030501,0.09373585159859488,0.09373585159859488,0.008786409874913801,0.897440688735716,0.0,600
c31e24de2c35cae1b3f25c516fb0d07fb8498a924635de5d0c65f74430cc0a0d,11998d1c92f3b3d27b6f88376e5af3bac7118886f9775ed3df851fabbe3bb403,heat_energy,minnesota,screen,monthly,linear,hicp_heat_energy,False,ok,,0.4,1.0,2025-11-01,3,2026-02-01,102.14,0.46965545317739377,-1.4346378664648025,3.747925379878655,101.33615601299991,101.51022773219003,-0.8038439870000929,0.8038439870000929,0.6461651554362055,0.897440688735716,0.0,600
c31e24de2c35cae1b3f25c516fb0d07fb8498a924635de5d0c65f74430cc0a0d,11998d1c92f3b3d27b6f88376e5af3bac7118886f9775ed3df851fabbe3bb403,heat_energy,minnesota,screen,monthly,linear,hicp_heat_energy,False,ok,,0.4,1.0,2025-11-01,6,2026-05-01,103.05,1.0992211833627437,-2.175681083128548,5.925057583249527,101.12361424540553,101.52368085165728,-1.9263857545944632,1.9263857545944632,3.7109620755044794,0.897440688735716,0.0,600
b43bc695e6c83c9cb6588270afcfb3a41bde315867ca02771a5aba2ea026795d,11998d1c92f3b3d27b6f88376e5af3bac7118886f9775ed3df851fabbe3bb403,heat_energy,minnesota,screen,monthly,linear,hicp_heat_energy,False,ok,,0.4,1.0,2025-12-01,1,2026-01-01,101.97,0.3132299524972235,-0.8888735557763123,1.848043608159597,101.32877783738792,101.45387318805004,-0.6412221626120811,0.6412221626120811,0.41116586182491416,0.8950098996276106,0.0,600
b43bc695e6c83c9cb6588270afcfb3a41bde315867ca02771a5aba2ea026795d,11998d1c92f3b3d27b6f88376e5af3bac7118886f9775ed3df851fabbe3bb403,heat_energy,minnesota,screen,monthly,linear,hicp_heat_energy,False,ok,,0.4,1.0,2025-12-01,3,2026-03-01,102.65,0.8970713211326469,-1.8990231095334686,3.864996328462387,100.88957017754876,101.1451832790919,-1.7604298224512434,1.7604298224512434,3.099113159775716,0.8950098996276106,0.0,600
b43bc695e6c83c9cb6588270afcfb3a41bde315867ca02771a5aba2ea026795d,11998d1c92f3b3d27b6f88376e5af3bac7118886f9775ed3df851fabbe3bb403,heat_energy,minnesota,screen,monthly,linear,hicp_heat_energy,False,ok,,0.4,1.0,2025-12-01,6,2026-06-01,104.17,1.9534338606379267,-2.6892046924534303,6.373172966857131,100.75624637562159,101.18522038406351,-3.4137536243784155,3.4137536243784155,11.653713807956768,0.8950098996276106,0.0,600
e69c58c59d1f5bdda3f1132ffc47164002d3ec96a81d5cb5cc762f9c0977a3f7,f19c68f1833a3838f2534c6f5473673b10bedbcc99f3bb2afdd617342eed154c,heat_energy,minnesota,screen,monthly,linear,hicp_heat_energy,False,ok,,0.6,0.25,2025-07-01,1,2025-08-01,99.98,0.255908817687031,-0.8710343923076351,2.2816080638394505,99.62427039504605,99.57697052918286,-0.35572960495395023,0.35572960495395023,0.1265435518406935,0.8828798218679668,0.0,600
e69c58c59d1f5bdda3f1132ffc47164002d3ec96a81d5cb5cc762f9c0977a3f7,f19c68f1833a3838f2534c6f5473673b10bedbcc99f3bb2afdd617342eed154c,heat_energy,minnesota,screen,monthly,linear,hicp_heat_energy,False,ok,,0.6,0.25,2025-07-01,3,2025-10-01,101.02,0.8360446532659218,-1.9390804198175866,4.269988662132536,99.73051823955825,99.6956770875787,-1.2894817604417455,1.2894817604417455,1.662763210511943,0.8828798218679668,0.0,600
e69c58c59d1f5bdda3f1132ffc47164002d3ec96a81d5cb5cc762f9c0977a3f7,f19c68f1833a3838f2534c6f5473673b10bedbcc99f3bb2afdd617342eed154c,heat_energy,minnesota,screen,monthly,linear,hicp_heat_energy,False,ok,,0.6,0.25,2025-07-01,6,2026-01-01,101.97,1.547512691360558,-2.5391777010811345,6.165504993510934,99.59306762533078,99.49096208914952,-2.3769323746692237,2.3769323746692237,5.649807513750675,0.8828798218679668,0.0,600
a22540271ac0bc1c6a6b47ed286b0293b108f81b07c3a26a0e2bcfd092bf8fda,f19c68f1833a3838f2534c6f5473673b10bedbcc99f3bb2afdd617342eed154c,heat_energy,minnesota,screen,monthly,linear,hicp_heat_energy,False,ok,,0.6,0.25,2025-08-01,1,2025-09-01,100.03,0.15468069882009272,-0.4471333925974106,2.2603905717411736,99.99979536710401,99.9622188070967,-0.030204632895987515,0.030204632895987515,0.0009123198483813712,0.8805569389469002,0.0,600
a22540271ac0bc1c6a6b47ed286b0293b108f81b07c3a26a0e2bcfd092bf8fda,f19c68f1833a3838f2534c6f5473673b10bedbcc99f3bb2afdd617342eed154c,heat_energy,minnesota,screen,monthly,linear,hicp_heat_energy,False,ok,,0.6,0.25,2025-08-01,3,2025-11-01,101.52,1.1895582587475304,-2.569234664088373,4.298911747787313,99.54640505408724,99.7440119044089,-1.973594945912751,1.973594945912751,3.8950770105323547,0.8805569389469002,0.0,600
a22540271ac0bc1c6a6b47ed286b0293b108f81b07c3a26a0e2bcfd092bf8fda,f19c68f1833a3838f2534c6f5473673b10bedbcc99f3bb2afdd617342eed154c,heat_energy,minnesota,screen,monthly,linear,hicp_heat_energy,False,ok,,0.6,0.25,2025-08-01,6,2026-02-01,102.14,1.8549947753857223,-2.785745892101361,6.262959313416246,99.08131840118956,99.14177780303294,-3.0586815988104377,3.0586815988104377,9.355533122901575,0.8805569389469002,0.0,600
1b527bfb3bd60065b2052e51783cb42633135c99588c8ba9f5ef2240cddbc99d,f19c68f1833a3838f2534c6f5473673b10bedbcc99f3bb2afdd617342eed154c,heat_energy,minnesota,screen,monthly,linear,hicp_heat_energy,False,ok,,0.6,0.25,2025-09-01,1,2025-10-01,101.02,0.6515278334673222,-1.9760225615589224,1.8419049436448558,99.97157583511232,100.05401216753424,-1.0484241648876775,1.0484241648876775,1.099193229520424,0.8809949473826918,0.0,600
1b527bfb3bd60065b2052e51783cb42633135c99588c8ba9f5ef2240cddbc99d,f19c68f1833a3838f2534c6f5473673b10bedbcc99f3bb2afdd617342eed154c,heat_energy,minnesota,screen,monthly,linear,hicp_heat_energy,False,ok,,0.6,0.25,2025-09-01,3,2025-12-01,101.52,1.0680061712663196,-2.362796714236386,3.32185070958612,99.61152304381872,99.91772836661212,-1.9084769561812749,1.9084769561812749,3.642284292274944,0.8809949473826918,0.0,600
1b527bfb3bd60065b2052e51783cb42633135c99588c8ba9f5ef2240cddbc99d,f19c68f1833a3838f2534c6f5473673b10bedbcc99f3bb2afdd617342eed154c,heat_energy,minnesota,screen,monthly,linear,hicp_heat_energy,False,ok,,0.6,0.25,2025-09-01,6,2026-03-01,102.65,2.007590497932946,-2.9466932033708617,5.410756088281827,99.33157511174932,99.54539584904836,-3.3184248882506893,3.3184248882506893,11.0119437389616,0.8809949473826918,0.0,600
e73ef0773da487593db54b5f60fa5f84a1c4e2fcd15b3a81dbca09d09b41c1aa,f19c68f1833a3838f2534c6f5473673b10bedbcc99f3bb2afdd617342eed154c,heat_energy,minnesota,screen,monthly,linear,hicp_heat_energy,False,ok,,0.6,0.25,2025-10-01,1,2025-11-01,101.52,0.31820381375829765,-0.8355737890387944,2.416841402143721,101.1059872741956,100.99128317090705,-0.4140127258043975,0.4140127258043975,0.17140653712798723,0.8791197381909339,0.0,600
e73ef0773da487593db54b5f60fa5f84a1c4e2fcd15b3a81dbca09d09b41c1aa,f19c68f1833a3838f2534c6f5473673b10bedbcc99f3bb2afdd617342eed154c,heat_energy,minnesota,screen,monthly,linear,hicp_heat_energy,False,ok,,0.6,0.25,2025-10-01,3,2026-01-01,101.97,0.530690950938457,-1.532232044469085,3.661474401584321,101.29376452295946,101.1529262739123,-0.6762354770405352,0.6762354770405352,0.45729442040824025,0.8791197381909339,0.0,600
e73ef0773da487593db54b5f60fa5f84a1c4e2fcd15b3a81dbca09d09b41c1aa,f19c68f1833a3838f2534c6f5473673b10bedbcc99f3bb2afdd617342eed154c,heat_energy,minnesota,screen,monthly,linear,hicp_heat_energy,False,ok,,0.6,0.25,2025-10-01,6,2026-04-01,102.12,0.9167379604969308,-2.1285278896164117,6.850022868729016,101.28328255209176,101.07429458371922,-0.8367174479082422,0.8367174479082422,0.700096087634082,0.8791197381909339,0.0,600
a1efc42a52717dbca16c978c4112c288bf4cbe7192d87841ef0bc9a506a7d37e,f19c68f1833a3838f2534c6f5473673b10bedbcc99f3bb2afdd617342eed154c,heat_energy,minnesota,screen,monthly,linear,hicp_heat_energy,False,ok,,0.6,0.25,2025-11-01,1,2025-12-01,101.52,0.160837741573163,-0.5211827969661513,1.8821981489783137,101.67080978817044,101.60148627110188,0.15080978817044866,0.15080978817044866,0.022743592208015594,0.8804964497794043,0.0,600
a1efc42a52717dbca16c978c4112c288bf4cbe7192d87841ef0bc9a506a7d37e,f19c68f1833a3838f2534c6f5473673b10bedbcc99f3bb2afdd617342eed154c,heat_energy,minnesota,screen,monthly,linear,hicp_heat_energy,False,ok,,0.6,0.25,2025-11-01,3,2026-02-01,102.14,0.39169914771254155,-1.317753402333838,3.7000300115359552,101.65532750364109,101.77335761822826,-0.4846724963589111,0.4846724963589111,0.23490742872677867,0.8804964497794043,0.0,600
a1efc42a52717dbca16c978c4112c288bf4cbe7192d87841ef0bc9a506a7d37e,f19c68f1833a3838f2534c6f5473673b10bedbcc99f3bb2afdd617342eed154c,heat_energy,minnesota,screen,monthly,linear,hicp_heat_energy,False,ok,,0.6,0.25,2025-11-01,6,2026-05-01,103.05,0.9265428024875382,-2.078150553045424,6.350042311631054,101.58397849547121,101.8287912955125,-1.4660215045287828,1.4660215045287828,2.149219051740836,0.8804964497794043,0.0,600
1e084d3426f5a891d88c5bc849c18dc9f018e4babd665fcbf5cff4ed6c2141f2,f19c68f1833a3838f2534c6f5473673b10bedbcc99f3bb2afdd617342eed154c,heat_energy,minnesota,screen,monthly,linear,hicp_heat_energy,False,ok,,0.6,0.25,2025-12-01,1,2026-01-01,101.97,0.2810054315004331,-0.7343947875222971,2.348027005294935,101.54566713897941,101.5396370049567,-0.42433286102058787,0.42433286102058787,0.18005837694191754,0.8796033454476309,0.0,600
1e084d3426f5a891d88c5bc849c18dc9f018e4babd665fcbf5cff4ed6c2141f2,f19c68f1833a3838f2534c6f5473673b10bedbcc99f3bb2afdd617342eed154c,heat_energy,minnesota,screen,monthly,linear,hicp_heat_energy,False,ok,,0.6,0.25,2025-12-01,3,2026-03-01,102.65,0.760893830763465,-1.76475652665146,3.7039396646349,101.33402854276791,101.42990578661953,-1.315971457232095,1.315971457232095,1.731780876249564,0.8796033454476309,0.0,600
1e084d3426f5a891d88c5bc849c18dc9f018e4babd665fcbf5cff4ed6c2141f2,f19c68f1833a3838f2534c6f5473673b10bedbcc99f3bb2afdd617342eed154c,heat_energy,minnesota,screen,monthly,linear,hicp_heat_energy,False,ok,,0.6,0.25,2025-12-01,6,2026-06-01,104.17,1.8252507518773826,-2.6889387772513764,6.101731194683131,101.29001805852039,101.26124066933991,-2.8799819414796133,2.8799819414796133,8.294295983248682,0.8796033454476309,0.0,600
adb65c315f571dfb952e08762e1c60faa75f8a6602c49012b24bb3f494568ed1,16afb08d0d80a852fd4db3e793eee5b4571c7665a9717ca9818469ace67f5413,heat_energy,minnesota,screen,monthly,linear,hicp_heat_energy,False,ok,,0.6,0.5,2025-07-01,1,2025-08-01,99.98,0.2630468185361833,-0.9577061232656252,2.9673630068091024,99.80474517457876,99.65258614275757,-0.17525482542124848,0.17525482542124848,0.030714253833432285,0.8968462220446851,0.0,600
adb65c315f571dfb952e08762e1c60faa75f8a6602c49012b24bb3f494568ed1,16afb08d0d80a852fd4db3e793eee5b4571c7665a9717ca9818469ace67f5413,heat_energy,minnesota,screen,monthly,linear,hicp_heat_energy,False,ok,,0.6,0.5,2025-07-01,3,2025-10-01,101.02,0.8016889709779456,-1.8483953263653001,4.887154192826841,99.91363079139076,99.7560532261114,-1.1063692086092374,1.1063692086092374,1.2240528257586303,0.8968462220446851,0.0,600
adb65c315f571dfb952e08762e1c60faa75f8a6602c49012b24bb3f494568ed1,16afb08d0d80a852fd4db3e793eee5b4571c7665a9717ca9818469ace67f5413,heat_energy,minnesota,screen,monthly,linear,hicp_heat_energy,False,ok,,0.6,0.5,2025-07-01,6,2026-01-01,101.97,1.482649903900895,-2.4287689694263745,6.952725237916381,99.88890020961857,99.6577248508344,-2.0810997903814297,2.0810997903814297,4.33097633752563,0.8968462220446851,0.0,600
c1db8ae2b07a0f0e3e7d2d2a1fb5fd3e9b3aea0a1fbd944170426b58b018d637,16afb08d0d80a852fd4db3e793eee5b4571c7665a9717ca9818469ace67f5413,heat_energy,minnesota,screen,monthly,linear,hicp_heat_energy,False,ok,,0.6,0.5,2025-08-01,1,2025-09-01,100.03,0.17470956711061525,-0.536929379668047,1.5189544135705637,99.85898147785093,99.99179872651166,-0.17101852214906899,0.17101852214906899,0.0292473349180516,0.8959816615532482,0.0,600
c1db8ae2b07a0f0e3e7d2d2a1fb5fd3e9b3aea0a1fbd944170426b58b018d637,16afb08d0d80a852fd4db3e793eee5b4571c7665a9717ca9818469ace67f5413,heat_energy,minnesota,screen,monthly,linear,hicp_heat_energy,False,ok,,0.6,0.5,2025-08-01,3,2025-11-01,101.52,1.1942838919754535,-2.4293880278215627,4.8584172899303395,99.68168639965715,99.79911710606484,-1.8383136003428433,1.8383136003428433,3.379396893205467,0.8959816615532482,0.0,600
c1db8ae2b07a0f0e3e7d2d2a1fb5fd3e9b3aea0a1fbd944170426b58b018d637,16afb08d0d80a852fd4db3e793eee5b4571c7665a9717ca9818469ace67f5413,heat_energy,minnesota,screen,monthly,linear,hicp_heat_energy,False,ok,,0.6,0.5,2025-08-01,6,2026-02-01,102.14,2.0927189277117835,-2.747516667431491,8.034440625651301,98.93349894449466,99.0311723976485,-3.206501055505342,3.206501055505342,10.281649018956871,0.8959816615532482,0.0,600
50e658f1801346f4ed8958d5e8ede64a2f2487c0a93894b0e694f79285e8a6e3,16afb08d0d80a852fd4db3e793eee5b4571c7665a9717ca9818469ace67f5413,heat_energy,minnesota,screen,monthly,linear,hicp_heat_energy,False,ok,,0.6,0.5,2025-09-01,1,2025-10-01,101.02,0.6365330186312874,-2.1060360019904114,2.3559372390493234,100.00358247632792,100.0502699705401,-1.0164175236720752,1.0164175236720752,1.0331045824276734,0.8944397372327518,0.0,600
50e658f1801346f4ed8958d5e8ede64a2f2487c0a93894b0e694f79285e8a6e3,16afb08d0d80a852fd4db3e793eee5b4571c7665a9717ca9818469ace67f5413,heat_energy,minnesota,screen,monthly,linear,hicp_heat_energy,False,ok,,0.6,0.5,2025-09-01,3,2025-12-01,101.52,1.0949559416844248,-2.371547763742978,4.073668689346185,99.62511747436884,99.90066914225082,-1.8948825256311608,1.8948825256311608,3.5905797859423267,0.8944397372327518,0.0,600
50e658f1801346f4ed8958d5e8ede64a2f2487c0a93894b0e694f79285e8a6e3,16afb08d0d80a852fd4db3e793eee5b4571c7665a9717ca9818469ace67f5413,heat_energy,minnesota,screen,monthly,linear,hicp_heat_energy,False,ok,,0.6,0.5,2025-09-01,6,2026-03-01,102.65,2.1359281886846273,-3.018678907161019,6.1533857999916455,99.04053102925563,99.37763886914777,-3.6094689707443735,3.6094689707443735,13.028266250766446,0.8944397372327518,0.0,600
4bf1de52ef5234b50d3546d7de203678675349ddf728cb0a2f16fdee4e29ae57,16afb08d0d80a852fd4db3e793eee5b4571c7665a9717ca9818469ace67f5413,heat_energy,minnesota,screen,monthly,linear,hicp_heat_energy,False,ok,,0.6,0.5,2025-10-01,1,2025-11-01,101.52,0.40295939664549507,-1.1442947665851397,2.3630881230636054,101.0340697129111,100.8369128975346,-0.4859302870888911,0.4859302870888911,0.2361282439102921,0.895105171937091,0.0,600
4bf1de52ef5234b50d3546d7de203678675349ddf728cb0a2f16fdee4e29ae57,16afb08d0d80a852fd4db3e793eee5b4571c7665a9717ca9818469ace67f5413,heat_energy,minnesota,screen,monthly,linear,hicp_heat_energy,False,ok,,0.6,0.5,2025-10-01,3,2026-01-01,101.97,0.6894188211070704,-1.771206859396476,4.376514401968539,101.25903585755384,100.99265004983093,-0.7109641424461586,0.7109641424461586,0.5054700118442017,0.895105171937091,0.0,600
4bf1de52ef5234b50d3546d7de203678675349ddf728cb0a2f16fdee4e29ae57,16afb08d0d80a852fd4db3e793eee5b4571c7665a9717ca9818469ace67f5413,heat_energy,minnesota,screen,monthly,linear,hicp_heat_energy,False,ok,,0.6,0.5,2025-10-01,6,2026-04-01,102.12,1.1529558422796597,-2.3284516898023444,6.762657321593848,100.92478816943363,100.43935342904334,-1.1952118305663788,1.1952118305663788,1.4285313199258343,0.895105171937091,0.0,600
28c6c9bcfb5035a76aaed18a16e42e3c9a5799b22ef71c61ff8e2d26b542bf26,16afb08d0d80a852fd4db3e793eee5b4571c7665a9717ca9818469ace67f5413,heat_energy,minnesota,screen,monthly,linear,hicp_heat_energy,False,ok,,0.6,0.5,2025-11-01,1,2025-12-01,101.52,0.19154201707804208,-0.7096205989151301,1.4450346489906658,101.60952609457405,101.60014023347352,0.08952609457405458,0.08952609457405458,0.008014921609682566,0.8938788775097137,0.0,600
28c6c9bcfb5035a76aaed18a16e42e3c9a5799b22ef71c61ff8e2d26b542bf26,16afb08d0d80a852fd4db3e793eee5b4571c7665a9717ca9818469ace67f5413,heat_energy,minnesota,screen,monthly,linear,hicp_heat_energy,False,ok,,0.6,0.5,2025-11-01,3,2026-02-01,102.14,0.4572869939112709,-1.483749047943273,3.486019159099668,101.68157325665806,101.5796955383322,-0.45842674334194555,0.45842674334194555,0.21015507901110203,0.8938788775097137,0.0,600
28c6c9bcfb5035a76aaed18a16e42e3c9a5799b22ef71c61ff8e2d26b542bf26,16afb08d0d80a852fd4db3e793eee5b4571c7665a9717ca9818469ace67f5413,heat_energy,minnesota,screen,monthly,linear,hicp_heat_energy,False,ok,,0.6,0.5,2025-11-01,6,2026-05-01,103.05,1.1360621612365005,-2.2398045938592928,6.2231909367463025,101.47777510285472,101.29317724736248,-1.5722248971452757,1.5722248971452757,2.471891127203473,0.8938788775097137,0.0,600
3ec96ca96fe5d53d3371ecbccd2196306f0ac0cff52a84b4706fa166e409c48a,16afb08d0d80a852fd4db3e793eee5b4571c7665a9717ca9818469ace67f5413,heat_energy,minnesota,screen,monthly,linear,hicp_heat_energy,False,ok,,0.6,0.5,2025-12-01,1,2026-01-01,101.97,0.29784566360223375,-0.8657497228170152,2.480103645773326,101.61346300161513,101.49983372806693,-0.3565369983848683,0.3565369983848683,0.12711863121729158,0.8911698692733442,0.0,600
3ec96ca96fe5d53d3371ecbccd2196306f0ac0cff52a84b4706fa166e409c48a,16afb08d0d80a852fd4db3e793eee5b4571c7665a9717ca9818469ace67f5413,heat_energy,minnesota,screen,monthly,linear,hicp_heat_energy,False,ok,,0.6,0.5,2025-12-01,3,2026-03-01,102.65,0.9965377700346603,-2.0562101424310053,4.116419910137628,100.98187885044291,100.98079047376802,-1.668121149557095,1.668121149557095,2.782628169599684,0.8911698692733442,0.0,600
3ec96ca96fe5d53d3371ecbccd2196306f0ac0cff52a84b4706fa166e409c48a,16afb08d0d80a852fd4db3e793eee5b4571c7665a9717ca9818469ace67f5413,heat_energy,minnesota,screen,monthly,linear,hicp_heat_energy,False,ok,,0.6,0.5,2025-12-01,6,2026-06-01,104.17,2.256575225852313,-2.739945745819015,6.943981108280833,100.27471311525174,100.79814372076916,-3.895286884748259,3.895286884748259,15.173259914491798,0.8911698692733442,0.0,600
945b65a71d2c2cb6fd38f3fb5aea337f7f2a20dda7390d540bf9f68406c23fe8,90a64a244430029473a9447673ea534a2a718f0a1d3ee463db92930032e500f1,heat_energy,minnesota,screen,monthly,linear,hicp_heat_energy,False,ok,,0.6,0.75,2025-07-01,1,2025-08-01,99.98,0.2722921448557809,-0.936958198668516,2.468520145426156,99.60374320604154,99.61405311948003,-0.37625679395846134,0.37625679395846134,0.14156917499990004,0.9047020866897604,0.0,600
945b65a71d2c2cb6fd38f3fb5aea337f7f2a20dda7390d540bf9f68406c23fe8,90a64a244430029473a9447673ea534a2a718f0a1d3ee463db92930032e500f1,heat_energy,minnesota,screen,monthly,linear,hicp_heat_energy,False,ok,,0.6,0.75,2025-07-01,3,2025-10-01,101.02,0.8552524036819851,-1.9395497171886666,3.985603355017004,99.50581560823137,99.6702806814779,-1.514184391768623,1.514184391768623,2.292754372275715,0.9047020866897604,0.0,600
945b65a71d2c2cb6fd38f3fb5aea337f7f2a20dda7390d540bf9f68406c23fe8,90a64a244430029473a9447673ea534a2a718f0a1d3ee463db92930032e500f1,heat_energy,minnesota,screen,monthly,linear,hicp_heat_energy,False,ok,,0.6,0.75,2025-07-01,6,2026-01-01,101.97,1.5189577774613108,-2.448058771564093,6.895261327414387,98.98251678965305,99.84306318610072,-2.9874832103469515,2.9874832103469515,8.925055932104927,0.9047020866897604,0.0,600
15dd3e69d2fbfed6bafdeac6b42370ab61ea27e8aa3a6226577a0d1f26ee4c57,90a64a244430029473a9447673ea534a2a718f0a1d3ee463db92930032e500f1,heat_energy,minnesota,screen,monthly,linear,hicp_heat_energy,False,ok,,0.6,0.75,2025-08-01,1,2025-09-01,100.03,0.18405708468250548,-0.6594337778347921,2.02960489089601,99.97486437503895,99.92630963457567,-0.05513562496105351,0.05513562496105351,0.003039937139845947,0.9045209298656025,0.0,600
15dd3e69d2fbfed6bafdeac6b42370ab61ea27e8aa3a6226577a0d1f26ee4c57,90a64a244430029473a9447673ea534a2a718f0a1d3ee463db92930032e500f1,heat_energy,minnesota,screen,monthly,linear,hicp_heat_energy,False,ok,,0.6,0.75,2025-08-01,3,2025-11-01,101.52,1.315741433695522,-2.464725600516224,4.74127506373597,99.16071968537385,99.58725596033239,-2.3592803146261474,2.3592803146261474,5.566203602982453,0.9045209298656025,0.0,600
15dd3e69d2fbfed6bafdeac6b42370ab61ea27e8aa3a6226577a0d1f26ee4c57,90a64a244430029473a9447673ea534a2a718f0a1d3ee463db92930032e500f1,heat_energy,minnesota,screen,monthly,linear,hicp_heat_energy,False,ok,,0.6,0.75,2025-08-01,6,2026-02-01,102.14,2.047946646493626,-2.7674810624044746,7.825265036675534,98.37573176783825,98.99594115421739,-3.764268232161754,3.764268232161754,14.169715323662178,0.9045209298656025,0.0,600
59e8c991c0754e7592e00fca59388cb9e58319596748f850b09387c0e89b63d9,90a64a244430029473a9447673ea534a2a718f0a1d3ee463db92930032e500f1,heat_energy,minnesota,screen,monthly,linear,hicp_heat_energy,False,ok,,0.6,0.75,2025-09-01,1,2025-10-01,101.02,0.6165072195338229,-1.8625461868105693,2.084591661947529,99.94682900419856,100.05865274061081,-1.0731709958014335,1.0731709958014335,1.1516959862294405,0.9010781306412465,0.0,600
59e8c991c0754e7592e00fca59388cb9e58319596748f850b09387c0e89b63d9,90a64a244430029473a9447673ea534a2a718f0a1d3ee463db92930032e500f1,heat_energy,minnesota,screen,monthly,linear,hicp_heat_energy,False,ok,,0.6,0.75,2025-09-01,3,2025-12-01,101.52,1.029940868822499,-2.2772300129425567,3.84627346910077,99.8817117957522,99.95697873212225,-1.6382882042478002,1.6382882042478002,2.6839882401774817,0.9010781306412465,0.0,600
59e8c991c0754e7592e00fca59388cb9e58319596748f850b09387c0e89b63d9,90a64a244430029473a9447673ea534a2a718f0a1d3ee463db92930032e500f1,heat_energy,minnesota,screen,monthly,linear,hicp_heat_energy,False,ok,,0.6,0.75,2025-09-01,6,2026-03-01,102.65,2.072098166286834,-2.9107911745228394,6.043217503491986,99.15335977826476,99.40752179519333,-3.496640221735248,3.496640221735248,12.226492840256725,0.9010781306412465,0.0,600
854eaf7c3fe1c69857025b74bd6ac6fac3e8e851b6b0e84ed7d00fea39a07546,90a64a244430029473a9447673ea534a2a718f0a1d3ee463db92930032e500f1,heat_energy,minnesota,screen,monthly,linear,hicp_heat_energy,False,ok,,0.6,0.75,2025-10-01,1,2025-11-01,101.52,0.370596250114548,-0.9594066667365544,3.3566353553206407,101.0356346857623,100.89571073727836,-0.48436531423769225,0.48436531423769225,0.23460975763657835,0.9023285041440445,0.0,600
854eaf7c3fe1c69857025b74bd6ac6fac3e8e851b6b0e84ed7d00fea39a07546,90a64a244430029473a9447673ea534a2a718f0a1d3ee463db92930032e500f1,heat_energy,minnesota,screen,monthly,linear,hicp_heat_energy,False,ok,,0.6,0.75,2025-10-01,3,2026-01-01,101.97,0.6149520177613872,-1.5740439080956383,5.334931291263214,101.29776049991207,101.13319778400435,-0.672239500087926,0.672239500087926,0.45190594547846463,0.9023285041440445,0.0,600
854eaf7c3fe1c69857025b74bd6ac6fac3e8e851b6b0e84ed7d00fea39a07546,90a64a244430029473a9447673ea534a2a718f0a1d3ee463db92930032e500f1,heat_energy,minnesota,screen,monthly,linear,hicp_heat_energy,False,ok,,0.6,0.75,2025-10-01,6,2026-04-01,102.12,1.0758072864749728,-2.0717680877406806,7.363220188628003,100.86890651471198,100.66836012325155,-1.251093485288024,1.251093485288024,1.5652349089301352,0.9023285041440445,0.0,600
af3725c2e4c6ecc6ad50d434b8394c9ee2a3564669927d00c585373e79227408,90a64a244430029473a9447673ea534a2a718f0a1d3ee463db92930032e500f1,heat_energy,minnesota,screen,monthly,linear,hicp_heat_energy,False,ok,,0.6,0.75,2025-11-01,1,2025-12-01,101.52,0.1922705038143977,-0.6537173751692249,3.076139798555196,101.83893810589376,101.525430825229,0.31893810589376415,0.31893810589376415,0.10172151539110191,0.9027582247308035,0.0,600
af3725c2e4c6ecc6ad50d434b8394c9ee2a3564669927d00c585373e79227408,90a64a244430029473a9447673ea534a2a718f0a1d3ee463db92930032e500f1,heat_energy,minnesota,screen,monthly,linear,hicp_heat_energy,False,ok,,0.6,0.75,2025-11-01,3,2026-02-01,102.14,0.5078929492402504,-1.5126294911952458,4.522948423150808,101.54411373331303,101.50881362961039,-0.5958862666869749,0.5958862666869749,0.35508044282614054,0.9027582247308035,0.0,600
af3725c2e4c6ecc6ad50d434b8394c9ee2a3564669927d00c585373e79227408,90a64a244430029473a9447673ea534a2a718f0a1d3ee463db92930032e500f1,heat_energy,minnesota,screen,monthly,linear,hicp_heat_energy,False,ok,,0.6,0.75,2025-11-01,6,2026-05-01,103.05,1.1077375248797727,-2.201855361128449,6.164239439351767,101.2343180946632,101.43997395402508,-1.8156819053368025,1.8156819053368025,3.2967007813674813,0.9027582247308035,0.0,600
216dd77d024a3460cc8377d8ae28ae6cc6ad3ab16966650ef804b10823b3de87,90a64a244430029473a9447673ea534a2a718f0a1d3ee463db92930032e500f1,heat_energy,minnesota,screen,monthly,linear,hicp_heat_energy,False,ok,,0.6,0.75,2025-12-01,1,2026-01-01,101.97,0.34990836847352846,-0.9033020672154439,2.712059853771383,101.35410571730725,101.3600381072649,-0.61589428269275,0.61589428269275,0.3793257674536171,0.9009660057674296,0.0,600
216dd77d024a3460cc8377d8ae28ae6cc6ad3ab16966650ef804b10823b3de87,90a64a244430029473a9447673ea534a2a718f0a1d3ee463db92930032e500f1,heat_energy,minnesota,screen,monthly,linear,hicp_heat_energy,False,ok,,0.6,0.75,2025-12-01,3,2026-03-01,102.65,0.9399026079911965,-1.8725279287662207,4.43424410089536,100.8546031077558,101.15470274544592,-1.7953968922441987,1.7953968922441987,3.2234500006801268,0.9009660057674296,0.0,600
216dd77d024a3460cc8377d8ae28ae6cc6ad3ab16966650ef804b10823b3de87,90a64a244430029473a9447673ea534a2a718f0a1d3ee463db92930032e500f1,heat_energy,minnesota,screen,monthly,linear,hicp_heat_energy,False,ok,,0.6,0.75,2025-12-01,6,2026-06-01,104.17,2.05480142092463,-2.7254875246190533,6.871615961033125,100.5445037279787,100.88271127422955,-3.6254962720213086,3.6254962720213086,13.144223218440407,0.9009660057674296,0.0,600
813b293736c0dc5bed3c6551cc07bc4ef028fe256d7c38f53da18e9f1990f252,f4cfcdb12c43c3a964d63f9da00ec4cd0b9269174fc4b2839e6f34bf518dd9fe,heat_energy,minnesota,screen,monthly,linear,hicp_heat_energy,False,ok,,0.6,1.0,2025-07-01,1,2025-08-01,99.98,0.2255958975527642,-0.7161766027283685,2.137582795887056,99.59522134068877,99.69896591855161,-0.38477865931123745,0.38477865931123745,0.14805461666135333,0.9092713610240212,0.0,600
813b293736c0dc5bed3c6551cc07bc4ef028fe256d7c38f53da18e9f1990f252,f4cfcdb12c43c3a964d63f9da00ec4cd0b9269174fc4b2839e6f34bf518dd9fe,heat_energy,minnesota,screen,monthly,linear,hicp_heat_energy,False,ok,,0.6,1.0,2025-07-01,3,2025-10-01,101.02,0.7713635402687304,-1.8336388749973964,4.178517216457906,99.84755409083239,99.76165616846454,-1.1724459091676067,1.1724459091676067,1.3746294099238558,0.9092713610240212,0.0,600
813b293736c0dc5bed3c6551cc07bc4ef028fe256d7c38f53da18e9f1990f252,f4cfcdb12c43c3a964d63f9da00ec4cd0b9269174fc4b2839e6f34bf518dd9fe,heat_energy,minnesota,screen,monthly,linear,hicp_heat_energy,False,ok,,0.6,1.0,2025-07-01,6,2026-01-01,101.97,1.4635519950002034,-2.4970523456596156,6.275470759312784,100.01678631984602,99.49634059815813,-1.9532136801539792,1.9532136801539792,3.815043680340651,0.9092713610240212,0.0,600
c73e26004e74f897aabb219fe23f9b609f44f9a4f3374a85c6982f243ca05f36,f4cfcdb12c43c3a964d63f9da00ec4cd0b9269174fc4b2839e6f34bf518dd9fe,heat_energy,minnesota,screen,monthly,linear,hicp_heat_energy,False,ok,,0.6,1.0,2025-08-01,1,2025-09-01,100.03,0.17950869431863703,-0.5680270959620568,1.6043619646850746,99.89254467860673,99.93060067853018,-0.13745532139327565,0.13745532139327565,0.018893965379328703,0.9091737696946871,0.0,600
c73e26004e74f897aabb219fe23f9b609f44f9a4f3374a85c6982f243ca05f36,f4cfcdb12c43c3a964d63f9da00ec4cd0b9269174fc4b2839e6f34bf518dd9fe,heat_energy,minnesota,screen,monthly,linear,hicp_heat_energy,False,ok,,0.6,1.0,2025-08-01,3,2025-11-01,101.52,1.3484047417204785,-2.5913551003989843,5.459353380006918,99.39276001049815,99.54776834547502,-2.1272399895018452,2.1272399895018452,4.525149972935811,0.9091737696946871,0.0,600
c73e26004e74f897aabb219fe23f9b609f44f9a4f3374a85c6982f243ca05f36,f4cfcdb12c43c3a964d63f9da00ec4cd0b9269174fc4b2839e6f34bf518dd9fe,heat_energy,minnesota,screen,monthly,linear,hicp_heat_energy,False,ok,,0.6,1.0,2025-08-01,6,2026-02-01,102.14,2.0901565094736796,-2.837617680533703,8.721433904471027,98.70667236248016,99.04027764916495,-3.433327637519838,3.433327637519838,11.787738666557553,0.9091737696946871,0.0,600
26bbd0fe6a0b1f744690a1618b5754afb2778a85f6fb914d9c70c858356468eb,f4cfcdb12c43c3a964d63f9da00ec4cd0b9269174fc4b2839e6f34bf518dd9fe,heat_energy,minnesota,screen,monthly,linear,hicp_heat_energy,False,ok,,0.6,1.0,2025-09-01,1,2025-10-01,101.02,0.5803298093106151,-1.627976474933388,3.4708980747035767,100.2989107234403,100.11337860558291,-0.7210892765596952,0.7210892765596952,0.5199697447693846,0.9055593648618461,0.0,600
26bbd0fe6a0b1f744690a1618b5754afb2778a85f6fb914d9c70c858356468eb,f4cfcdb12c43c3a964d63f9da00ec4cd0b9269174fc4b2839e6f34bf518dd9fe,heat_energy,minnesota,screen,monthly,linear,hicp_heat_energy,False,ok,,0.6,1.0,2025-09-01,3,2025-12-01,101.52,1.038037974359885,-2.25233262367156,5.652840532654348,100.14556826810337,99.86178595987923,-1.374431731896621,1.374431731896621,1.8890625856443453,0.9055593648618461,0.0,600
26bbd0fe6a0b1f744690a1618b5754afb2778a85f6fb914d9c70c858356468eb,f4cfcdb12c43c3a964d63f9da00ec4cd0b9269174fc4b2839e6f34bf518dd9fe,heat_energy,minnesota,screen,monthly,linear,hicp_heat_energy,False,ok,,0.6,1.0,2025-09-01,6,2026-03-01,102.65,2.0608734525484893,-2.992447769471445,7.680566668190982,99.69191272926142,99.37916070644765,-2.958087270738588,2.958087270738588,8.750280301305668,0.9055593648618461,0.0,600
4ff99bcf1c94aacb6f588cdde89a6c68e892d086a7be83ba15aa3528232e4883,f4cfcdb12c43c3a964d63f9da00ec4cd0b9269174fc4b2839e6f34bf518dd9fe,heat_energy,minnesota,screen,monthly,linear,hicp_heat_energy,False,ok,,0.6,1.0,2025-10-01,1,2025-11-01,101.52,0.35195134807631034,-0.9355000981995589,2.83739594722697,100.983508478321,100.9636153791806,-0.5364915216789967,0.5364915216789967,0.2878231528334454,0.9076824335046179,0.0,600
4ff99bcf1c94aacb6f588cdde89a6c68e892d086a7be83ba15aa3528232e4883,f4cfcdb12c43c3a964d63f9da00ec4cd0b9269174fc4b2839e6f34bf518dd9fe,heat_energy,minnesota,screen,monthly,linear,hicp_heat_energy,False,ok,,0.6,1.0,2025-10-01,3,2026-01-01,101.97,0.5812735984351043,-1.57690892601899,3.81902010992901,101.13276929128287,101.08592664267238,-0.8372307087171293,0.8372307087171293,0.7009552596189866,0.9076824335046179,0.0,600
4ff99bcf1c94aacb6f588cdde89a6c68e892d086a7be83ba15aa3528232e4883,f4cfcdb12c43c3a964d63f9da00ec4cd0b9269174fc4b2839e6f34bf518dd9fe,heat_energy,minnesota,screen,monthly,linear,hicp_heat_energy,False,ok,,0.6,1.0,2025-10-01,6,2026-04-01,102.12,1.0120679932620047,-2.0477918847806906,6.494241775140401,100.26088345125095,100.79608236649688,-1.859116548749057,1.859116548749057,3.456314341832605,0.9076824335046179,0.0,600
87adbba4adc45ac4bf193e7bc5f98fbee0e180b8856c386d04054153ccf0ab20,f4cfcdb12c43c3a964d63f9da00ec4cd0b9269174fc4b2839e6f34bf518dd9fe,heat_energy,minnesota,screen,monthly,linear,hicp_heat_energy,False,ok,,0.6,1.0,2025-11-01,1,2025-12-01,101.52,0.182781329661729,-0.6228091665011197,1.5505603169742725,101.59158390303165,101.59695851585025,0.07158390303165163,0.07158390303165163,0.005124255173244903,0.9071441532667386,0.0,600
87adbba4adc45ac4bf193e7bc5f98fbee0e180b8856c386d04054153ccf0ab20,f4cfcdb12c43c3a964d63f9da00ec4cd0b9269174fc4b2839e6f34bf518dd9fe,heat_energy,minnesota,screen,monthly,linear,hicp_heat_energy,False,ok,,0.6,1.0,2025-11-01,3,2026-02-01,102.14,0.47423589729182547,-1.4848334455336882,3.37489144661134,101.55249813991382,101.5427123313484,-0.5875018600861779,0.5875018600861779,0.3451584356047189,0.9071441532667386,0.0,600
87adbba4adc45ac4bf193e7bc5f98fbee0e180b8856c386d04054153ccf0ab20,f4cfcdb12c43c3a964d63f9da00ec4cd0b9269174fc4b2839e6f34bf518dd9fe,heat_energy,minnesota,screen,monthly,linear,hicp_heat_energy,False,ok,,0.6,1.0,2025-11-01,6,2026-05-01,103.05,1.121722779992385,-2.2647874975500457,5.7458754503458636,101.30934491446745,101.31662848478422,-1.740655085532552,1.740655085532552,3.029880126790336,0.9071441532667386,0.0,600
c986069f2b74d1f581e935df578c36056f7bf96fa61a99b0c845d24ea220ef13,f4cfcdb12c43c3a964d63f9da00ec4cd0b9269174fc4b2839e6f34bf518dd9fe,heat_energy,minnesota,screen,monthly,linear,hicp_heat_energy,False,ok,,0.6,1.0,2025-12-01,1,2026-01-01,101.97,0.32363645676804,-0.9006969696513885,1.4835393791889417,101.33341950791635,101.43492099934713,-0.6365804920836524,0.6365804920836524,0.40523472290146506,0.9054231731841875,0.0,600
c986069f2b74d1f581e935df578c36056f7bf96fa61a99b0c845d24ea220ef13,f4cfcdb12c43c3a964d63f9da00ec4cd0b9269174fc4b2839e6f34bf518dd9fe,heat_energy,minnesota,screen,monthly,linear,hicp_heat_energy,False,ok,,0.6,1.0,2025-12-01,3,2026-03-01,102.65,0.9569927189167462,-1.9435307008453422,3.415365264182832,100.8369141967502,101.14349415584334,-1.8130858032498054,1.8130858032498054,3.287280129945992,0.9054231731841875,0.0,600
c986069f2b74d1f581e935df578c36056f7bf96fa61a99b0c845d24ea220ef13,f4cfcdb12c43c3a964d63f9da00ec4cd0b9269174fc4b2839e6f34bf518dd9fe,heat_energy,minnesota,screen,monthly,linear,hicp_heat_energy,False,ok,,0.6,1.0,2025-12-01,6,2026-06-01,104.17,2.130064387530014,-2.781963596704731,6.14141787869082,100.48023100354717,100.82294986252671,-3.689768996452827,3.689768996452827,13.6143952471845,0.9054231731841875,0.0,600
