date,wob_petrol_pre_tax,wob_diesel_pre_tax,crude_oil_eur,refined_petroleum_eur,refined_diesel_eur
2005-01-03,319.39026722802527,391.21372951606793,29.251411923855215,,36.83820204403786
2005-01-10,314.3313600311398,385.323833377463,31.14101696855924,,37.60643183611419
2005-01-17,324.4409297981046,383.8332997214832,33.80400994656632,,39.89270015063927
2005-01-24,323.7418206765609,384.70039829453646,34.62367060292012,,40.81785510828248
2005-01-31,342.93885773754045,392.43967082817863,35.308229423144155,,42.478506981554084
2005-02-07,348.8941695170736,389.48091641844394,34.05842185031356,,40.89694308719124
2005-02-14,345.0541065512643,386.13781547512264,34.09099191551883,,40.48066351413514
2005-02-21,346.7799987226177,388.9015093083975,34.75359729013201,,41.25394946084807
2005-02-28,350.45439089035085,401.6897310558469,36.47578372294495,,45.149738931295836
2005-03-07,357.02384703407694,416.78023930271985,38.93188138552982,,48.48126994359202
2005-03-14,371.73382190015866,430.9790966194071,39.58207841567086,,48.6260903782513
2005-03-21,369.77325823325447,436.61210378289115,40.95151748870376,,49.03258950692314
2005-03-28,,,41.153288483821825,,50.504460766916694
2005-04-04,390.3906351141179,444.2078613283072,40.748758973790075,,51.81677716012896
2005-04-11,413.9738340826963,462.34181796176915,41.551375391384056,,53.75608454177397
2005-04-18,407.16363175982593,457.52206207457664,39.124156617547534,,49.358796626037034
2005-04-25,409.11185427464505,455.11664657631593,39.34335771839973,,49.34106506457248
2005-05-02,414.1795135862791,454.14869124298923,39.72165456846657,,49.41274042726151
2005-05-09,404.51768161841744,445.3684402693511,38.576434427812764,,48.13516725753974
2005-05-16,400.13693620122024,439.4930585567051,38.28411763431404,,47.13240204640591
2005-05-23,390.98937037810856,432.58319636278867,37.2535106441793,,46.13253742919534
2005-05-30,386.83059137799717,430.64637548432273,38.588237144378844,,48.04017329902301
2005-06-06,404.0879245956765,449.76035707997033,41.53572103268684,,51.785106506393504
2005-06-13,416.03520858566367,466.84370613704516,42.24692120503615,,55.80303813904834
2005-06-20,424.45960896415494,478.5039327104206,44.71013561719185,,57.88298247279878
2005-06-27,432.71325270310285,484.38649333043645,46.98907700404489,,57.998382020803476
2005-07-04,441.3654291039051,490.85515581963784,46.74499276176697,,58.84476020588009
2005-07-11,451.4281389522982,501.86912052867586,48.49991478463653,,61.95128181497303
2005-07-18,454.0640209356229,499.2212355934087,47.34206034837977,,58.43545583256672
2005-07-25,456.24587219868,494.38648403873816,46.923699012579306,,57.28570289916844
2005-08-01,458.3235453494838,491.74337308203343,48.418903660155976,,57.927081073596774
2005-08-08,463.88672608993795,494.22870007055013,49.24129374511401,,57.97572285541469
2005-08-15,468.85980285388916,496.9838142658865,51.83751633555782,,61.81030613866572
2005-08-22,484.58762773564075,516.2128600739658,52.75646293444688,,63.663083365012845
2005-08-29,482.30974164469603,518.8884107718417,53.512513835770996,,64.95534631750438
2005-09-05,545.1606953993206,545.0971016801565,53.658264332367764,,68.45470133076977
2005-09-12,535.7888659069258,536.7577310110859,50.686720493241566,,66.29094008856882
2005-09-19,510.9945082836773,521.3326590171237,50.21011137550833,,64.24906740463504
2005-09-26,512.3524933864005,530.9998681898265,52.12771533779947,,67.82922087923954
2005-10-03,529.2428682748236,544.958378402741,52.07357523840901,,69.75188841869571
2005-10-10,523.6817388516937,547.271505240654,49.119101236993,,67.93111332362876
2005-10-17,506.151698578813,544.6580897244888,48.60235396942706,,66.81718061294426
2005-10-24,485.7833695758228,538.2062777813547,48.07963911357963,,64.9857987645201
2005-10-31,,,48.80762305953505,,63.61742005611696
2005-11-07,452.4979588844952,515.2536737162972,49.58253398019285,,60.74829261176906
2005-11-14,443.88112379816596,500.72603079282425,48.2640433691749,,59.99295629482884
2005-11-21,427.3541636318063,485.5450602328329,46.31737375465851,,59.651283345279964
2005-11-28,429.307525801915,484.0560102798836,45.66983769621513,,58.08824267945452
2005-12-05,420.37362025476614,475.3609643416532,45.8298202621918,,56.81092532047326
2005-12-12,424.79908533913374,481.391374674837,47.69011847385717,,57.96228101862928
2005-12-19,434.74778438476886,484.8279762332778,48.64763492266934,,59.48904399132829
2005-12-26,,,46.83422914191606,,57.52417250781592
2006-01-02,,,48.42015875940526,,57.16317095203171
2006-01-09,451.59356561190646,498.12556472868783,50.98864004672696,,59.443479421331666
2006-01-16,458.73418937189916,495.18309829596905,51.680241476791956,,57.67398870123284
2006-01-23,455.0749619728216,496.49509515031485,53.19741106764512,,60.94915909204011
2006-01-30,459.8849634151058,502.2699442476951,52.50017289281866,,61.218474034428915
2006-02-06,464.76512974460076,508.07006569102424,53.08483840840364,,61.35708314660511
2006-02-13,454.10418779026406,500.85614749490577,50.812374617643236,,59.60855268731964
2006-02-20,440.63933704750514,493.2662576349839,48.3622816972545,,58.66306373742193
2006-02-27,441.0876557031013,495.6254342036564,49.99825943622211,,60.134998349636135
2006-03-06,447.1902597992577,503.85211024037596,51.0378895719159,,61.459321403765976
2006-03-13,451.570048184133,510.2673991468397,50.507963045296165,,60.98830892449862
2006-03-20,466.2852886675838,515.4736618027382,52.009839317583385,,62.02136053365412
2006-03-27,465.1862940440983,511.5719158347688,51.0689522169519,,61.94884310840338
2006-04-03,490.9266235328505,519.5072800890977,53.44236304641079,,63.988305619412664
2006-04-10,493.12294047930516,520.7433971378042,54.891083256054515,,64.3986989615814
2006-04-17,,,57.45506331960917,,66.39713471794379
2006-04-24,528.1207039983667,545.2128353223048,59.091651604198134,,68.84633663675314
2006-05-01,537.3285052920328,552.4804751168456,57.89324050553928,,68.35598197293059
2006-05-08,533.9627151206763,548.697718747234,56.946390536366245,,66.72978511913661
2006-05-15,527.1602060689502,542.2702300776016,56.033300191960414,,65.65901226051908
2006-05-22,527.3935736245958,536.7684761715121,53.696026473675985,,64.463326037113
2006-05-29,514.9004319118242,527.2438247732287,53.907412249028155,,65.30417094181311
2006-06-05,522.5336586531645,535.5034316320699,54.070112506606506,,65.84650520334536
2006-06-12,532.5342374828729,537.7955151763654,53.88991380067519,,66.07831708057147
2006-06-19,523.6183485289921,532.2018719521496,52.98059192347737,,65.94977185023836
2006-06-26,524.4084987390465,531.9638534678994,54.027263942817285,,65.96247580818991
2006-07-03,538.4537436921845,540.6074675354588,56.853065150558315,,67.65669237280889
2006-07-10,546.8294131994076,543.0047953751346,57.243602444305544,,67.36399245068223
2006-07-17,558.9771295655346,548.686469586006,58.2719594590302,,68.18346325999755
2006-07-24,569.9097257256449,553.9479951392406,58.84743431018957,,68.00170150359932
2006-07-31,566.8148669458102,549.342219882313,58.40766839051946,,66.63454628192402
2006-08-07,564.7916851626244,551.8119290187706,59.48628317131035,,67.84152256774068
2006-08-14,558.6327806191857,552.9117486756074,60.222666104893186,,69.76090872710081
2006-08-21,534.7362554090007,547.3340133738847,56.78188749905373,,67.43174038913575
2006-08-28,513.9896066919194,544.4726383021263,56.29406859017412,,68.26755494087537
2006-09-04,494.6292765273143,540.9560423730641,54.08428659817558,,66.24085401053449
2006-09-11,468.11582434025087,524.127971879263,51.67982819614438,,64.15302079864705
2006-09-18,453.46720283635267,508.5428706796133,49.502645112075655,,59.42782814121267
2006-09-25,431.4055540408862,489.5698405365838,47.56162806486585,,57.59485369331649
2006-10-02,428.15908505539386,484.4900893031822,47.61374742478533,,57.249842139632186
2006-10-09,422.1766061278957,480.3421824286603,46.261156564158256,,56.35841440562403
2006-10-16,422.32218550978297,485.1980042390204,46.84291025668966,,58.247646872023815
2006-10-23,415.9216857792532,483.0928694014527,46.53116567998726,,58.21136221442852
2006-10-30,412.34863668620255,477.5710412388557,46.11462959804483,,57.317374038064614
2006-11-06,406.75146855176223,470.6927537034852,44.343960163870875,,54.67336689339741
2006-11-13,413.371927988916,472.25039968863507,45.05726679319326,,56.547215495008274
2006-11-20,414.79612979441873,473.6456535585022,44.49939232339343,,55.49523973438578
2006-11-27,409.38077300504074,471.31880083701117,45.73803545082893,,55.22002890911203
2006-12-04,416.7070230629584,475.61086512453596,47.46962456198308,,56.37673793215538
2006-12-11,419.64057876003284,476.361117503997,47.678562750810215,,55.92125344683416
2006-12-18,419.318082019978,474.0227282099071,47.210568292187084,,55.69124576987925
2006-12-25,,,47.09445444540165,,55.28900554578168
2007-01-01,,,46.38622520763449,,53.59255995307636
2007-01-08,421.1278260348617,463.70149449973036,43.73348515064599,,51.47927365824954
2007-01-15,402.5257831719569,447.78996444406306,41.137339055203924,,50.072310283441915
2007-01-22,395.63638050690525,441.82615518760923,40.3125547502688,,48.886709629015805
2007-01-29,397.9575278408183,442.9457033525515,42.114970011919276,,50.93319296784336
2007-02-05,405.2369291944228,448.692640378496,43.38730958185987,,52.20087604249862
2007-02-12,412.17681361717456,455.6772786336621,44.27449755295161,,53.851717796821575
2007-02-19,412.65076601429985,455.89395462422675,42.93641103776427,,52.64236947528684
2007-02-26,420.53524371412436,459.3331312503063,44.290612206533694,,53.15452667841346
2007-03-05,449.4161551114491,472.3497319410501,45.950476872750144,,55.21441313248805
2007-03-12,452.5095414961506,475.6043238700736,46.22588883984883,,55.02713148525893
2007-03-19,449.6668589125396,469.6063198111649,45.75471323614746,,54.24960038287825
2007-03-26,450.248137005338,469.31529709521243,46.020921392236616,,53.89996999346779
2007-04-02,471.87494660321926,486.7138177723554,49.74169098558062,,57.503591476653966
2007-04-09,,,51.275716792636025,,58.524338942012584
2007-04-16,482.524886501422,492.29157883031684,50.63175559090858,,59.127886669175226
2007-04-23,491.92464266606396,495.1058000243883,48.523788775573564,,57.32653457280098
2007-04-30,508.9023004516439,498.5722149086019,49.59338349747701,,58.360285285623334
2007-05-07,515.212521877362,496.86804951468594,48.226569952715224,,58.20874484017211
2007-05-14,520.0829638474213,497.4925445337966,47.62374825730767,,56.996945374937624
2007-05-21,529.1295757353618,500.3706233395961,50.24811630568323,,59.109490078379835
2007-05-28,538.5211803236211,503.43494794970593,52.58106434901818,,60.616799961730045
2007-06-04,537.2371002913677,504.4069725741391,51.29160589734694,,59.201334980402535
2007-06-11,529.0252776577732,502.64231285534004,52.8139332979134,,61.071669130172
2007-06-18,532.176228023306,512.5805206061716,52.827928132082775,,61.49837024940449
2007-06-25,536.3183537799322,517.0143465492501,53.76546913215647,,62.803765764232104
2007-07-02,525.0663145504967,512.07489127854,53.36414257731165,,62.26004533345671
2007-07-09,527.1445480542709,511.7091401397746,55.06156234081162,,62.68165280319981
2007-07-16,537.8140256629489,522.2578893294123,56.5996223735768,,63.6881311211926
2007-07-23,525.7866855873734,518.3508862537776,57.22961698214816,,63.64192562267063
2007-07-30,512.7303578073667,517.0615861609988,56.07381809699564,,63.06546537312289
2007-08-06,508.8411230217016,522.137202872528,55.776187563146365,,63.627296734848414
2007-08-13,498.5682655253832,514.9746637867405,51.59504630111635,,60.51568523576357
2007-08-20,495.8666778354999,514.6373721563123,51.81976063320137,,62.20235391492686
2007-08-27,491.0465711711364,511.53010373798986,50.6764040918186,,61.03502209012032
2007-09-03,495.3842533184833,513.4560637005428,51.83889974341306,,62.219941201555706
2007-09-10,508.0069113845819,525.0328448594898,54.765467214612706,,64.53753532248527
2007-09-17,508.0988541527476,538.3047469959818,55.680389381474036,,66.50078129837286
2007-09-24,512.0556474858532,547.739038084448,55.9306081091958,,67.4990880555415
2007-10-01,508.39015087835975,546.6663245430099,55.26317791256427,,66.66922404686527
2007-10-08,497.57165676119996,537.5025548601093,55.50259653542948,,64.84938746873755
2007-10-15,496.4500980558902,539.1648550896689,55.84424968851779,,65.04211871901242
2007-10-22,508.36236559923833,553.9883569833102,59.39938064159027,,68.40533193057006
2007-10-29,511.50947137532216,561.1523246197879,59.74621210659758,,69.11774034581386
2007-11-05,525.5960543601014,576.1081152553287,62.35524757577017,,72.83947543163998
2007-11-12,553.1236133924765,613.2238090938654,63.74185698232943,,76.1095732317453
2007-11-19,548.6995032075589,615.5750569673094,62.355344123298096,,74.6409932781837
2007-11-26,549.2342907380863,627.2201139410706,63.846809052357514,,76.58979120292706
2007-12-03,535.502198498579,623.2159034539759,62.13679145077757,,75.21725710971666
2007-12-10,519.6014808680045,608.8541928578434,60.94179169845044,,72.17647347293679
2007-12-17,528.3522314316525,604.342360704783,62.09829125137553,,73.64935956596752
2007-12-24,,,63.62479475043582,,76.23981776560137
2007-12-31,,,64.66876485529568,,77.62785689194223
2008-01-07,553.7408261665627,619.9682008971143,65.36423351078523,,77.66146443789384
2008-01-14,544.8563210031033,608.0805382161407,63.30482402028215,,75.59617429003445
2008-01-21,527.2274551688797,591.7075312139556,61.33157385215363,,72.38200071795578
2008-01-28,522.124574732974,584.2242147995261,60.59255043855793,,71.61872135577195
2008-02-04,528.9181750849374,589.9607345505294,62.00383089681327,,72.81366234272441
2008-02-11,520.5783822072223,588.8731334469313,61.32366943766236,,73.11067296391826
2008-02-18,546.6700440349014,615.5355396915469,64.43363815565472,,77.91937061105853
2008-02-25,558.6655133117699,633.3117684332874,65.87826769288196,,80.1246242658087
2008-03-03,559.8042875751619,637.7657615577385,66.00953257211226,,80.59068226604977
2008-03-10,560.2307040373358,653.7143197427944,66.17911599517481,,83.47117733955865
2008-03-17,564.2984651413362,670.1962114760968,68.7148140135662,,85.14653899056611
2008-03-24,,,65.81042186182171,,81.73077490184453
2008-03-31,551.879755574373,653.8849398016762,65.53924780690352,,80.64509039406795
2008-04-07,552.4683132133745,650.6599529499065,65.18913711128195,,81.14153968710279
2008-04-14,564.7557361143655,672.3767211414164,68.19130041597796,,86.39647124836058
2008-04-21,572.4758847139643,684.777340752343,70.50316695014509,,87.98939425550431
2008-04-28,585.919570157848,700.5779978388732,72.80680065513204,,91.0145554155551
2008-05-05,592.7200079089814,711.2266627911793,72.57056549862327,,92.768695637015
2008-05-12,602.2135893765353,731.3394203332722,77.85963777751616,,98.83724670476813
2008-05-19,626.2697882274124,772.9194046556604,78.78339995274574,,103.87724340793048
2008-05-26,636.9726814309681,794.5199300324717,81.5097886606206,,106.87926677327451
2008-06-02,642.7768344727782,797.749247301481,81.97980050354765,,106.58440743856417
2008-06-09,648.7218026466802,790.6814692962513,81.75602348494738,,102.34026863209597
2008-06-16,660.1256110649258,803.68118147114,86.58648495776274,,109.44502339699753
2008-06-23,660.465084438331,798.0059018078416,85.41659935054956,,106.80145924966091
2008-06-30,671.5281789282081,806.7170330567089,87.4217649377307,,106.59481750090258
2008-07-07,683.3541994984939,813.9132074547831,90.47307984400422,,109.77522090399302
2008-07-14,672.3665022317128,814.5557806266033,88.69658405381878,,107.1833967616501
2008-07-21,653.9786617890267,805.1120235993028,85.1165879815632,,106.06703055880459
2008-07-28,628.3169062189789,775.160491593178,80.47154976414961,,100.5061193733205
2008-08-04,615.2485609924234,755.9915590219632,79.40514453724657,,97.88299400865722
2008-08-11,615.5755225080202,734.734804087552,75.67635508252577,,92.71617544276855
2008-08-18,604.4394787806217,714.3493283916009,74.93183162319093,,91.64611302186685
2008-08-25,618.3119231498287,716.9131504411524,76.45222940750328,,93.05284033435917
2008-09-01,616.2672630211389,716.15224540181,76.85057331381397,,94.33560451878813
2008-09-08,608.6035893198957,706.6596566075924,72.94603937803775,,90.56519634585257
2008-09-15,603.8368682184519,694.6809160284517,69.31920530411102,,89.19853449803031
2008-09-22,583.1726075884068,677.280171263469,64.8319434079297,,83.98208182247075
2008-09-29,577.4015207697609,679.4899366250075,69.8348578601101,,89.01374670237783
2008-10-06,569.0418083446482,677.7955204753168,65.8219290766565,,86.84376449779523
2008-10-13,530.582884805755,644.1854252920507,59.91634699223787,,79.66769288609557
2008-10-20,473.3670954451338,601.0479389545156,52.98258583732049,,70.5616129925866
2008-10-27,460.60542598618025,587.5434007440427,50.50599829026333,,69.21569723311386
2008-11-03,443.51950574976763,570.4723851206583,48.71882626268074,,66.90597840275662
2008-11-10,418.0309598118706,565.0270486683436,47.059927901362734,,67.5038533651397
2008-11-17,396.31592535081853,545.5320516417958,42.52076476681417,,63.98834114914547
2008-11-24,363.8861004993986,516.1971501167445,38.30835990702949,,58.501232791663256
2008-12-01,351.22103298882803,497.5767971134832,39.447652059399864,,56.24508151488766
2008-12-08,343.07421011279973,475.2036605884348,34.174035118608984,279.5673444199212,50.52234055500899
2008-12-15,319.2841477873492,441.3988277326435,33.41569900010383,258.7877487883583,45.13127134839756
2008-12-22,,,30.49730787311763,252.42091289690634,44.48787307245086
2008-12-29,,,25.79648660578324,207.35828950318933,39.76582976839826
2009-01-05,292.9149338922327,402.97506511381164,29.652864832535535,218.27677625242873,40.13348204965725
2009-01-12,332.67712292191106,437.98867460301113,34.05874328718119,279.80184855072605,47.97129773393142
2009-01-19,343.3618170282586,435.8126697853896,33.45680681190858,290.17952381474413,46.97328389788674
2009-01-26,343.5349565053547,425.8804323548125,33.90234210222503,293.8708354986379,44.5053380408102
2009-02-02,349.79486156580504,426.47344596676,33.900971548254894,312.5670183867219,45.63898629092434
2009-02-09,358.6951979332424,428.254638954653,34.87941866880193,314.98418791382227,43.93448398069658
2009-02-16,360.3302308067708,420.8090168357916,34.39759442044071,330.5860652835424,43.67000139965056
2009-02-23,347.43025314912353,399.60117006701734,32.01179925144253,295.9229597250589,39.78923175453796
2009-03-02,348.19464138841346,393.7629280050186,33.76250919522265,308.31412482928005,40.35589258429986
2009-03-09,355.11909931391364,390.0992759176945,35.04645048199205,333.1686382248423,39.26424068375614
2009-03-16,354.3405978400104,385.2635961545606,34.22209672277991,329.87271399858093,39.58152661709964
2009-03-23,357.4700031177218,391.7754354323112,35.60910419728896,334.7989430793083,41.217707391473496
2009-03-30,380.12859177146964,411.8607796826838,38.2540562019182,360.85248922012954,46.198989674357655
2009-04-06,386.97287734868604,416.0879928827244,37.64505500153433,347.39219217951666,43.71876701478419
2009-04-13,,,39.70329103723809,363.2151224982509,45.09825560589304
2009-04-20,392.1844768220403,414.9661898481565,39.31533271698031,366.70019152318247,45.78681218452289
2009-04-27,398.4872170071513,416.2474794514371,37.91651504330473,359.02315453446727,44.04300039464804
2009-05-04,388.22544332317733,416.8967279345658,37.47594168059406,359.05651550705954,43.48442559875716
2009-05-11,420.1389717818469,422.1089562901685,41.288250290961955,393.6859392747922,46.3826197003291
2009-05-18,429.3158893052488,425.63058648139,41.809747651014916,408.3484092527143,46.968759764605
2009-05-25,446.96911542977375,420.89298019650903,42.83173247739003,427.94261696629076,46.33431636818496
2009-06-01,455.9412259180654,424.70111460916297,44.112068620379226,438.7840687699089,47.58839791341601
2009-06-08,467.9543546571649,446.3943248341824,47.54671838757306,454.2476724662341,52.055778742575924
2009-06-15,486.6487757203221,460.4907872018399,50.05588382730343,480.28321620393774,53.93664258431522
2009-06-22,494.10801189932755,471.31934626228065,49.82575167292461,493.1026684766037,56.28042560568581
2009-06-29,473.3451353872209,465.1001101484294,48.380946856670114,455.8417422056147,53.60366281048531
2009-07-06,462.93821896015135,456.6688216920856,47.934593054950184,448.98554960870206,52.58509792771322
2009-07-13,442.2154893104335,435.82881327237527,43.69513718868866,413.0610378104399,47.7526830636623
2009-07-20,436.8954941491678,426.6687021950665,44.28436712486994,411.36049317556973,48.16450872507145
2009-07-27,454.8856618731982,448.8706676181758,47.21662499398625,442.4291375527249,52.39544494137546
2009-08-03,473.5895422429863,461.7622005776045,48.44207628282733,463.34757392532754,53.50890614835633
2009-08-10,483.9317517972645,472.3559148302777,51.53703000409538,480.5743104189164,56.440328617707486
2009-08-17,493.1935076333488,480.84647981898723,51.058572413265985,480.54021314500596,56.66790499846395
2009-08-24,484.0609235117961,476.3446298873221,50.97392538336637,469.9859894870666,55.97011295835493
2009-08-31,472.6244288715767,471.94745065958483,50.297358309524746,468.3349779476508,55.86891692704609
2009-09-07,468.8043107617017,464.26296841987215,47.22640873014499,441.2494121004538,52.204197051737154
2009-09-14,459.4332041717156,451.3575471378435,47.30752210010868,433.64140622927243,52.23538112157614
2009-09-21,452.2979051739912,451.97660624136574,47.2145925918736,427.03299872990164,51.8292061569721
2009-09-28,436.15724869302954,442.75090171674685,45.29739916088541,407.44870584349235,50.473764988002586
2009-10-05,444.67157560605153,449.88917416527465,45.63047493266161,404.2893730600846,50.63238786194596
2009-10-12,435.627071292219,448.0532885327121,46.45019647997351,416.8073498086789,51.35590172322562
2009-10-19,452.7119262531775,466.92520160369423,49.32585040830385,436.75683907557203,54.50071283688286
2009-10-26,465.63057676251077,477.22013020739104,51.53213932210692,465.9642825587339,57.69455647972306
2009-11-02,478.5817243011692,483.7520895353005,51.3844729849097,475.7324488172164,57.646770670204816
2009-11-09,474.7757088306111,482.4088588227195,51.93730707282862,466.8436014999552,56.981633160693505
2009-11-16,468.28652054354313,475.04897997344176,51.339569374510674,460.0658859897817,56.07822130984274
2009-11-23,471.7823593887621,475.3834388884073,52.041444886041816,467.44032792150085,56.44962522526902
2009-11-30,464.4310051509369,468.8244631744373,51.049127491197034,458.271296521962,54.699668322621946
2009-12-07,469.71933191812553,473.78776939895266,51.86130304588892,468.17648963650316,55.655825713786854
2009-12-14,454.2115690387304,465.8022480688839,49.74914637301246,452.33757792015047,54.49322825286346
2009-12-21,453.0763596242092,467.86795874708673,50.04761028979847,450.10881926514276,55.11810020369679
2009-12-28,,,51.64043916710732,466.3690682831968,56.52647932610854
2010-01-04,472.20361154301924,484.97457299918204,53.752643598173016,487.52537641578266,59.308954005011415
2010-01-11,508.61054176838763,509.1647648033052,56.213538969894444,508.2912241628338,61.52431753207353
2010-01-18,496.40226949748495,505.5580874031795,53.86298011207025,496.2967717118846,59.71172102540858
2010-01-25,491.5448133333864,496.000755463338,52.678287767643894,491.92450041754483,57.984004426170735
2010-02-01,487.16739058623006,488.2695530945439,51.26316951163691,485.05379182499155,56.72702313663907
2010-02-08,489.7055983151698,490.7632326036081,52.800291926743554,492.4257449836059,57.68294061386824
2010-02-15,476.836162277977,482.7073911144782,52.47851872098643,481.3427333320833,56.4466656866649
2010-02-22,486.2805200499394,496.49270927151906,55.390180592601986,509.96322701865745,60.41949072915698
2010-03-01,503.1404608287075,515.7594793606761,56.63088331915792,526.403242305542,62.195153617490426
2010-03-08,517.231815668228,521.2411137645655,57.35425780466568,560.2336686064721,63.40909995496554
2010-03-15,546.0466211132388,540.4039025511818,58.1828113044284,570.9620339822885,64.79589148541012
2010-03-22,539.1436948441383,539.1249129753261,58.31065353256334,567.93093184761,65.5086261848551
2010-03-29,558.7543242701546,551.37961133929,58.828171834357704,573.9253747486223,66.50614496601625
2010-04-05,,,60.75899408555269,583.2052106364539,68.61022864609275
2010-04-12,559.8589229184503,569.0988503913544,63.441852399873184,590.5992074908203,71.74572660838498
2010-04-19,561.0508451768062,570.6378267202153,62.661995262044684,579.8864706262091,70.14282761558191
2010-04-26,567.4397965269585,573.4708885477863,63.16927522589399,583.4355899438035,70.48610686951386
2010-05-03,574.5088327979047,587.7831135304015,64.27779697484654,601.2792190331892,73.15407101175406
2010-05-10,565.791200007822,585.4066950906152,64.02618512226142,596.0406590864011,73.21305765578099
2010-05-17,561.0039824698464,582.0307192606928,63.14484998524777,588.975092406027,71.98044027988131
2010-05-24,538.7290080295601,561.5690435980072,58.04764083049762,550.5761438732643,67.26222136873238
2010-05-31,545.4834174882874,562.0952082583619,58.09307295912763,545.0088490620612,67.16931487830865
2010-06-07,551.2134887929791,570.4359809139884,60.12965814344501,565.6288594412738,70.15868401400196
2010-06-14,555.2717160808008,577.0278869676214,60.90139654169718,570.8697062925369,70.77357765971396
2010-06-21,558.4775622435864,583.7061113706576,61.96522102834534,583.4807702549107,72.73198376685266
2010-06-28,560.1228625449199,585.7999359385431,61.82718694736061,578.0530906330425,73.1627405754146
2010-07-05,540.7507513494265,564.1175857979931,59.523195556015864,555.1735518260627,69.56103007094202
2010-07-12,536.1701910831614,555.1057505008492,57.80262890451901,538.4565216066954,66.88552854898315
2010-07-19,532.750680561875,553.1436006400703,58.59251359747899,541.8033249965866,67.8069857900571
2010-07-26,534.1398977149206,550.2618296874709,58.83514340508607,549.2449793699495,67.58653315575569
2010-08-02,531.3460390445622,549.0114966910363,58.83244777328569,541.2286272635216,66.75421523837
2010-08-09,539.1898733231965,563.1035276221237,61.86292946430702,558.4530973943038,69.83656211843417
2010-08-16,527.8917839785781,554.3003632138008,59.57446034994744,539.1254039617166,68.20198039587157
2010-08-23,531.3856739843163,555.2300989834043,58.43054206207732,523.2058035304924,66.8677456216045
2010-08-30,521.0606111998902,551.3259633101674,58.0106056617593,520.6165531235276,66.68516267637958
2010-09-06,523.314916506127,554.6690936566156,59.15577256716638,521.1239737315233,67.59399812108936
2010-09-13,532.1907676379014,560.289029219616,60.37153498152678,527.921152488845,69.15831078265356
2010-09-20,530.7567087363793,564.7702000420842,60.20682427532129,523.8080217523827,69.48621990752137
2010-09-27,511.37274452317445,555.28943071121,58.62413049919661,508.4316979231374,68.54040032164828
2010-10-04,515.3557579975864,559.136315572958,58.880567954025445,508.6074577777902,68.4375684618731
2010-10-11,527.4132142191048,569.0725855106452,60.36250139936317,530.3719092471155,70.33083103669864
2010-10-18,532.0235551144174,569.3424168149072,59.66227844413462,531.2010264736095,69.42651196980002
2010-10-25,539.597414152227,574.9342663591992,58.952760835824996,523.1370882767675,68.26159732727717
2010-11-01,,,59.4750600985318,525.1143306156448,68.20571155560745
2010-11-08,538.4931117720579,578.5292394518332,61.38299423577723,529.3703929956503,69.27280269537724
2010-11-15,544.5064456320414,587.4113863639749,63.67883403568042,552.5150499795903,72.92186132963268
2010-11-22,541.4469246762216,583.8823497089242,62.00069947758694,546.7435472424561,71.18985700371124
2010-11-29,554.988985555083,592.7297516808766,63.05939614985944,557.2855180548879,71.71515115010581
2010-12-06,577.4399788492503,610.0339306925091,67.01539437768152,600.5828954654044,75.71446779389953
2010-12-13,586.9873073275439,624.545346168715,68.32099000167426,608.3977016751412,77.14232864359565
2010-12-20,590.2522447202529,629.464074334812,68.5869583709575,606.056426405047,77.64043498516713
2010-12-27,,,71.03299135353645,630.2022942304848,79.65099290563629
2011-01-03,597.7464211658616,637.6583524641178,70.63178640475263,625.5852633952129,78.52565775396963
2011-01-10,605.4953179448139,643.4999495591138,71.51405354503734,639.2098922228093,79.39647790363838
2011-01-17,619.1961793238264,663.8582152625874,73.65085965902986,654.954514115792,81.55597421728321
2011-01-24,611.2853350151953,660.1507155232255,72.0493460782296,642.8943963030381,81.34183130412177
2011-01-31,601.5931820924003,655.5817912492669,70.6847461681979,619.0842540276738,79.99633514535509
2011-02-07,602.9522655467591,670.8126705753485,73.49261917522612,638.3893552261046,83.21328326555704
2011-02-14,610.0134824281556,681.5134952836349,73.84167914360144,641.4562760052079,83.91509244099926
2011-02-21,611.7675958750822,683.7961341618402,75.44629496697802,657.6647388893559,85.99174555422816
2011-02-28,636.769716318289,703.9444132982973,79.907431042027,689.7824536821191,88.58910942442228
2011-03-07,650.9013517413542,722.3124523999434,82.71901483652053,728.5369712853701,92.24611870848005
2011-03-14,688.1068205882783,733.0787651661293,82.06193275199966,733.8505454015584,93.12299053185725
2011-03-21,670.523883007211,730.4672709153236,79.97057434782418,700.1865460005965,92.4375895882891
2011-03-28,677.9677526007871,728.9119582019192,81.4797372757816,717.3810696662273,93.34728088801428
2011-04-04,694.6335345377908,731.8576837437228,82.1882249371937,732.5289243903422,93.71787354233861
2011-04-11,709.268783524698,741.8928097503344,85.70120174767933,748.6803327200669,96.40363223254892
2011-04-18,715.1932313240945,743.4094602621901,84.89595495530602,750.4399177907235,95.82664892587499
2011-04-25,,,85.32597952228684,757.6461268305632,94.0717496853853
2011-05-02,707.4676464356404,741.4755112586962,84.79385149220487,769.3542047951544,93.49992092676791
2011-05-09,683.4497795927706,708.660414250688,80.0651225823722,744.8961690237568,90.20533083055803
2011-05-16,680.2634861222681,696.9781428862457,80.23775239387831,734.6225644592575,87.48505162189417
2011-05-23,676.9880646871059,703.0458022708863,78.56768246528927,700.4592567384577,86.11826325532937
2011-05-30,663.1429299235031,693.6768619629538,80.34288954170798,722.8612830665472,88.1569589019437
2011-06-06,666.9256529895985,699.705713562498,80.06484961098083,711.1489623709533,88.68040855063535
2011-06-13,658.9284953008369,707.5025066658188,80.56391280614847,701.354624366461,89.28177667215553
2011-06-20,662.6734722941932,713.8039593221545,81.0330371867574,709.6426900350244,91.0570184687936
2011-06-27,637.0806816914271,686.8742817977892,77.184268688931,676.1688836706603,85.38797405696548
2011-07-04,632.9053899883555,677.8121338580125,76.32868961113778,669.9716460528995,84.30051284079988
2011-07-11,651.0422071941572,696.8697758406203,79.94919974613006,703.5921870541149,87.80253040407068
2011-07-18,670.3840495180658,709.6413786670711,83.07928302410055,737.8303039436909,92.50492268848568
2011-07-25,672.8973925996886,717.4100002203644,82.46667021446014,737.0002110983708,92.17398394878008
2011-08-01,677.2094191952507,719.7749960228801,81.4382536025869,729.9603680466241,91.14725033197239
2011-08-08,656.5078019036097,702.2894137783592,78.9338579785632,699.3577422667138,89.52585545988175
2011-08-15,,,74.1310667480719,654.6805569673759,84.52059736100725
2011-08-22,639.67246271651,683.0720636339574,75.88167509790826,670.9679325500149,86.16504268697713
2011-08-29,643.9052650573212,686.2332797743596,76.67478858530203,683.3778467572239,87.25262387989933
2011-09-05,658.4815956076021,700.0690825455638,79.98647237844798,700.222039833041,90.41014275236344
2011-09-12,678.5571129665932,708.1455943364971,82.51238680227985,703.4361671454077,91.49976036478571
2011-09-19,678.7305383529917,712.9959333486569,83.02468322679566,700.9671798421214,91.62316708949888
2011-09-26,661.3497258775359,709.7225371583585,82.43888609110495,690.721433759626,91.38316640500533
2011-10-03,653.4976684110202,710.6564239259146,79.29478734772519,675.309884877249,89.14423144876382
2011-10-10,654.2323606214122,711.6356244784567,78.12553475362101,658.9531907377246,88.32070355203338
2011-10-17,665.5615435880629,720.5064319109059,80.8590751655404,682.893583395776,90.36725247941425
2011-10-24,658.14254741271,731.4771953511613,80.26395268075397,683.4843582210939,92.12110962147237
2011-10-31,656.3110628242306,733.3118142369084,79.8162086446294,672.4784610201939,91.97808105307872
2011-11-07,650.3452558580782,734.0174302289709,80.02107392683294,665.9744915412941,93.14314450762569
2011-11-14,645.1425219059588,742.6433066710784,82.99498400915905,681.751558719746,97.62979612764684
2011-11-21,644.9871011388321,754.3901574210903,81.57242357213832,663.987792542309,98.06072323276643
2011-11-28,631.6011633361106,738.6816144123668,80.22339737361732,658.7419876534484,95.11680561085048
2011-12-05,637.4930982616883,742.0623253717374,82.43415010642461,670.7801594756712,95.87649890603312
2011-12-12,636.6243525492943,733.9656610176858,81.45017455505278,680.709168206834,95.5774935718517
2011-12-19,639.9935691527409,732.0985803150814,80.9168896737984,686.6914527065626,93.93743872514061
2011-12-26,,,82.64052254581983,693.0215063012995,93.45209813795665
2012-01-02,,,83.58254306745391,708.215166032249,95.18603725935209
2012-01-09,684.5825324471456,763.6081258285731,86.60393628332966,736.4332238328708,99.50654499232925
2012-01-16,688.1768963042576,777.4950928862368,87.64392174653287,753.7669126712647,101.79070649349663
2012-01-23,692.1438810350687,768.4335036519383,86.21968854240886,752.9880481702652,99.11716165081639
2012-01-30,692.183350536193,756.2520985742875,84.1199063255261,749.843301048863,96.86962587360824
2012-02-06,694.3305601006584,755.8352767822796,84.95336812650064,755.6904353437403,97.48505869972631
2012-02-13,711.3504311481398,776.7446238955365,88.81436134747392,769.6029532037412,101.00958760451496
2012-02-20,731.8573570276687,791.9465833766624,91.17418101203154,794.2483322028959,102.38043836053704
2012-02-27,738.5730948422068,796.8072625375428,93.13783541915771,808.6749370657003,103.24963424121597
2012-03-05,747.2468030575069,795.9356682622,93.25477560768027,822.0957067991103,102.32824315853013
2012-03-12,757.3177601668308,801.5287043672952,94.50517581082262,847.8188845745184,103.91880951956482
2012-03-19,771.2541861647599,810.7852809515514,95.60776735191396,869.4953471856045,106.01932879524342
2012-03-26,774.2404293076123,809.7379942909498,94.31227897956293,866.6515801861093,104.5394650529903
2012-04-02,787.1940921935056,802.2680652007682,93.75813229528202,872.2656119014039,103.11000410546735
2012-04-09,,,94.0376798048095,860.924763053991,103.77282317819031
2012-04-16,802.0328003393461,803.7876855945748,92.44264136939151,853.4270187561793,102.36458008825363
2012-04-23,790.1371781949023,794.8594471100705,89.94397547884648,830.2275946457637,101.64056112509607
2012-04-30,773.3014726430434,781.2775137517812,90.23644753852388,814.4829687488425,101.90837349585118
2012-05-07,759.7403098234817,787.5686380574681,89.02081070933211,791.6178279996426,101.31006324421493
2012-05-14,735.1926353538026,765.7231937223631,86.78705725451634,774.8001034728214,98.75993954749929
2012-05-21,728.5668496897902,762.4404556994809,86.10442148956844,772.9716477918137,97.49824988851559
2012-05-28,732.5049896021224,758.1683489522599,85.95154447208466,777.668508521756,96.79335499387965
2012-06-04,726.1188070185224,746.9624900197612,83.55262017443383,770.4164051431102,95.53341516195701
2012-06-11,706.0640165076954,726.1690108436975,79.38315302081013,720.0886187544165,91.46509620908799
2012-06-18,698.2355811955688,721.5627055047067,77.18044206256526,721.864144602969,90.86526527346705
2012-06-25,677.1812183726134,702.4652547212675,73.30102809204405,704.5397861440186,88.67726758048677
2012-07-02,679.5142478599731,702.3196216288618,74.2013789447064,711.6225008195853,88.62302436900765
2012-07-09,710.2771674041254,732.4041306316685,79.17328719084995,739.0302669575883,94.02592427971112
2012-07-16,716.5389636720624,743.3303368534349,81.89611419953553,761.8595218299109,96.04461236402344
2012-07-23,733.7477885702987,768.088355511752,86.7724303683273,800.4496027659219,99.46940091604435
2012-07-30,723.2866766369333,767.9237629425263,86.71024259034401,793.0820831828078,98.94000115624618
2012-08-06,740.5185217125729,771.1050604593457,87.19899616298544,800.0471998054323,99.88803779038683
2012-08-13,762.1036379195762,794.9284416892485,90.9118663133128,822.5018912930802,103.41770323705774
2012-08-20,798.4769346329578,813.7984960136611,93.46826080381591,852.698032528243,105.56462689181595
2012-08-27,800.6728521536536,818.7169517040005,92.65240937053599,861.5356238422753,106.31832549540263
2012-09-03,795.995610674975,810.267860362974,90.80834410020255,858.8165316728922,105.4935540629385
2012-09-10,807.4299993652108,817.31571544245,90.26415526244526,825.6167860116371,105.42302402908513
2012-09-17,786.5675292597327,805.7697745060987,89.60813303544978,819.562135643671,103.96240378638117
2012-09-24,772.1305356715683,786.9948120414044,85.85021680541745,788.7938081402706,100.96941175252503
2012-10-01,757.9183223470436,785.9478085886949,86.63171487740814,817.8252422694862,101.46996130191982
2012-10-08,766.3338013432796,798.9508703831247,85.8349414309529,765.6085688924385,101.45565599685449
2012-10-15,758.0439648471537,797.77981134392,88.42378684464147,789.924386389073,105.01136145741543
2012-10-22,737.6139821701278,795.1632551942505,87.3550113181629,756.0283556911916,102.86481491928025
2012-10-29,712.0986493766372,783.0464886674538,84.53954627702316,717.5906986139838,99.73973374332655
2012-11-05,698.4860215208953,775.5943421230218,84.28393109383286,717.4818950301586,99.01811688901748
2012-11-12,695.7278027795614,770.6147063811165,84.78740710901859,718.328760085398,97.71925638174889
2012-11-19,701.4483171107239,768.5205609322294,85.34742565569177,734.4732384468632,97.80812382444017
2012-11-26,707.8151889653184,770.1761368893526,86.83874180295734,737.1892833031291,99.20970775367019
2012-12-03,696.4615289564422,766.5958238248409,85.71832989856728,728.6912776163642,97.83660740278407
2012-12-10,684.8798562036413,751.3244797728566,83.38151910766115,714.4363645707776,95.59067541227117
2012-12-17,677.361050738475,736.2006960405429,82.93437873239871,711.6364645557535,93.79264672967656
2012-12-24,,,83.67412441314254,717.1081869620546,94.8506431812718
2012-12-31,,,83.82670914424855,723.1362477202373,94.97420907879602
2013-01-07,690.6495944124409,749.7567200421038,85.14778725549711,733.9683596511641,95.35062350125186
2013-01-14,700.1950996253261,754.5790711605946,84.69967230122113,741.0698859354937,96.31994706095642
2013-01-21,693.0003646252387,749.0120015044216,83.82281189992656,729.5909050729279,96.33134892197228
2013-01-28,701.7661921553815,754.0790188501512,85.44205084478656,755.8023423989441,97.58731031465962
2013-02-04,715.2891731317529,756.0920909004042,85.46909567188122,783.5814454219119,98.15345002607164
2013-02-11,726.2457182426141,764.2266905966627,86.64870644557368,794.3531305399072,101.16884597381403
2013-02-18,739.3825764066498,772.5275778867618,88.7439240858838,810.5827501579906,101.81083535025031
2013-02-25,735.8746122929941,764.7725477157236,87.60538266363031,817.6599573753687,100.44555600165813
2013-03-04,725.7751200947704,755.980728723117,86.05892889859618,800.8792147723196,97.4704478551776
2013-03-11,710.828538070176,744.3383852186656,84.92794285906915,802.787289773564,95.43289532705225
2013-03-18,703.0122801798161,744.7226749721807,83.87253697129725,792.7748605858585,94.74019716925028
2013-03-25,717.7133564876277,743.3099238330839,83.41175441635947,797.0284984026276,93.7184510066712
2013-04-01,763.5465448375965,763.6168563615705,84.96721217346911,809.9973481471222,95.25018696468035
2013-04-08,721.6623631216247,746.2734331163341,83.32023400214457,770.0264455924016,94.4739108669292
2013-04-15,702.3631424204233,725.4655135729297,79.70005773471648,727.7575529112992,90.16257926386344
2013-04-22,684.4846954447972,702.2561420682916,75.4494756221417,705.4545896102106,85.74967575065031
2013-04-29,680.4429495503908,697.2110961679828,77.82232011901036,719.7189737450083,87.51763525786313
2013-05-06,678.9754302716223,690.6412582897358,77.94079372644183,709.5141966730978,86.40676159618994
2013-05-13,678.6647219400352,702.6416464910671,79.86545886283045,726.2528881703954,88.99069769246839
2013-05-20,691.1965014333408,715.662599720346,80.13428850516644,739.0243506697716,89.93761799379575
2013-05-27,697.8446073229752,716.4204370712243,79.7517197660552,742.1173086918909,90.20090314845015
2013-06-03,696.3079973568362,714.3901408637652,78.81148619338077,736.8428966942699,89.2909388593092
2013-06-10,692.7545203676157,707.6911227710895,78.33037582798869,724.4487926190992,88.44134112850386
2013-06-17,686.7422219981686,703.1622340926137,77.85586453409469,718.753841156599,88.0024847321238
2013-06-24,690.8044132273425,710.6932486413527,78.28141180618634,722.1672494426911,89.44576572315877
2013-07-01,687.5355995894641,709.5790623179806,77.98744747008327,710.202429872764,89.76393726739289
2013-07-08,693.1660291476405,717.0639617598023,81.0858175635578,730.6174912799104,92.94629631222696
2013-07-15,711.4819316770679,730.6460778516029,83.1985670178847,763.5983123831058,94.68372044884704
2013-07-22,724.0174138197905,738.1023748698045,83.01155604757133,775.9625530176006,94.54583919770322
2013-07-29,712.1680918836025,728.7156706744981,82.13964369650648,757.7238063363177,92.97287504118532
2013-08-05,714.4450311593033,730.4297363646433,81.9477437054247,751.3145051317736,92.8978083405418
2013-08-12,706.0105227995352,725.9301022642675,80.73387684328559,732.0347047275961,91.50111326398215
2013-08-19,710.5404299159035,728.5797334934063,82.72146802440764,751.9225018424544,93.70974958586568
2013-08-26,713.1410732819716,734.2335072477955,83.24478011858908,754.7680848077987,94.45910066526254
2013-09-02,725.6404966394853,748.3518937636861,86.92060211314295,781.8973171950257,97.33933210364305
2013-09-09,724.001756367576,753.2987928746073,87.3996312799377,748.3575025993271,98.24061094521795
2013-09-16,707.376861910909,751.5891114095012,84.53536034954173,718.8381343243391,95.81904651291816
2013-09-23,690.0854672331119,737.8935659955557,81.93259922654104,700.8260436200976,92.99834330266336
2013-09-30,681.1999759921148,730.3143761744905,80.95709981319199,695.4695762910554,91.30719669973581
2013-10-07,670.0189876550451,722.2120283166557,80.25966035427862,680.6212766402648,90.97528238038456
2013-10-14,668.0097583034533,722.5977384798732,81.44776252583475,687.2822526078417,92.5800667184105
2013-10-21,666.5351443621918,721.2693368096469,81.04201873414766,692.7353663010555,92.68248209463071
2013-10-28,657.1084025382423,711.3269987913202,78.86730760496462,669.7044359862958,90.19275800092333
2013-11-04,652.3834315136917,705.6634496367441,79.47866925690042,666.5988359784087,91.28409399461546
2013-11-11,644.2569672705806,703.238980776581,77.6954506417956,659.7586178960058,89.75873620962548
2013-11-18,655.8204698016951,707.8792587705041,79.68440875670386,681.6922250551381,90.44384096703457
2013-11-25,662.994989797748,713.6278610781842,80.92332927176399,693.0431318186211,91.42563338942034
2013-12-02,666.596670306646,721.7317212884033,82.29944047981823,691.7534759641123,93.18869857733367
2013-12-09,664.8399967853657,722.9535519272679,82.01832031445,697.5148005620932,93.17102756657525
2013-12-16,657.5342141215219,714.4183254504001,79.15987076668114,676.6696643330744,90.75079944945644
2013-12-23,,,79.99420968771867,687.9872345416497,91.38576779243621
2013-12-30,,,81.83152730389796,708.9652381631756,93.0104850802521
2014-01-06,657.632435346797,714.870566333525,79.76664693483515,695.3827663468128,91.49361082049614
2014-01-13,650.1872670813924,704.6802800005443,78.40229406774972,682.7916971507248,89.75582734517543
2014-01-20,646.2149585361421,699.7314928297948,77.93815692824708,679.0680760451808,89.68145437849981
2014-01-27,648.1223741911905,702.2182963223881,79.87830152060917,685.3799169309152,90.68095834086373
2014-02-03,647.8627629859509,702.1380986866512,79.51087899420065,685.4211754731812,90.79819285360699
2014-02-10,648.6005978085428,703.2553888131175,78.79499054041902,683.0402675210705,89.86985933869897
2014-02-17,655.8424501967978,704.4663776056245,79.60754682915771,703.2864976435994,90.64405556353266
2014-02-24,658.5728362489214,706.957947705459,80.1771395750307,709.3285259933784,91.31166327951708
2014-03-03,656.8920761607674,703.3649213222636,79.80961437992809,706.7959242763052,90.51479066115505
2014-03-10,651.3883070601597,698.7550006523678,78.91719987652259,730.6505973463761,89.50909758919688
2014-03-17,645.943570983724,688.8470354010169,77.64533670269523,719.6941883881248,87.478339341348
2014-03-24,643.3529070841837,682.3012613773885,76.74930212348458,709.0522271313029,86.49898786428878
2014-03-31,656.0994464057461,688.3953620199918,77.44039737712271,716.8771621781582,87.56702875688605
2014-04-07,662.2686746372124,690.0378938724115,76.6118329163465,709.5276571068683,86.71094901662967
2014-04-14,668.9307615875674,690.966790749336,77.05192045660156,722.9167662334451,87.19932953735535
2014-04-21,,,79.04869268666573,739.5913007211417,89.66876952434775
2014-04-28,684.9773020703453,699.7382573508045,79.3371121723053,743.9393717736234,89.7454157443386
2014-05-05,675.9342305147002,694.4606895221824,78.34887994447072,726.326547403929,88.22571181798106
2014-05-12,674.8792643233477,690.1213194107609,77.58826038899228,707.1733394205091,87.46096946099769
2014-05-19,669.5429717322471,691.2741912277487,79.70049537175943,724.3598713765855,89.3319479084648
2014-05-26,672.959558686906,698.2031483451792,81.45530552965305,736.6226359718711,89.667903265862
2014-06-02,674.4665240124976,696.4763986393916,81.52680246718276,740.0261718845369,89.2486587671022
2014-06-09,680.4745848398917,688.610249054953,79.98297593786495,725.8558908061225,87.32657649723068
2014-06-16,687.459578900411,693.0090202245515,81.97359551408309,744.8923542501633,88.93373900368343
2014-06-23,697.7047847546257,702.588864679178,83.89909597014778,768.174292501541,92.29629556431678
2014-06-30,700.1812061733008,705.0448724259202,83.24135578319088,769.4662469076277,91.55892177139212
2014-07-07,701.1288065926125,701.2929731763226,81.07635743070541,751.1211498096851,89.33232097106448
2014-07-14,697.6759204670093,692.7055921480019,79.02949792370953,735.6998052217891,87.54478791355992
2014-07-21,690.5500149333642,688.781951946839,78.17412545893895,724.0009642159648,87.35089499837589
2014-07-28,686.0982027376172,688.3817710545173,78.85347150065664,723.129630840144,88.35239661234873
2014-08-04,680.1136818734587,689.45901683524,78.1710899948686,718.4131677446348,89.12773294443085
2014-08-11,676.0643858356044,693.1060737262346,77.7212265043178,698.5155891735673,88.07669532305391
2014-08-18,670.8065187770885,689.687154248619,76.52350886331364,697.8435135494649,87.93937262644457
2014-08-25,666.0289058417285,682.5459686660536,75.40039389559539,697.0993480785116,86.67892392128174
2014-09-01,674.0659095732734,690.9048728329145,76.43758425051877,712.1334124650664,88.1253106676755
2014-09-08,674.0556585709401,688.2609605160162,77.07550262400147,689.8164933555988,88.42117736096175
2014-09-15,674.1997124105742,689.0566617763553,75.6700151572411,680.5818207784723,87.09803155952822
2014-09-22,668.5892052572508,682.9032296363314,75.09928499558103,684.7384269392318,86.42109879680547
2014-09-29,665.7176073703374,679.3393616312228,74.46017074073471,688.9845241536734,85.38087377063012
2014-10-06,664.053489809579,676.813147747267,73.88233416064597,672.099933289388,85.01414251010667
2014-10-13,656.360677065327,666.3973347911182,71.34345851462221,634.0016477595716,81.80993917467352
2014-10-20,616.797511752617,640.3640569089353,66.99041965123153,596.1682223007003,77.9475657751075
2014-10-27,611.9908607682306,640.3487022940644,66.88094806662409,597.2450647030735,78.04588337263428
2014-11-03,608.6467917614079,640.9899022841458,67.27674342478208,605.34767597467,79.17362980020931
2014-11-10,606.2394340641059,642.3371606950107,66.24155608738084,591.5903493548537,79.07481090900617
2014-11-17,599.2432967925539,638.9462620983107,63.36566407801172,579.4494265872138,77.53108934221129
2014-11-24,589.8862684348858,624.5604453479259,62.22617471489425,565.0155339239043,75.16298054804206
2014-12-01,575.0684918074793,610.1293456697819,59.68857464374754,550.8597482878731,73.21274523439197
2014-12-08,544.9238741682259,586.7564774556596,56.576208153288135,506.14298272900305,68.7441353116695
2014-12-15,517.0089139241484,562.6084711702672,51.48319061136107,461.58397336155014,63.621826862096235
2014-12-22,,,48.44102495951005,432.5554559236578,59.75777430094403
2014-12-29,,,48.11191772545216,433.0003258435445,60.03747137937711
2015-01-05,476.02795225038903,521.7962344520898,46.15827113558224,410.1919237838937,57.85552334649846
2015-01-12,453.3008601875206,501.5005795895922,42.560322479507704,389.37717997212206,54.60829423577151
2015-01-19,438.09802825258544,482.1462926192203,40.01913043426231,379.3178877964493,53.477180353432324
2015-01-26,438.02928110099043,481.3935207900453,40.329721961297636,397.3654497103251,55.560021554720514
2015-02-02,443.8812656082713,488.06602399775966,41.699006813165546,409.44720581943426,56.62016599228732
2015-02-09,476.1557285839229,518.9830794481552,48.45891575780198,466.063277504153,63.31219152901356
2015-02-16,496.5480015712738,542.1674823904217,50.04102761652546,485.12703713494574,66.54241528714647
2015-02-23,507.2851204227251,558.1947797598001,52.496586117684686,496.70688920337204,68.24744702923654
2015-03-02,519.7451601897558,567.3902248626442,53.111892457565,514.7681580358528,69.52145497114995
2015-03-09,535.262011466869,571.9067970224752,54.50627419834509,562.450689351426,70.7269974863775
2015-03-16,545.6558875164981,571.2676285768132,52.857227131333914,558.5640885597852,70.08001584121072
2015-03-23,543.6478646175897,557.2764583633884,49.30813053630347,533.9435047789755,64.90082346862184
2015-03-30,551.1659617606166,555.694030733495,49.91167421215541,551.889839876267,65.51825366951269
2015-04-06,,,50.289480000153006,540.8222352235858,64.90603142774516
2015-04-13,553.642102289074,553.3495976888793,52.691312302852204,552.5018220333691,66.59987135957128
2015-04-20,570.5985706781871,570.4526629051135,55.69237963546482,583.1400876290646,70.35259471956998
2015-04-27,584.6502822076325,582.4710090477746,57.010032116352626,603.2133848700886,72.01344424202837
2015-05-04,591.3320068847354,586.577235397618,57.58471901724049,605.395613976485,71.88223154637822
2015-05-11,592.8902472341356,591.3662116853624,58.13606396218802,597.5240182931366,72.90251181491827
2015-05-18,590.6047051159843,589.116058192403,57.88498115202189,594.8469203754833,71.72650922642988
2015-05-25,593.454770479498,590.4928108811715,57.93085123451026,607.1925870128418,72.50607632147023
2015-06-01,592.2006472123401,587.0060510530866,57.39551494924531,609.2583628096344,72.0378278788559
2015-06-08,594.996391763937,583.9612975184328,56.45227328109537,597.6664095503502,70.10673108892207
2015-06-15,602.7755596374401,578.0521959883587,56.14088805294705,608.9854160137102,69.90593491849279
2015-06-22,606.2211269270298,575.505059302665,54.71768800874061,609.2560098986412,68.85070497931375
2015-06-29,600.9240369732263,572.2195112279759,55.09991774865362,602.9331427905811,68.99400740080209
2015-07-06,603.8551691596783,567.6955262794073,54.475765413532244,603.3047040713075,68.61041700474986
2015-07-13,611.7468319889747,557.9764960123179,51.32909376883216,586.286986755634,64.40813936091982
2015-07-20,600.0039149400894,549.540622410589,51.95682182949779,580.9106936729695,64.43957275544494
2015-07-27,591.5243241934229,539.5356617974314,50.414716904557416,578.2505313806462,62.66787588340069
2015-08-03,579.4540080100489,524.5933824419049,47.248864353606315,566.0475713670503,60.16437943592238
2015-08-10,567.7255536500112,514.8956365154278,44.728462183400204,517.6342210018723,57.88772536271669
2015-08-17,550.7878126032596,506.50774267619875,43.88867746066247,511.15739852756667,57.389826903827085
2015-08-24,523.0024042529775,496.4230485026005,41.152832822640065,482.6725434652095,55.68675759550306
2015-08-31,494.36994489051943,476.28420138598625,38.37203604361274,435.77978151706867,52.17915888618461
2015-09-07,497.23343986094443,489.4782381058245,44.12596223904316,449.6393560043899,58.04507984533492
2015-09-14,496.3736343599245,495.0196305242254,42.19392224279663,437.3644151051155,56.66124057669722
2015-09-21,487.5569248408013,487.3241866036591,41.22071809705032,426.43989861378157,55.30478871528305
2015-09-28,475.92045930042957,482.1724304172422,41.725983243543645,439.7883428708889,55.99031382547074
2015-10-05,468.75737342310475,481.3361548337596,41.735462863687104,422.64997177193646,55.20847246498225
2015-10-12,474.9302863934467,488.09248229677746,45.42777572207787,437.7377769177098,57.43246370867657
2015-10-19,461.55608963396537,475.2110753308644,42.78756773156324,413.3940692755201,54.22538096737374
2015-10-26,454.2163987859254,469.3076906610972,41.441267626467706,402.00699932851165,53.201140791552234
2015-11-02,456.99394214339367,471.6289985599202,42.16328260823023,421.36154267075545,54.523163630935336
2015-11-09,470.7820582033746,482.85086513489335,43.65303041826229,435.7831993536562,56.161817454327846
2015-11-16,472.66746929737127,483.236958170718,41.37959057464756,421.68713789542,55.008376464969174
2015-11-23,463.3998883860666,474.8083225630353,39.48647535961153,404.5617153564701,53.20414457384953
2015-11-30,467.23637357723385,474.135791663113,41.19833813637473,434.03238918765675,54.02830740897033
2015-12-07,462.0896752582831,462.1199407984937,39.75962289210029,419.8887949997429,50.29748510961226
2015-12-14,447.4016085766375,434.4846076281616,35.782155800771704,392.9412190923475,44.534257190175936
2015-12-21,,,33.117307696811146,390.5951447066209,41.757520565008335
2015-12-28,,,32.68287222971469,379.09866990812316,41.25669935129336
2016-01-04,429.33308060974844,395.1318369177086,32.6976139828616,380.8823112635679,40.933108506312806
2016-01-11,426.1941179592123,394.46305958953195,31.230908694477943,381.64131973298925,39.297803276244245
2016-01-18,409.90860105697897,373.8668152374293,26.557404450763066,344.4156583036901,35.299466627805096
2016-01-25,406.3409504971383,358.86069573866035,25.849582942970926,338.7948796289735,32.95065986256953
2016-02-01,407.88131594508593,362.86100946996737,28.788724925736325,353.12600499378755,36.17521850338904
2016-02-08,402.5248520568092,370.54054562346585,30.475800292518066,332.1527681138408,36.74759664929318
2016-02-15,370.5411174101855,354.47741383392713,27.94114056927553,301.1415387291848,34.72480720613627
2016-02-22,379.19863810825336,369.32033608718814,29.76769310004162,313.49454123418775,37.86169476410474
2016-02-29,380.98065956261655,374.2604918288353,30.82765654706832,320.47153567233096,37.969051248261756
2016-03-07,385.16647986086014,384.4663049602666,33.69309360537909,378.3098563366665,40.54578883397769
2016-03-14,400.4498063536439,403.8717486697738,35.752367374134785,417.3997547094479,43.88064165425071
2016-03-21,407.45189832738936,409.8171524079155,35.16761301305746,411.5376779960675,43.68765614654809
2016-03-28,,,35.783325432036726,421.46359079098363,43.90733163048169
2016-04-04,431.073354809655,405.8767711072558,34.15770342943864,410.536793556438,41.219118797648264
2016-04-11,432.0062541599948,394.50490067852195,33.81636092770213,398.3110317281295,38.95225563859266
2016-04-18,444.3698843584064,407.14349055415664,37.55677991842348,428.5641938489809,43.64304265991657
2016-04-25,451.62955330203073,417.66130343136007,38.39405500302568,423.1561525396998,45.80391062842108
2016-05-02,460.32806148003164,431.4654250330913,40.08864761970756,437.9331325607832,47.90753628223155
2016-05-09,457.1867734672084,432.6839109659337,39.04729822843776,423.0953816195034,46.82825225084573
2016-05-16,460.98859069051656,437.5616944587834,40.3659772529716,428.3499535384004,47.716270111389555
2016-05-23,470.77273831598467,452.64937670006543,42.957196673775584,462.5279596595751,52.09763784147788
2016-05-30,485.6234366272712,473.4234242249743,43.76990565360403,474.1842092034009,53.698919260999844
2016-06-06,490.31956246347704,478.85688297711124,43.67613934215278,469.04739901377616,53.847002980607996
2016-06-13,484.41760408016216,476.4295862950855,44.04089857312188,456.8085757115153,54.185547502124564
2016-06-20,474.0247574665148,468.7922091410307,41.97295337426833,443.64091661355167,52.39628155226884
2016-06-27,483.147022478975,470.4200390430965,43.16183752542364,459.96371064974585,53.1320396745442
2016-07-04,478.74926495379236,470.3362980280804,43.230295717574556,441.4688572522235,52.741759063844164
2016-07-11,462.1331118674251,460.6156993709966,41.81152850732131,415.4792507021606,50.81496723630444
2016-07-18,455.5389250298712,456.4760670279988,41.240695999357214,411.73402848896893,49.64143148502472
2016-07-25,449.5884079809121,452.14391903985364,40.99810047782801,405.32997160979966,49.4392277022805
2016-08-01,438.8785860208822,436.9471128041217,38.186956741095536,386.11972763026426,46.23740783350543
2016-08-08,434.8457899894023,427.9969755449659,37.68535093151205,381.11075614498355,43.81408696942652
2016-08-15,437.9757522230215,433.90403342955983,39.7488248824245,398.39433936499347,46.84806936174958
2016-08-22,450.51597233393204,449.75784646110407,43.29711763165005,423.2133325713833,51.563456352628705
2016-08-29,457.29220505038546,458.19653006322494,43.15764235968466,434.29606871469593,52.05025802711126
2016-09-05,449.4816385804931,450.97157339023386,41.77271247934922,412.3910696896738,50.1787120482678
2016-09-12,460.6040028115699,455.5187088039485,42.15367135077717,404.97884293892923,49.804136296800664
2016-09-19,458.88743925428275,451.28401526591324,40.63510286956748,410.89024138272816,49.633369077413576
2016-09-26,458.63363137266845,453.4976644729196,40.54035945499807,414.3793650858549,50.51416478178826
2016-10-03,462.68355440722394,458.47980329948405,41.63325615509411,423.2788772471249,51.30963503461135
2016-10-10,475.5804676055735,474.28612013873203,44.81105064228683,439.7386118090246,55.37050163132341
2016-10-17,477.4391392535577,485.43870729581073,45.8760960909331,448.28129226518877,56.93531072428048
2016-10-24,478.59728024018784,487.9829633714602,45.78413055141787,453.20964953989534,56.88825707137346
2016-10-31,479.8566306841231,490.1348783296455,44.49498103807402,451.1175610252709,57.03002600761696
2016-11-07,474.5782792226709,481.99060574196426,42.14427037860512,414.44868258810385,51.93856700958315
2016-11-14,462.79957185595794,469.9164022945103,41.127696164127045,403.01895225394594,51.09228726638192
2016-11-21,459.48296149141277,469.1445817116225,42.45670834609211,413.1826770391137,52.583883728177284
2016-11-28,470.1289636501139,482.7472244955985,45.301106690509144,441.4977129033258,56.21647490289945
2016-12-05,482.886385830527,493.10016397858413,47.05976033962209,456.78626341272354,57.1826770217731
2016-12-12,494.61089288784234,507.42625955962984,49.614584928568924,475.49612719773705,59.291204249152486
2016-12-19,505.52275204468265,521.0687868046082,51.22836507470944,493.03599775289683,61.67399670841752
2016-12-26,,,52.14916043656414,507.09965129919584,62.84335524635994
2017-01-02,525.6972357817724,539.6040166080686,52.761417808432135,515.3631223629967,63.939977550308605
2017-01-09,531.7627145469637,544.531698893164,53.282260729971334,518.9410490327073,63.17216718068814
2017-01-16,528.3173561542018,537.9321954225122,51.37266339977988,509.9111071956927,61.08637651704239
2017-01-23,527.8174546429966,533.5754175069973,51.044084016728405,509.28435691846516,61.328828636428625
2017-01-30,528.7350559481393,533.5020497490245,51.208500236682895,508.5357009011623,61.18372109711358
2017-02-06,531.1116206820899,534.0649889303634,51.68893142969233,514.5634239142961,61.81493018892296
2017-02-13,534.7863761571816,535.5435701299867,51.493786761718695,520.9979252385892,61.69017121670926
2017-02-20,538.7052026159921,537.44617400347,51.90471528415721,526.4592348872841,62.39064095494541
2017-02-27,537.0248346649623,538.7209523944832,52.83399175249458,525.2590795355399,63.151032229663485
2017-03-06,530.9591567727836,537.5957182485561,52.260647774873426,522.8178944055046,62.354144296623964
2017-03-13,522.8113515442277,531.6692431984313,50.06424980681173,516.7813354881383,60.3305559547798
2017-03-20,507.92348907243814,517.3170888790728,47.808951890739486,488.2930887338879,57.03490685943702
2017-03-27,501.75721384928823,508.2945677025163,46.72799235941524,483.2120609691234,56.27888343771828
2017-04-03,512.7839484299342,510.0594250777439,47.89432062230076,500.0788215482113,57.85873121675017
2017-04-10,526.9138768830254,521.2310726231646,50.17272876145813,528.4554988409474,60.59611837245906
2017-04-17,,,51.724801629011594,542.7341064818048,62.6394355006684
2017-04-24,536.3923693492796,531.0637034017138,49.37245882531028,524.4686284886692,60.79326065556982
2017-05-01,526.0532100881163,519.0260071825141,46.86217927614618,485.732882387287,56.80737159746367
2017-05-08,510.44448669652763,505.00239047543545,45.340346200731155,465.47995738357724,53.94147820123161
2017-05-15,507.5583852979195,497.268770775693,45.38196312110763,471.83360911490655,54.3052878259002
2017-05-22,508.9258602227743,500.2646115297955,46.60928904278679,485.52356245392394,56.13975439817416
2017-05-29,509.5516739477054,502.67952587062973,46.928381382530176,487.67626844441077,56.94641708755266
2017-06-05,505.62894309490366,497.31067750867584,44.96285041097828,473.1580603848214,54.10519382677809
2017-06-12,495.9335504268288,481.14916938961846,42.72536139797276,448.9865055821257,50.92020066077664
2017-06-19,488.7430019841524,473.76968595542013,41.76645579853914,435.1204176443054,50.755785682194706
2017-06-26,479.9809055195713,466.6927985973834,40.43986915308141,427.6875319691818,49.9487605416967
2017-07-03,478.0260284272899,465.1735026798552,41.06581155946124,429.6563912897359,50.48064216967036
2017-07-10,478.87210879850755,471.5312358691989,42.23194924035786,440.36820071866276,52.37825143378866
2017-07-17,479.63025846529035,472.6192110531675,41.55243183586943,437.0738087977264,51.53849529336817
2017-07-24,481.8715679898907,475.66947986279916,41.68034121041639,444.24024981555414,52.679570829054924
2017-07-31,482.0781254696243,476.53299394374295,43.035738916958984,448.09903015005966,53.89139666269798
2017-08-07,488.8019787521911,488.1173451005703,43.68765421048047,459.43105852623603,55.547936834357145
2017-08-14,490.5392185738997,489.5274461790587,43.95344831526147,457.85483557813575,54.98565834912277
2017-08-21,486.8801441109917,484.65499446411894,43.15253511850552,453.881579028947,54.028155665707786
2017-08-28,491.4683784568727,485.15413744578854,43.553587629774796,460.16950423906155,54.263438388743076
2017-09-04,508.1834715040348,490.4127146379875,43.252642424190654,476.4348335750977,55.92320733064416
2017-09-11,517.5931997474503,502.4254888751618,44.56602716065838,452.4014797396705,58.388123952258084
2017-09-18,511.56853758579877,504.9106880108116,45.77846649601501,457.1845711655412,59.2998017314507
2017-09-25,508.73766737195484,511.03529377839345,46.578935664771045,461.03588682339443,60.15470438431375
2017-10-02,508.3890716449052,523.1660579532831,48.85699979252674,471.8730684479868,62.560692578562715
2017-10-09,503.32596635270534,521.7996239112731,47.78416482461182,454.28552072086603,60.611297343325624
2017-10-16,499.7010656775419,517.4865488845649,47.77212102443987,454.89981235636424,60.03763029788769
2017-10-23,498.58025434089404,519.514241834911,49.22011566181108,465.00241939248133,60.89916643899329
2017-10-30,506.7054877647664,523.6543717087992,50.052951437795315,482.32467451653804,61.32983742598138
2017-11-06,521.3894344918007,533.175092811134,52.37251227840873,497.5803991883039,63.38498034902094
2017-11-13,517.8125681505248,533.7289818614103,54.801703868766346,518.0684990744148,65.51620778561905
2017-11-20,520.1925637259525,540.4818063589366,52.49528090047509,499.0744528412286,63.76674901190556
2017-11-27,519.5606986811405,539.8411080927868,53.21132116716615,501.17140551353333,63.84078072865535
2017-12-04,516.7479917365066,539.9673860404877,53.16321610512286,502.99726713669423,63.736252653889764
2017-12-11,509.9629264269828,535.553698051356,52.90254534374176,493.17097140517797,63.0509473682803
2017-12-18,513.92974970064,541.1137090073712,54.547331010717,501.01176060321706,64.68342840289687
2017-12-25,,,54.204419596849846,503.01776836009674,65.02086050324759
2018-01-01,522.3691383132096,552.4990687776886,55.46081880832601,511.54534703609033,66.93382926347263
2018-01-08,526.0574916071968,563.3952568152251,56.18875262141859,513.1380727600215,67.35752470026839
2018-01-15,523.8014022614148,562.4263440471764,57.643741232582784,528.6935848446352,68.07221444727467
2018-01-22,524.0136733971043,562.0310619128168,56.71719587501025,525.1010714794172,67.34689170884094
2018-01-29,530.2687513254394,563.2976414744462,56.49895866183541,534.1232304334919,67.60910381909153
2018-02-05,530.6471998553093,562.354638547562,55.32878741975266,528.2679027525594,66.31130179330246
2018-02-12,521.9548996501211,553.6001079623328,53.01036824666612,507.37153665002296,63.39779605034046
2018-02-19,508.52397680004435,538.2683058042056,51.28889099877931,473.31280283769075,60.16348275470226
2018-02-26,507.78841180690864,539.8703449578807,53.254095033532415,486.76226860316274,63.32187223101155
2018-03-05,506.9895753134553,542.531732164836,53.249463300550886,502.3427107124536,63.46006772822858
2018-03-12,497.36754321336286,536.6239933887549,52.46920995030619,516.6908883119621,62.14041402544075
2018-03-19,496.7545138611024,536.3466177111062,52.48218723206755,513.8664860655282,62.53561429700621
2018-03-26,501.10592532764144,545.7960586329119,55.20276087401678,533.9745382600006,65.64280009861223
2018-04-02,,,55.94693845260772,538.9850691087861,67.19701304853179
2018-04-09,526.2564238867982,556.3299336704699,55.11145925930218,536.9168003888791,66.71047456813908
2018-04-16,536.225931507334,565.2868229491503,57.819432211761026,550.927292271612,69.21654187880242
2018-04-23,542.3753363620998,571.9129678516504,59.08466144354777,557.6122717860904,69.48890762536715
2018-04-30,555.2218790475141,583.2766042882778,60.72992637488902,577.0932262590136,72.08248659874859
2018-05-07,559.7365470861666,588.6299831101388,61.68552636876084,584.5474263241191,72.61087018729545
2018-05-14,575.2706737776759,602.7951286517816,64.19274028521535,606.5997250052926,75.61901683433611
2018-05-21,596.2430061885781,622.5353294218892,66.09131355073926,633.190524260787,78.5158915426363
2018-05-28,605.428965395115,634.3753917419904,66.70553599113751,641.2533652198025,79.55466206578083
2018-06-04,606.0356983300416,636.0947236137644,65.32935801549306,623.7844332543983,78.2033960135662
2018-06-11,597.5888767249556,627.0264351862135,64.0813850402649,602.6288873521905,75.89678730430657
2018-06-18,593.7381589970889,624.1798576011946,63.921371878254014,601.6043999870953,76.06164998215742
2018-06-25,587.4537735844617,617.8884978770822,63.758778301208814,589.5235725891114,74.63845106959961
2018-07-02,593.3075863327879,619.3148746223998,65.73162279296034,608.4875788573279,76.11382969521523
2018-07-09,592.403699095799,619.7867308488221,65.9962013512056,611.207879832056,76.46274340627251
2018-07-16,591.3836852201576,618.3482840373243,64.43358025282548,610.0635365320217,76.53729433680891
2018-07-23,586.473107362256,610.9076824352353,61.64977001243595,588.4963851246264,73.28606406872659
2018-07-30,593.1804919429521,613.1466479175576,62.95087476468692,618.0302948257233,75.77442675355714
2018-08-06,601.0886522749314,616.405406730892,62.678030033343056,610.749927275722,75.06042118388307
2018-08-13,600.9428202052783,617.9701074413784,62.50781166334491,600.3552762083058,75.83225715095641
2018-08-20,602.0576197075588,621.5204417944664,62.27797870366766,603.2561067904987,76.39817423939967
2018-08-27,606.2706458692396,624.5019108131884,63.48417896874018,608.3801529224137,76.85881179214458
2018-09-03,609.6516555673641,631.4162752367383,65.55591220035123,617.7184776985047,78.89789396999029
2018-09-10,617.9483413325105,644.8959487767061,66.2977886221029,597.0864175111283,79.6098632825987
2018-09-17,618.162031558964,644.7220634654861,67.51870508940648,602.5321010616678,79.0458544496519
2018-09-24,613.8176748821126,641.6563012896672,67.02396960043237,601.7849354167034,78.75316895040565
2018-10-01,613.875627259694,647.2112520366419,69.69174460122872,620.3239755298949,81.87578421125117
2018-10-08,627.8585038462728,672.7690218708965,73.7653424586811,643.3452535039679,86.27743039230234
2018-10-15,621.7002720097182,679.2777343826444,71.63922345297608,610.563739096895,85.66296479815608
2018-10-22,618.2447161378763,678.1062820053295,69.87585263102878,585.6166259458812,83.29920818728813
2018-10-29,622.4819029435131,684.0904402003496,67.26275128703219,570.3516238140174,83.29820818869361
2018-11-05,621.2933279099415,688.5736655604072,65.09790063873528,551.1789179259072,82.4689326101895
2018-11-12,609.0929970956084,679.8483773790757,62.049425964887675,513.3276119911645,80.30685755146733
2018-11-19,594.1383653959421,666.6094681552254,58.160354725396346,492.3904503100272,76.62322665867904
2018-11-26,574.607614944303,648.6603642602678,54.70492344987798,459.4310029339339,71.37908552714201
2018-12-03,553.5259038490183,628.007286856226,52.183107278397166,438.1145335248704,67.35138245836293
2018-12-10,535.3838777735207,611.3078965950399,53.09413592528669,447.82478113120044,68.52584690846507
2018-12-17,520.7519285638597,598.0439849371313,52.452129211728106,445.11971464685513,66.94451282914308
2018-12-24,,,48.39379447613361,416.07723362037297,62.75110942836072
2018-12-31,,,45.28340212305194,397.70544567312015,59.63397245110858
2019-01-07,482.7023285216384,556.402661544216,47.49459536966533,411.6016418596797,60.753252577011516
2019-01-14,487.35025468772324,564.4806161941952,51.45269636299955,432.95634270182074,65.07120206623354
2019-01-21,488.1236653245249,574.0650285874528,52.846192946223915,440.29970352543705,66.70944800505737
2019-01-28,487.3529939955267,577.4863865192111,53.86724284398899,439.8995127194231,67.25088807344191
2019-02-04,488.1998456244537,580.1627904325618,53.29477138099876,438.29379552031406,67.3676369849925
2019-02-11,490.04491271368863,582.9942038574569,54.483916684996395,451.17677993745036,68.52274156128388
2019-02-18,501.5095659930313,593.4072684942753,56.23523845779859,472.403149954882,70.76538854554161
2019-02-25,507.52918769301965,605.2962236145556,58.542850867712524,498.3826590635364,73.24634106965115
2019-03-04,514.608171674603,609.5519130767178,57.23514312285543,493.1894564689207,72.95726000480823
2019-03-11,520.6813382700826,612.8234909713839,57.75019701200036,525.3411198911317,73.76916083745017
2019-03-18,521.7015808647195,611.4842308612344,58.911038255461584,541.4038568944128,72.58855974310265
2019-03-25,537.1646685894121,610.7378186832592,59.22448070789661,553.4289386080313,71.96890587333594
2019-04-01,553.2732991549746,606.3302595377506,59.66603174101317,564.5285517677768,72.36348053895821
2019-04-08,570.9982701494805,610.6826843646569,61.729181880801114,576.163093821182,73.45666492856338
2019-04-15,590.3162218071271,620.2874867833249,62.863699633078625,598.2478945491347,74.77449254643916
2019-04-22,,,63.202600114881385,601.8870464587733,75.63491366747417
2019-04-29,612.0630670700006,633.7948090654187,65.48988487987572,624.252790783353,77.16953082742778
2019-05-06,619.287950521356,636.2488681131928,63.90341825180661,612.8997667915668,76.70597503075972
2019-05-13,614.6113870681373,632.332304797406,63.24794415927971,592.4010209632945,76.23658599616908
2019-05-20,623.248112167704,636.4626776607664,64.81721068076142,618.9442785644102,78.02257376673612
2019-05-27,629.0910268535155,636.1169102862242,63.0904728670389,625.549991348583,75.5855014317744
2019-06-03,624.0308177299994,627.7335218491261,60.66518548830377,606.7117831590438,72.79602704132034
2019-06-10,596.2915168650741,600.3844038316143,55.62055605477275,510.90016052200497,65.97052067423594
2019-06-17,583.0881466734738,589.0612367982186,55.321646861851356,517.7365429981056,66.71268083819756
2019-06-24,578.0221191342187,588.7549910810941,56.05789486975321,522.1370991797079,67.96900316522007
2019-07-01,578.2646191322816,592.308651105627,57.13067477026232,551.6118858113117,69.87896189186617
2019-07-08,576.0999067111295,588.3267117476283,56.50122268923824,553.5467051620165,69.00006772221025
2019-07-15,588.4405702720566,596.3895163600621,58.46165188140135,574.5000514449937,70.5419631156792
2019-07-22,578.1710695275424,595.6560089172995,56.5841089439293,557.4030021546051,70.05107103639261
2019-07-29,579.7012082060514,594.8662641649177,56.433275767593344,554.3192160168128,70.7160887285252
2019-08-05,581.4065678630112,597.1537230731244,56.60217493861144,552.9318949917008,71.23393661543773
2019-08-12,563.5946636932892,582.7949256072433,52.008410813119994,494.57263651934426,66.17025001006797
2019-08-19,560.7117750304936,584.417111013426,52.88506479859753,501.3318008423419,67.83104119101483
2019-08-26,554.1859745962237,581.751249119851,53.63732075931193,506.0517214267775,68.25081644226081
2019-09-02,549.3028933082326,581.2159018375465,53.838562982543536,509.96102352212426,68.3796115689825
2019-09-09,548.6939795779442,586.0982223391692,54.75260206258622,479.70448460927594,69.40081522641135
2019-09-16,549.9032861639772,593.7355576438501,56.0573785442812,495.83867476535727,71.7567281637653
2019-09-23,565.6095158011631,611.876744674321,59.14989503078861,531.2421153806711,75.56705319626674
2019-09-30,561.6894624625037,611.1347603993976,56.87435164862045,517.5934181644419,73.80233111320561
2019-10-07,560.0466116660359,604.8424830088533,53.68411676245826,485.2742813753942,71.06840981504081
2019-10-14,553.7264545256525,602.0741312065908,53.658148579777745,485.1897090355127,72.05781377324976
2019-10-21,546.5437408210802,599.3418098217003,53.159867166733406,485.10516029814437,70.9039698821741
2019-10-28,544.4334097192916,598.2420850911723,54.05959696479188,495.66907044633325,71.6319971234461
2019-11-04,547.9464388286153,599.5809026804695,54.46252792722347,500.28535957553595,70.24700677013811
2019-11-11,552.629426300384,599.8601690748734,56.59611750815316,498.86875842175334,71.16556550203047
2019-11-18,550.531075010726,599.8470643826637,57.154772470963074,502.38263681855767,70.96267254696252
2019-11-25,553.7654690407744,599.7412109085209,56.43368751355678,505.434636684928,69.84497138207118
2019-12-02,554.8962156106281,602.0744051513739,57.322153065158,515.7051948452327,71.2310770376727
2019-12-09,551.5642954931832,602.1533385020681,56.712186336519764,498.6848925635812,70.22738659529634
2019-12-16,547.4284488319839,605.7323968815042,59.24852952309006,508.7865002513402,70.90569442664751
2019-12-23,,,60.55476998605094,524.879526318192,73.91340965892508
2019-12-30,,,60.35702890466136,539.3785558937952,74.81850728183588
2020-01-06,570.4495003651189,637.4936180355024,59.94749173363565,529.8271835666641,74.27071146229298
2020-01-13,566.1767262981886,635.7486804719464,60.017718743974285,526.732190369087,73.12516612699648
2020-01-20,562.6139523991541,624.5520503795997,58.18428483189685,516.08010859127,69.49759352354064
2020-01-27,557.4296572980471,613.3495355000779,56.43444019611926,501.1234432321183,67.49247670941364
2020-02-03,550.3536975214008,596.6561538243146,52.67589200961176,471.12742259287097,62.601862680832184
2020-02-10,545.0686134743106,583.0661151702532,49.00088323745905,469.3171109462522,60.9296767211266
2020-02-17,545.3790959947269,578.6230849715685,50.91250322295492,483.969937308941,62.0012740587326
2020-02-24,551.2826168816134,579.4836141120828,53.65467882879716,501.97851130512737,63.61279604836765
2020-03-02,532.1609033396867,564.5871472561896,48.242088288639934,446.2734616957803,57.23592294007617
2020-03-09,515.3008516267028,546.4257878656786,44.90402001388577,433.0027238399969,53.958698890364815
2020-03-16,471.5577378456008,505.1147297844736,29.878553789346995,293.3878507776142,43.37660822062592
2020-03-23,439.11892766069536,478.84982383431066,24.190507882677757,193.37457458875082,36.18055826452324
2020-03-30,415.87878501253454,466.75926479516255,23.997924828228076,166.3368173077347,36.92943324209222
2020-04-06,403.5375862668031,458.05158745993185,21.728534406861886,178.9024911431957,34.96240855703052
2020-04-13,,,24.910716109934945,199.1169056259461,36.923648970975265
2020-04-20,386.82857800905725,441.11290230752786,22.20357018995763,201.81835571271017,34.15026634730343
2020-04-27,365.8480282376681,419.61006667908003,18.517597591864888,156.43522622957457,27.863700328875836
2020-05-04,360.5607309685254,407.12777347920536,19.23809540049724,169.60308832729197,25.842775914031854
2020-05-11,366.186600977088,403.76516566635223,25.142117615940823,238.46836935697092,28.774100660243143
2020-05-18,371.38959935002543,403.06741107370607,26.700603828142665,249.81772189327984,31.06351548498976
2020-05-25,384.2171291051876,412.98313997106294,31.455618348253118,285.7252644611505,36.30797475416043
2020-06-01,390.7443339662496,418.0253002336245,31.847494460085535,274.9542744721811,35.35804066529111
2020-06-08,402.2122293591246,424.22170814339876,34.51516448239461,306.24357775880236,37.04047496662113
2020-06-15,413.81939240705606,433.54071036711383,34.74008750550925,320.1815473252039,39.433881302918046
2020-06-22,428.7347888154823,440.7720332421778,35.958960789731485,334.174238827802,41.71192865240191
2020-06-29,436.56293824390633,448.46354332924074,36.228809219306086,336.55961985345056,42.08235143173035
2020-07-06,446.9920288370777,454.5264352982216,37.074286322038176,335.74487093857726,42.67353793179014
2020-07-13,454.8285735821694,461.0342145976674,37.69839845980819,352.415660710337,43.76769314293315
2020-07-20,451.19023081033254,460.0238196456915,37.788900158976354,345.07792014469686,43.47168454923771
2020-07-27,455.34656866860183,464.59123857826904,37.361636500541906,342.20685731431104,43.93033412268561
2020-08-03,446.9528498255301,458.95817772448567,36.369599446615624,321.9264348039316,42.08082054547624
2020-08-10,446.8563608131084,458.65636807138117,37.119382229488444,327.7410318572448,42.58405462814436
2020-08-17,450.0357842459922,457.83795499085807,37.452521527948534,337.41769871442824,42.67701398768319
2020-08-24,451.43533254971084,457.49140672179016,37.19964835497827,340.1253254843738,42.221876749039815
2020-08-31,456.0103743731984,454.4600152507712,37.92305502112647,347.7782026782079,41.97944860772413
2020-09-07,453.8740742347824,448.8116207206168,36.442912772232035,327.4220801274638,39.66748108593198
2020-09-14,447.6160137714861,437.39396762664666,33.571657897371004,306.6397524579909,36.321411854705175
2020-09-21,448.160552413567,431.7729573369598,34.66501703300405,319.94668415266386,37.332247221835345
2020-09-28,446.98087936602565,428.1762739236376,35.11923978940545,326.2589646377208,37.161234030104985
2020-10-05,448.5379982715459,427.8950550515631,34.21102171373589,323.2346650112024,37.0928129798974
2020-10-12,450.9152183735087,431.3470514282084,34.940959861705714,328.6221746182897,38.668142023646666
2020-10-19,446.7057943290047,432.2552425486149,35.31694072785089,321.72139887509263,39.25985503206651
2020-10-26,437.8419694281449,429.30790595542,35.08128585687401,314.06083222671134,38.13278700310284
2020-11-02,424.4877536572384,423.7996533606594,32.78679709170459,292.7525140525922,36.04144605977358
2020-11-09,419.680440908979,423.01909731127444,33.39305906811872,291.64873577915887,36.61110986604722
2020-11-16,430.857644676538,435.91240809604693,35.908744131192734,316.5675372478329,39.98550063856122
2020-11-23,434.8648607822548,442.58541173866763,36.587518816108414,312.9616548159919,40.36861866650948
2020-11-30,441.9606682447415,453.47899256929554,39.52197548189176,336.51974969612553,43.54872268640142
2020-12-07,442.4708120142062,459.0213540047262,39.54344824006043,338.0223273594987,43.58132450844309
2020-12-14,442.67089633058373,465.6200997631465,40.493978811752626,349.1893486572065,44.677857127691176
2020-12-21,455.33587110424605,476.2173143093469,41.69977999205904,358.30029489851916,46.458096654337034
2020-12-28,,,41.392856883567745,358.2304671935262,46.43009171330123
2021-01-04,,,41.59268505665238,364.84797683769887,46.52598800445021
2021-01-11,488.0113574281275,505.2894753381019,43.36446625509144,383.1177620652061,47.45003072280281
2021-01-18,503.2826720835009,518.554974682164,45.64681347566217,406.0002158229276,50.0734950319153
2021-01-25,508.2879612834694,522.2872417845117,45.40832641214136,405.88312377970226,50.4537281479727
2021-02-01,510.3597762214771,523.559077231449,45.42079437340552,406.1200733439181,50.003665452921254
2021-02-08,523.0003288519508,535.2018815186093,48.23605147887439,431.92248098961306,52.876530689147636
2021-02-15,530.1464008716539,549.3622797130813,50.62303064858884,444.547616917694,55.38427140851434
2021-02-22,549.0291587815464,564.5816854399259,52.42058238748767,468.8785190661212,57.833652792097425
2021-03-01,563.6731112922498,574.8800049091782,53.62469125460732,489.55985305651177,59.182394768555525
2021-03-08,577.1989606901891,582.8004546233439,54.22315710701548,515.526250960307,59.224630145797526
2021-03-15,593.2557868692874,593.1852107828879,57.17140711489158,541.3498827359153,60.830584166051736
2021-03-22,592.3957672744049,591.8574203219417,55.4992555167036,530.3616711347488,59.522931999706465
2021-03-29,591.1769468825803,586.4840190175661,52.674963821814174,508.6133527170315,57.20144434034002
2021-04-05,,,54.20881294699516,524.3332518599353,57.41538058562601
2021-04-12,593.4688030028617,583.1990373405738,52.409589495041246,513.6285455594261,56.59220411731197
2021-04-19,598.1319772112247,584.4297739504024,54.45066324856568,526.3782366967173,58.514313106490285
2021-04-26,599.9120999406977,586.6347581972087,54.44893348350131,522.4360896358912,58.35457289340693
2021-05-03,602.1579878012734,588.4486984044007,54.93338762122353,526.9867855687886,59.26088173798877
2021-05-10,615.0075515508743,600.2137723942109,56.782062472502716,546.9386212185572,61.408189169073225
2021-05-17,614.9655949826694,602.0650670602661,56.37009620031118,541.2582872652586,61.48921350155261
2021-05-24,614.037212091035,604.3382900039763,54.985022378492694,528.7970210201885,60.987993940065984
2021-05-31,614.3914737565749,604.0205178554332,55.878927708986694,535.573263347687,61.72793701741175
2021-06-07,618.5304712961737,611.5872325537138,57.71307875931832,547.0820671587763,63.41799562162872
2021-06-14,623.9149529711839,618.4608834552258,58.904106271063924,554.1045051554565,64.52925132816586
2021-06-21,631.7816255496941,626.985258501248,61.06713946216505,568.7738156340363,66.78078039607797
2021-06-28,644.7670811512787,635.883188244757,62.903112461124906,589.1254454192838,67.87794218948717
2021-07-05,652.5604887145281,641.8063940116127,63.496795679113504,598.2343465224388,68.20091813510244
2021-07-12,661.4871819807848,646.7430191173414,63.93685157879916,600.9789217224455,68.15671848381285
2021-07-19,668.0620296523514,650.8050461051425,63.676124795294314,609.5248368373528,69.004769825227
2021-07-26,666.8849259266275,648.4875878998995,60.51346239681427,586.212101033534,66.1937304314624
2021-08-02,672.9669632883232,650.1001536669735,62.92022798106542,617.2395901410564,68.63096523566608
2021-08-09,673.9680476925855,649.5184256659463,60.415267259544386,588.6236404534309,66.66707319258497
2021-08-16,673.3679318287844,646.5919256201545,60.04877158890573,585.6176830395614,65.80429274885796
2021-08-23,665.8759641290056,640.0829671156707,57.5435825852976,561.4994420570586,64.38280177177717
2021-08-30,667.8028167957492,643.8455536229277,59.57398712686877,581.2963719427254,66.95172032427088
2021-09-06,672.3973383132775,647.0716119745773,60.64802897385822,576.4591816021011,68.79799726898959
2021-09-13,678.1107311220927,652.834395009819,60.89464155176809,566.8670877617049,68.72083356613555
2021-09-20,684.010367612595,662.8412330608367,63.22618311221233,583.9612266095901,71.2516553064119
2021-09-27,683.6304947186363,672.5762030363693,64.52611658292416,586.0424630574668,73.1015223196923
2021-10-04,699.7872151628627,695.094087047552,67.69168245916462,614.6673394226814,77.42653207095158
2021-10-11,726.426417832774,726.2147743379323,71.11238366443627,639.1200237152791,82.24161679109295
2021-10-18,746.7240859341954,750.4571683069678,72.5852033145712,665.1040498961679,84.82660609762067
2021-10-25,754.0607679983381,757.6410597639108,72.69205546891507,674.7735231318102,84.73334465194536
2021-11-01,760.7010049408145,762.1305443406977,72.79323594708941,686.0383017208198,84.44483540095426
2021-11-08,769.5344188981888,763.6822913071031,71.49005908116925,651.7315843686603,83.1036331189141
2021-11-15,772.8659885017186,765.9823415828832,72.68799369984454,652.4790273778992,84.87542946289467
2021-11-22,768.7532824267147,761.9370103279845,71.74091606142034,648.7778574274149,81.1990878603648
2021-11-29,755.3303977576041,757.220518804474,70.32895956625265,638.7337090616293,80.04789392263167
2021-12-06,728.9438329719034,741.5824753373597,62.05388790108539,573.8734612649181,72.9380816170109
2021-12-13,726.4853976480875,735.6755465682498,65.82300544702748,607.2948390739552,76.80704598179156
2021-12-20,723.515043511511,733.9039412002419,64.99292644720745,610.5805276484256,76.7573801116315
2021-12-27,,,65.61423706342387,613.2970081411775,76.28736490796715
2022-01-03,741.5611809599168,746.555106857344,69.02956433306812,649.0587877085902,79.95462782070018
2022-01-10,748.4436018045725,765.2005297681604,71.14031374954943,657.0787409583913,82.91171111101535
2022-01-17,757.5131055938153,781.4925051902432,73.7828484210738,674.3512825617596,86.05864189082722
2022-01-24,771.8069321736383,800.6625108112152,77.25844453994793,709.7340895272825,91.1206764988355
2022-01-31,788.7800923528401,817.779609397896,79.05785643823182,729.9259784175041,93.20837023848993
2022-02-07,804.2724030120796,833.0396320930568,81.40423336514542,745.4960419014349,96.44456069323417
2022-02-14,818.2293591660317,844.6086579707782,83.3942913529053,770.592031030523,97.79637577184235
2022-02-21,825.4348756744228,849.9542952321117,84.48085695097322,781.4455419929325,97.54570174459948
2022-02-28,857.7380728731765,882.0534311998202,86.65924097477782,805.3282519185992,100.48100374714716
2022-03-07,956.4517348250604,1012.8775540596729,103.89144815321049,919.8193299852774,125.34418451892873
2022-03-14,1103.686536468653,1228.778575226751,112.01396074362978,1040.483075981952,168.09491991670743
2022-03-21,1042.0957958777883,1151.6638642859423,97.40208019232318,912.3057462020782,119.77441175244914
2022-03-28,1052.722273716107,1199.4073489121824,107.87606167540244,1007.1327340303142,146.413170349111
2022-04-04,1016.294159662095,1128.353240850924,98.72172054928839,952.7521989298069,131.9680452602381
2022-04-11,995.1418065678909,1086.3531437970184,95.31871320730667,930.1353817046668,129.9007649914056
2022-04-18,,,98.75634656030095,952.6595026552725,133.2403256386336
2022-04-25,1000.5734349268439,1113.4416177861333,99.31440524498788,985.4544774444196,140.1326410754227
2022-05-02,1020.1401967159155,1134.2640756000205,98.88440951916277,1018.5978544675166,146.81846923707957
2022-05-09,1052.82405178853,1162.1064584499888,104.33473097963488,1082.3921604863926,152.03747037964632
2022-05-16,1076.5131233791756,1136.6494809012715,102.27148170424303,1114.5416720081025,143.51010172019477
2022-05-23,1111.5273693799884,1116.3617286608783,107.6360078234864,1170.488730589112,136.5962848573162
2022-05-30,1130.8853822650228,1113.7354236763908,108.05532615641525,1172.7206875401585,140.56870908519105
2022-06-06,1220.1892293806256,1186.6915749714015,113.36552633391094,1248.5694641794532,157.58880473588016
2022-06-13,1252.9818985001732,1258.9845133839926,117.71216751404404,1274.2592129175787,171.87098510094395
2022-06-20,1254.9227088167481,1302.2523209293886,117.33660774648118,1245.9831140074434,166.7889395857169
2022-06-27,1237.5258046321076,1309.5478952645856,107.43139653598553,1213.287502701871,166.18289153253096
2022-07-04,1221.2095515739065,1277.488135910205,111.86505021416205,1205.1111075037447,156.01517587283382
2022-07-11,1194.3293366749501,1238.6630799802936,109.43828331597317,1102.485061032295,150.5435686819006
2022-07-18,1160.03235239011,1217.9669493426281,107.35900357893254,1048.1740454619348,151.44974506472107
2022-07-25,1116.0188720177111,1183.230549877816,106.04868363284213,1018.0386732232746,141.00868583303273
2022-08-01,1091.205503676266,1159.8787297957338,103.65794396045874,1024.8339349810885,143.4183931797732
2022-08-08,1049.053216651986,1123.0042333146432,97.75982618226801,911.7978465475022,133.7435012334513
2022-08-15,1020.8558927328849,1096.0394556700533,97.27287974220133,910.5929615565896,130.52600474810146
2022-08-22,1018.746986892882,1116.7989906173718,93.3390942399386,909.0179686891921,139.19627683324669
2022-08-29,1033.7745497297071,1187.267438700425,99.89405794388168,907.7199180877782,155.16227294373334
2022-09-05,984.6530898435846,1153.9596328166353,97.27851099404585,830.5083386655635,149.24790078443812
2022-09-12,955.4452409257166,1143.0832627847237,91.44975422797867,775.8824509691636,147.70168708000784
2022-09-19,930.6507602599737,1096.9391769380118,92.41402341234644,792.7475100402725,134.42546632346705
2022-09-26,909.6755944924155,1068.6072051876774,90.24221488300513,786.9675929444336,132.80119875187438
2022-10-03,903.0840876508186,1069.44086613796,89.13745781010161,805.9965141891998,136.042771972716
2022-10-10,940.4429242874005,1138.4081803874503,95.43224394381272,820.3349622700377,157.31959085212225
2022-10-17,968.8491726055648,1203.175858775312,96.33475603964396,832.4793308417626,162.23960892233524
2022-10-24,953.1503041090514,1203.242579763826,92.65136787385626,810.5620272488226,148.2065107041485
2022-10-31,942.7306758242316,1192.3338526648083,94.17399767715997,842.2344454143418,148.39600225968724
2022-11-07,956.3939281851782,1169.3840378913637,98.41904173589049,842.4484901564529,147.93812984215896
2022-11-14,942.711860996541,1130.1987621044784,94.31022137645262,814.7519971526796,138.2570046859417
2022-11-21,905.9753412711023,1101.8445489854257,88.32553271048101,755.4436314101397,126.6153609573822
2022-11-28,872.3990543891497,1060.5814225622028,81.95054961070666,714.8670781791632,120.10192985456547
2022-12-05,859.6649012345047,1036.6435305319787,81.27660429466832,704.3139195095619,117.85568523299567
2022-12-12,798.878510422447,972.1611814176931,73.90630397943632,639.9481073281827,106.15739017841413
2022-12-19,782.8629847445329,966.1937034692315,75.41283144725766,640.1540156820063,112.32181450509916
2022-12-26,779.0622123409526,959.8033892315432,75.89989254386859,663.5655951985376,112.52722926365341
2023-01-02,769.746360479339,960.3554429237048,78.40464447883792,694.1499813455896,117.04621202739
2023-01-09,790.6734806944332,975.8018664381881,74.93097868879272,693.589554570787,111.7194769264449
2023-01-16,795.9697728376657,991.1990343752063,75.36299371001382,719.6633474867011,112.39603875357105
2023-01-23,815.6320668838782,989.1300646294113,78.56180604109908,778.3150601897165,117.80582389206593
2023-01-30,837.6975198537609,1003.4578524826061,79.11701422359377,793.7101005740967,119.97142712214661
2023-02-06,825.3411546352793,968.9032403313827,75.730572892643,749.879352066525,107.9756033115287
2023-02-13,821.168798678672,937.4687507663026,78.08831542718572,743.916305778787,102.28363394298424
2023-02-20,820.5988967521862,925.29040654557,78.43299002923068,752.2505210187765,103.78122487973128
2023-02-27,817.2562078541082,909.0345564226102,77.06667788483831,742.3078731430055,101.00584419390329
2023-03-06,823.2122739032452,914.3488872056214,78.781634498328,774.5559867253942,106.44308443893007
2023-03-13,827.0617470512245,912.8413509212953,78.10355881657999,795.6210573039668,103.52011233488406
2023-03-20,809.2554618444573,892.1025207520801,70.73071659520542,729.0296156127639,97.44713449027111
2023-03-27,812.5315062342361,884.2005503009742,68.83407891655256,738.5526449778188,96.5137558266829
2023-04-03,826.5519079010968,868.9861149791816,71.82612885012313,769.8877192203629,95.00132973370197
2023-04-10,850.1082183120111,874.2357239259424,78.3539099289132,795.4961049186433,96.2717093413798
2023-04-17,854.9365572197914,866.918753770841,79.31349861204167,804.2034190640863,95.08718554858173
2023-04-24,836.1026184070713,841.2404199053234,76.40552617074778,763.5168788360446,90.8238531128429
2023-05-01,824.6228481797108,815.8186599485331,72.7774388969312,736.9240663698857,86.26947267251838
2023-05-08,805.301937025563,786.6339850167789,68.15969334948011,680.2306609955659,80.74630830792697
2023-05-15,798.5136098249886,773.6158883672629,69.56411065866165,700.3417062212291,84.11867179038046
2023-05-22,800.5377623298826,775.0403756423898,69.88021310180372,727.0792846348365,85.28213252019458
2023-05-29,812.4054602154619,779.9640482358893,71.48549438646805,770.4269817392515,86.01695820018593
2023-06-05,806.6392228589499,774.7742800424729,69.50335718384318,741.7502167736035,85.28112144265333
2023-06-12,818.4499390241093,785.8415818665654,70.61518669617286,753.6269147231496,88.4668787414341
2023-06-19,816.9500458552111,789.9377493098195,68.4145039897602,738.3457993294362,87.89340167219758
2023-06-26,816.9871449117816,802.360082769356,68.82762058075474,738.6449656440626,88.3188292798658
2023-07-03,826.4682074366651,796.0097032360362,67.99152845914118,732.1692176601262,86.88410425661854
2023-07-10,824.6966086128082,799.3158867168773,70.27665193976375,727.179703603422,89.46614020273984
2023-07-17,830.3601752936255,812.2115216677905,71.82695902466364,748.1821980892298,91.63389075274492
2023-07-24,840.469112615869,821.6527410864908,71.10516684909418,776.6400271850046,92.4082487351023
2023-07-31,859.9887750259626,857.9296252902614,75.56565459185813,851.12753157567,102.04379595131941
2023-08-07,873.6971703991811,899.8578434068784,77.76068906435447,825.7998900171035,109.64144604412556
2023-08-14,884.3106144649262,924.1598954039387,79.37969613139417,837.506642200573,112.1649491960837
2023-08-21,887.0618106730019,927.0241634120475,78.22268153259787,853.9679967655238,110.68115539381093
2023-08-28,896.3302232965339,934.6294862725621,77.36502393543444,847.1694133699505,114.09839471520306
2023-09-04,902.9136524547118,945.6574585471656,79.40731034841932,843.8207546701631,113.60800913535972
2023-09-11,909.9406527518439,966.692381366411,84.63327479637897,813.3077932409394,118.74063890610003
2023-09-18,921.7255488948304,999.4296344453604,87.40972558485761,859.7060430562735,125.82514073855131
2023-09-25,924.2338278479876,1008.5190333180741,88.19884491403911,853.2690805808652,123.39683721440261
2023-10-02,910.7430131576685,1003.3054030325459,87.74724303749119,827.492827374774,124.41411337416962
2023-10-09,878.9050749107915,986.8503523930466,84.68798621681766,725.36799346304,117.00863744101567
2023-10-16,853.4460192415914,969.0894236312307,84.4752872830842,716.5398865300074,114.44912187898115
2023-10-23,847.0669195535645,972.7155621373655,88.1637442191039,747.0255716332351,116.57637821511155
2023-10-30,831.4835217626213,955.02248463766,84.41037354947193,739.4796235253182,112.91324586366049
2023-11-06,831.6360334998852,952.8681657622998,81.0399110888903,722.661859306024,112.3057569572612
2023-11-13,814.95641579076,923.2031979060467,76.83507184081758,696.9551490585202,105.75717058800265
2023-11-20,798.2209291513439,904.7887501861754,75.00563134751977,685.1563599139221,100.52937190195662
2023-11-27,803.2452518959697,912.5465495685607,74.45036557978287,686.6423120687671,101.73648589054055
2023-12-04,780.0280693502675,886.5407657283291,73.49780905657556,683.8623404027505,100.2473511629421
2023-12-11,763.7599633630679,865.9944497405228,70.38558834899986,655.2068241642886,97.06652263561185
2023-12-18,749.5757227831842,848.1961059713884,69.39963588001967,647.6747109462165,94.15117503213956
2023-12-25,750.8951881785365,851.530289298318,72.07308398448914,675.8368971751631,96.93964744855553
2024-01-01,745.1511974616166,843.1603561693429,70.93360721165858,667.8139061171007,94.37707945973104
2024-01-08,749.4343528651931,841.6916431840917,70.52262985263454,665.6502239214502,93.10180112339818
2024-01-15,746.4453013533605,839.1947030302401,71.3254661290419,662.3936506983275,94.70813133202493
2024-01-22,748.12017932679,842.8574029425682,72.99524743305182,683.9245436793956,97.14714285528123
2024-01-29,766.3981591950323,860.4515486980292,74.7385256952398,714.4981384127966,101.1780067332821
2024-02-05,770.4383912238872,873.1822638057707,74.02200067106449,724.6159798848391,104.8624289961979
2024-02-12,787.2559911030482,892.1687092463773,75.08676971487989,739.8315924762176,108.0003421326328
2024-02-19,802.0521478933742,910.3385981605267,78.04747163106961,771.9054945338723,109.03786519500561
2024-02-26,800.0739748650565,902.8199817018175,77.08713213943669,755.9413562136309,104.40139466571206
2024-03-04,803.2639257773778,892.1604599982335,76.40077995421379,777.5756094001669,103.82942093523161
2024-03-11,803.0284475945098,883.0108070342759,76.99546507804044,790.22435500552,102.60772865681433
2024-03-18,809.0388452674904,878.0112517915363,77.16307463041312,810.5082982208357,102.200367855091
2024-03-25,826.7945521051838,884.780210040492,79.24846368648033,840.1230091271839,103.43271066131436
2024-04-01,841.4875944686063,880.6642220876718,79.51876800106842,839.0052057914397,101.79117047644829
2024-04-08,856.1164861608339,892.7155443212531,83.96825011477475,851.2589573510311,105.79635620212127
2024-04-15,868.0773230951797,895.3978336612884,84.99628491720644,862.3220652478913,104.72026772337549
2024-04-22,870.3959722578028,880.6480241115701,83.39819073433493,872.812629808235,100.98221885858268
2024-04-29,863.8869904013688,864.3748387510487,82.752859017733,856.3709124727984,98.1595252195239
2024-05-06,854.3759491396615,850.4424927248225,79.23926330281185,830.3178092131323,95.27634305466582
2024-05-13,843.8173181247718,837.6828237686116,77.64049169708446,794.1420777771182,94.3480377030838
2024-05-20,832.3545168792558,826.3573048522977,76.32678624103828,785.1185412439875,92.97674517517241
2024-05-27,819.244558447746,816.3609126625387,75.30197174531358,782.4849564931963,93.16206982949595
2024-06-03,810.4205475687469,811.030384435251,75.89016093821338,769.4496822665723,92.61602441538767
2024-06-10,794.9619925247474,797.4173242263447,71.85121761005317,727.2103865814494,87.8866224506338
2024-06-17,798.362056022512,808.1260185356465,76.44613888145118,748.0843717456819,93.89341084222262
2024-06-24,800.41275656428,823.4551356665943,79.66377204669283,770.8208758557226,97.89316972141837
2024-07-01,807.0841799907836,834.1856493077279,78.87934702084229,777.9660431880633,98.59465910831315
2024-07-08,812.6157972618778,838.821965308507,81.2274535082976,789.3500396484602,100.08520772907688
2024-07-15,807.7397965988009,834.0065601703424,79.36146982637584,771.623048376248,96.7277890305971
2024-07-22,799.8387091132054,821.5326502379372,77.97989408345074,753.0686168221749,94.04251264379451
2024-07-29,796.4422774504775,815.2147151515449,75.09519450480657,736.3797300883467,92.14709118073642
2024-08-05,775.732061124675,808.6045995369444,73.28133476845915,729.8240275794016,90.53702605086502
2024-08-12,774.6373199666501,791.6835576048996,72.16894218582729,706.3041849932381,87.9038655125801
2024-08-19,768.6659900416578,785.0952623922834,74.95140529616476,710.6914367812782,89.04181039583378
2024-08-26,752.0164987862142,770.7724685114972,69.99815873491357,666.0697307310669,84.68064578620707
2024-09-02,741.8164916380426,761.3645640574233,70.47999138582489,665.0022019077608,85.28790411159358
2024-09-09,721.4635049677379,750.5984330079515,66.82497540384941,595.3464093763477,81.41087305501915
2024-09-16,706.8674330701048,736.114400799399,64.93418594575355,583.6192806878311,77.47506368314681
2024-09-23,704.3245557856422,729.4602908455154,66.59440441150471,609.3024249369034,79.3007581832197
2024-09-30,697.5942625688022,726.8148881572947,65.51066045288783,608.8062406105109,79.97014598259054
2024-10-07,706.9251967595176,737.1474966751379,68.58864819066177,615.6814539534603,83.14497760202242
2024-10-14,722.9178586739607,755.2974054148957,72.08072003749814,648.2060374170105,86.34511933520065
2024-10-21,722.8746315108152,751.9712121171988,68.23690747690816,628.8591931946569,81.97259236746977
2024-10-28,722.548661478008,747.2079032336169,69.29550270442408,633.404130201968,83.14780376974734
2024-11-04,713.2299142266075,746.0626316573042,66.89075024996777,605.897466025659,81.34202280415784
2024-11-11,714.0385509273171,753.8681909185849,69.71990888519066,624.9375996826477,85.0055357857167
2024-11-18,719.7792570654348,763.481268924138,68.52751564513966,617.2391227046409,84.44944540937979
2024-11-25,725.301221773114,776.4811241254109,70.32887641055834,640.7805821408151,88.02556258727263
2024-12-02,721.9618334715644,780.9531735111084,68.86924400356493,629.1333205069407,86.5042031829778
2024-12-09,719.1272887082596,774.606733468093,69.12391709577817,627.9096993317153,84.6219445644642
2024-12-16,724.5402696556068,777.9218503334063,69.87238692925703,644.2612045358094,86.4546484689586
2024-12-23,731.4276738097668,782.9793057626193,70.26854009603792,647.2120183000537,87.74613914741944
2024-12-30,732.6234456217414,786.1592824523461,70.6965942166757,648.0428143560802,86.98887983068306
2025-01-06,740.6352480352892,795.4856404955867,73.26365960509902,672.0852083737401,90.91171201905058
2025-01-13,747.4110739895217,807.6559425712048,75.9819772010517,685.4345060697315,91.6937823768686
2025-01-20,766.8723655005628,834.5634678787703,80.54725284754676,711.0187976103937,98.30561790117078
2025-01-27,765.9447351520862,832.368757829341,75.90891903479425,692.7221539335167,94.01608661937362
2025-02-03,763.4372273306924,823.6922758513861,73.17708001643625,685.940846885914,91.16149845030264
2025-02-10,768.6529989749356,824.1061592990513,72.81935171552959,689.4581124634506,91.61586695656693
2025-02-17,770.3427857875864,826.5888096473105,72.79779467725787,693.9389851501653,93.27886970488731
2025-02-24,766.7641680442963,824.767199288768,72.04280571218501,686.748502942671,92.67704072523509
2025-03-03,756.6615908475419,815.6301305163717,70.04698279028716,659.6835718298304,89.39085884256174
2025-03-10,731.3991331169534,794.0465322940613,66.27380627925695,637.6663880261103,84.1045268447895
2025-03-17,718.0478607741251,775.6438581904129,64.93219365844949,626.8094561106087,81.4460123093393
2025-03-24,712.3467485620966,767.1052467139556,65.49479145812197,637.7208947157798,81.43792079590278
2025-03-31,722.697685119461,768.2546514328305,67.57639760437715,659.001306674272,83.95852019346076
2025-04-07,724.7249701318847,764.7724524522936,67.13677725975211,649.3196891516761,81.9471609163068
2025-04-14,703.7123839212952,737.6525478480006,58.91773119819885,567.818616888424,72.11428069117791
2025-04-21,696.6427757220612,722.9227733401844,58.83640321948509,576.4500980657511,73.43857944630159
2025-04-28,692.5175728954778,721.3480130719919,57.74820699173633,583.9217407773834,73.51729601862048
2025-05-05,685.6040828484709,713.035616758463,54.82804677742151,574.9174610195728,71.50874014249658
2025-05-12,684.1654894041209,706.2274751529346,55.26241786736978,574.4975785654268,70.37412864042149
2025-05-19,690.6306741729069,708.0487000891953,58.78817707778495,605.8361998675197,74.63650884027601
2025-05-26,688.298991410179,705.3634177901334,57.367257310598845,594.0701265098501,72.78826838673783
2025-06-02,687.1697304497636,703.1218467972735,56.15353306867409,583.8632839244707,72.04074917520093
2025-06-09,685.859698317489,702.596053544935,58.30112787132845,582.3032850653609,73.38534393138391
2025-06-16,702.559144563175,719.7878159373031,61.32646814423297,600.4876228790099,76.52133631785894
2025-06-23,720.5194439752775,765.1289429941219,66.14657454797718,638.2528788411628,86.61221195431294
2025-06-30,712.100636986729,764.0973847904881,57.56530224296737,596.6616505719674,79.88412551413447
2025-07-07,703.0429689849302,753.7701932323145,58.74286953204487,574.7313001322094,81.07218167723197
2025-07-14,704.3578786930891,767.7559634773294,60.69980337991384,595.2453023049463,86.80417716435042
2025-07-21,702.7694527165153,768.7681387633596,60.19177160548459,597.0663351556535,81.74654116689673
2025-07-28,698.4353076883369,766.3470164059639,58.483314054732844,581.5642221507533,81.95574626396615
2025-08-04,699.3847624310393,760.425234097844,62.25853930496377,609.4512231889291,82.08782589767273
2025-08-11,694.4614051171566,749.1431023562213,58.61168005103012,586.1039079235749,78.29847387138258
2025-08-18,688.4507498879972,735.2247342036997,57.68820154693375,580.265152155178,75.99393651335826
2025-08-25,692.5534014063868,734.9052441877279,57.443379285960226,590.5770050570034,76.89145311581277
2025-09-01,689.7505098943082,729.8898395813127,57.778210199425224,595.1886270987345,78.16504644706353
2025-09-08,697.8937180089924,737.1777793335698,58.21792321904064,573.5927511629565,80.0731840987909
2025-09-15,702.8157604469503,745.2806537718105,57.105814513991525,578.2142380234716,79.8197195570453
2025-09-22,703.4519028637808,746.624058631286,57.49264946713212,585.5764055558604,80.00545557713473
2025-09-29,702.4170907384687,749.793561814902,57.9855154267676,589.8026366135856,81.54095498811589
2025-10-06,700.2180617488044,748.0235165442989,56.13638553263485,557.9443981762251,78.71441180321874
2025-10-13,697.3121440906245,740.1796782817473,56.57190598403506,544.4007802441358,78.14853635686835
2025-10-20,688.5107755680722,721.7217027283762,53.48323625622372,536.7653842279465,74.29496907098653
2025-10-27,693.411460536118,735.5925530474723,54.48233825447075,553.1069038696767,77.94076793727746
2025-11-03,699.1631984037564,754.6450272318951,55.53471397920233,570.5365117480692,83.56733735406854
2025-11-10,703.0300384981376,775.3475005794024,55.67998560970874,561.3613296263673,87.1881003703593
2025-11-17,714.4204914481163,787.2589740614491,54.960584352862554,574.4199698585637,87.75027766603155
2025-11-24,716.3007213202134,802.9967502438433,54.87266271064336,563.5605539886656,87.2664172277477
2025-12-01,708.0845393247397,788.4843828494131,54.04330566867227,555.6284455654313,79.25950253210928
2025-12-08,700.6473644682775,770.0792623568136,54.337637410054086,546.6130891184206,78.28508777539669
2025-12-15,689.3409613405333,752.4078338881327,53.33092995153375,528.6381537309445,74.7737758680001
2025-12-22,674.4199651214204,728.9879884670072,51.395099651951796,504.0241088553213,70.24153916898001
2025-12-29,673.66534347496,731.0768020008778,52.4228340825,512.8598901935823,71.53789859100361
2026-01-05,688.7676848526743,740.9678144689954,52.043290719672356,510.65716864116774,71.10920714893652
2026-01-12,686.7419527116093,747.9631391008393,53.59088996710045,516.4379319375159,70.90242866965019
2026-01-19,694.4498699799858,757.2857869461618,56.45095548085196,538.4928318469672,74.93003794465724
2026-01-26,696.7922316461068,789.3387949030015,55.681707925809064,536.5942429880891,76.78587937180535
2026-02-02,702.9239617425151,795.8394499669257,57.28802295934063,535.6814068281881,79.1844615917371
2026-02-09,704.0086410965671,778.8378792704139,57.67384953621843,553.3802938455505,78.58270715028615
2026-02-16,710.8193523793578,781.8564712230855,58.101161069585274,556.4371799861789,77.93187710292418
2026-02-23,714.2179965811738,783.7597393289172,59.36842971630216,562.4249679317008,79.92485741614139
2026-03-02,742.1521611792379,817.9149675852318,61.187246290172425,580.7166440110644,84.60337282413084
2026-03-09,835.7392895640552,1011.121134617568,71.89869928586478,690.6700998204036,119.26742197475444
2026-03-16,884.283080166177,1085.813878898311,82.36025775451854,798.2312641027222,128.86621372683072
2026-03-23,967.2672445671736,1207.3435456902926,90.11450893366262,902.9385773908723,145.9825330757351
2026-03-30,974.3105546349252,1245.3102307491235,85.39461418071463,866.3886385204689,150.57675385758492
2026-04-06,1008.5222555447565,1304.6941809135005,90.30891499274526,879.4360107812199,165.3183831396934
2026-04-13,982.8625460397387,1302.1480400966798,83.82575148484956,844.8154502607915,163.94641797307872
2026-04-20,959.3051594370871,1228.7551751612802,78.83417398578779,822.3049371980984,130.46026219461697
2026-04-27,966.7314229648284,1196.9951350548185,81.72286728065407,868.3027166664957,134.54854103820426
2026-05-04,984.5143764631879,1214.5620346316737,91.57226139805266,944.5141806106101,147.51632325052415
2026-05-11,1002.4157734608938,1179.0710745858087,89.98527074932056,929.6033908220339,140.3961081438997
2026-05-18,1009.3525467848006,1155.6413617884177,90.36837711625674,964.6145213825597,135.47648752727383
2026-05-25,1019.7513900302266,1136.6257016664802,88.7611488937551,970.9856603199917,136.98493329297835
2026-06-01,981.1498186370138,1095.5916410815107,79.93790760222888,854.6785477928913,120.92995511189865
2026-06-08,956.2471655709069,1068.502171533634,81.78844309610065,833.0041378519396,125.90219914165496
2026-06-15,940.2938841507357,1047.3284670360408,78.66466431451522,827.7452488366889,119.73284803294291
2026-06-22,904.9090896694481,984.5404044547905,69.32089572382965,766.2656910542606,105.08477054038437
2026-06-29,899.0306268809804,972.4954098322046,66.18928223424352,767.654965597015,104.76377446156138
2026-07-06,889.0752310222646,964.2350527063795,64.06865344674783,759.9917876689935,109.2587900848824
2026-07-13,921.8501141376129,1017.494620543267,66.33830972584144,781.2699704671634,120.74149372761119
2026-07-20,966.3907189188044,1103.264295799293,74.33934150775818,851.4014533054149,133.77366886776153
2026-07-27,993.7808317726692,1170.5250003111562,79.49593730326947,913.7423835376428,145.36329489445444
2026-08-03,1000.1606784388848,1214.3863228001976,76.02200439756572,894.7802888464108,149.78098162423584
2026-08-10,971.0773454716497,1185.864628482806,70.32368789294138,771.2352938771267,136.55154797937854
