date,wob_petroleum_cpr_wtax,wob_petroleum_cpr_ntax,wob_petroleum_idt,wob_petroleum_vat,wob_diesel_cpr_wtax,wob_diesel_cpr_ntax,wob_diesel_idt,wob_diesel_vat,wob_gas_cpr_wtax,wob_gas_cpr_ntax,wob_gas_idt,wob_gas_vat,wob_petroleum_vat_country_count,wob_diesel_vat_country_count,wob_gas_vat_country_count,wob_petroleum_vat_expected_country_count,wob_diesel_vat_expected_country_count,wob_gas_vat_expected_country_count,wob_vat_expected_member_count
2005-01-03,1039.704824488366,319.39026722802527,559.3287220469617,18.320513972983015,914.0178870720888,391.21372951606793,381.580210263292,18.2744636083779,471.9694204404291,325.04697573378064,75.00265945705308,17.977715494050585,12,12,12,12,12,12,12
2005-01-10,1033.72490454455,314.3313600311398,559.3605520148458,18.316867798833567,907.0022256657597,385.323833377463,381.5970526970594,18.26542243597543,465.5123898867499,319.56402962850746,74.9779489742495,17.98805073552115,12,12,12,12,12,12,12
2005-01-17,1045.5360813480468,324.4409297981046,559.3531757553824,18.300866092930875,905.2002843419424,383.8332997214832,381.58927484121375,18.26150866521065,470.8903260730769,324.00592900805566,75.05433908525697,17.999801965493642,12,12,12,12,12,12,12
2005-01-24,1044.832724489159,323.7418206765609,559.397338341068,18.308956614650853,906.2980352372488,384.70039829453646,381.6220790534622,18.265881796089513,477.43662965500477,329.4843043400924,75.06675287190313,18.01640884226271,12,12,12,12,12,12,12
2005-01-31,1067.6129763730823,342.93885773754045,559.3839755665767,18.31829329461908,915.4937738115691,392.43967082817863,381.6011964828179,18.27460441358573,493.31262438556945,342.937347715446,75.08925219316848,18.009864562066973,12,12,12,12,12,12,12
2005-02-07,1074.5732432977077,348.8941695170736,559.3811578102396,18.309196668343045,912.3893266111468,389.48091641844394,381.9173144590693,18.27734237518894,483.80291036893874,334.8267155478226,75.10290853472355,18.02096797754655,12,12,12,12,12,12,12
2005-02-14,1070.3605178207754,345.0541065512643,559.6043351332366,18.31653456167748,908.4949953878936,386.13781547512264,381.92306976558444,18.284241893554455,483.13321945842694,334.34542095631326,74.9979563123378,18.026392092169544,12,12,12,12,12,12,12
2005-02-21,1072.4441594221335,346.7799987226177,559.6300742978542,18.317767128114376,911.7692018339619,388.9015093083975,381.9176720607477,18.28574377384569,488.19635993445644,338.90178254006526,74.78782612022775,18.010302824731024,12,12,12,12,12,12,12
2005-02-28,1078.1214540247538,350.45439089035085,560.8359989183779,18.30712428022435,928.7587456537914,401.6897310558469,383.5631883796491,18.27510890649844,513.0630624764972,359.7912117128109,75.00608676950793,18.00051754400702,12,12,12,12,12,12,12
2005-03-07,1085.9827687803636,357.02384703407694,560.8418772533428,18.316082630001315,946.5831787737754,416.78023930271985,383.5689762626293,18.27126963635866,540.7029808970984,383.3943094525889,74.8487516272449,17.994799446160883,12,12,12,12,12,12,12
2005-03-14,1103.395626170718,371.73382190015866,560.8574887973933,18.315023259803823,963.4036521077445,430.9790966194071,383.5765626400148,18.273520189357274,541.6760330750875,384.2934473344939,74.7646178783578,17.99728054531146,12,12,12,12,12,12,12
2005-03-21,1101.1300161026013,369.77325823325447,560.8624657195742,18.320196373464658,970.1374467159701,436.61210378289115,383.5970645609543,18.279273648556956,547.923676567394,389.56736639627485,74.82357923620009,17.98758819923847,12,12,12,12,12,12,12
2005-04-04,1125.5100575115075,390.3906351141179,560.9122780730609,18.312478802432896,979.1171995876476,444.2078613283072,383.6170238813255,18.27588383498555,558.693719306842,398.3168118526175,75.18223151466879,17.992576148347457,12,12,12,12,12,12,12
2005-04-11,1153.74060209008,413.9738340826963,561.1743079186176,18.314392695476787,1000.7666910419088,462.34181796176915,383.71857872438034,18.285490605837733,569.8735310953736,407.9388091574897,75.04346600340574,17.990568267858723,12,12,12,12,12,12,12
2005-04-18,1146.2091993192118,407.16363175982593,561.5869713498673,18.318295301172036,995.5738815616634,457.52206207457664,384.17195352820056,18.282162294891144,548.9143875208418,389.78691115714855,75.36221373134958,18.008259749477823,12,12,12,12,12,12,12
2005-04-25,1148.6082498156327,409.11185427464505,561.2888084261583,18.36433073106576,993.1358816112448,455.11664657631593,384.3748580639474,18.30207645005542,545.6390320249402,387.0452246757624,75.11688217692614,18.062260824611364,12,12,12,12,12,12,12
2005-05-02,1154.203882287069,414.1795135862791,561.0508567415699,18.35192149512875,991.4500096539181,454.14869124298923,384.0094682494814,18.289131761751285,564.4374287530704,388.15068210036515,89.75511924118535,18.10641912456663,12,12,12,12,12,12,12
2005-05-09,1142.7284764846165,404.51768161841744,561.0310971726531,18.350155019137038,981.0601814460078,445.3684402693511,384.0090603216942,18.28873833047892,555.7207542122959,380.69540244329073,89.77968307811022,18.11906120308624,12,12,12,12,12,12,12
2005-05-16,1137.4415577082002,400.13693620122024,561.0030590948015,18.342963904845018,973.4530863856613,439.4930585567051,383.4894370897577,18.283571222374796,548.7607377736779,376.51573251495034,88.09217128708065,18.112656561155763,12,12,12,12,12,12,12
2005-05-23,1126.555044672178,390.98937037810856,561.0066198958767,18.336112355678566,966.3072979007426,432.58319636278867,384.39236880013044,18.278604539175426,540.8491330618707,368.14854907061715,89.78442889394125,18.106613650290445,12,12,12,12,12,12,12
2005-05-30,1121.7701277244355,386.83059137799717,560.9881019097904,18.352817439509042,964.1517353714974,430.64637548432273,384.4129029188893,18.29222253139347,547.1778826177836,373.5224044027881,89.77842255191126,18.104231804292798,12,12,12,12,12,12,12
2005-06-06,1143.0148660056288,404.0879245956765,561.7587134031844,18.343308454626204,986.8409063093405,449.76035707997033,384.43860840993415,18.29802566702936,581.2578353363804,402.3052545005231,89.93936901027052,18.08312525401,12,12,12,12,12,12,12
2005-06-13,1156.5619954986496,416.03520858566367,561.3120081583604,18.33685876260734,1007.2031520562691,466.84370613704516,384.6087236122345,18.292357489995307,596.3960514155095,415.7014508207083,89.35070760796975,18.086031603353835,12,12,12,12,12,12,12
2005-06-20,1166.5532613206924,424.45960896415494,561.3761407896852,18.33140171798159,1020.9281208995034,478.5039327104206,384.6191211588424,18.283032335056024,613.4522537127926,429.6735110545151,89.9005315766135,18.06830275936492,12,12,12,12,12,12,12
2005-06-27,1176.3401067364073,432.71325270310285,561.3544018938826,18.336020822779783,1027.9453959645532,484.38649333043645,384.62845121193845,18.28857517587012,617.3608010350289,432.91967460294245,89.90619728131662,18.081532348440756,12,12,12,12,12,12,12
2005-07-04,1187.0114536661906,441.3654291039051,561.3693570671473,18.37740846697854,1035.9644844305692,490.85515581963784,384.54571160108435,18.341724686991792,619.427697736869,434.7341060202962,89.84748161991666,18.080335324637225,12,12,12,12,12,12,12
2005-07-11,1198.9984062268675,451.4281389522982,561.380446321099,18.383515272356256,1048.9440234320473,501.86912052867586,384.4630911586141,18.34659844249563,652.2123757079224,463.24793295485824,89.23832513572881,18.05042499373514,12,12,12,12,12,12,12
2005-07-18,1202.0834501698519,454.0640209356229,561.3528118238766,18.3832502464103,1045.7749882047835,499.2212355934087,384.43677326546737,18.346122336995435,643.5940126928632,455.3483981249172,89.86275777543409,18.044908972936238,12,12,12,12,12,12,12
2005-07-25,1204.6614287856796,456.24587219868,561.3577779949966,18.382184316693536,1040.0606552296529,494.38648403873816,384.44404868124633,18.34598554634423,627.2119341314196,441.4117228186268,89.86263228655503,18.058010537181694,12,12,12,12,12,12,12
2005-08-01,1207.0587420715242,458.3235453494838,561.3798351293776,18.373515786981017,1036.8982581870478,491.74337308203343,384.4422886224252,18.342299298752764,629.0164799478745,442.96200725658065,89.86118856303068,18.053509097008156,12,12,12,12,12,12,12
2005-08-08,1213.609105813451,463.88672608993795,561.3891536480561,18.36902923373022,1039.8019244096624,494.22870007055013,384.443408483906,18.337877609463252,629.7354527292243,444.8237548641832,88.54932627881186,18.066598220466815,12,12,12,12,12,12,12
2005-08-15,1219.4258576216967,468.85980285388916,561.3888558675957,18.36228538603258,1043.006978396612,496.9838142658865,384.4423166088543,18.331751449383056,637.6521397707637,451.5896029017373,88.6127308230025,18.03950112064482,12,12,12,12,12,12,12
2005-08-22,1238.2465452860456,484.58762773564075,561.4467512216024,18.375320180242277,1065.6508826452243,516.2128600739658,384.25356390457966,18.344321816780436,666.3574203787402,474.66502682582365,89.90157270022104,18.029904875376843,12,12,12,12,12,12,12
2005-08-29,1235.5621991333799,482.30974164469603,561.4312556209229,18.378237740042024,1068.8386246110524,518.8884107718417,384.2464131176572,18.34762610613583,688.0922302758559,493.0784974102704,89.95498677213038,18.019333184745122,12,12,12,12,12,12,12
2005-09-05,1309.6632592848107,545.1606953993206,561.534970809898,18.339964569556876,1099.35871400431,545.0971016801565,383.917771435753,18.335964882571623,726.2057452554385,525.3386799259159,89.98662500489536,18.019808292638785,12,12,12,12,12,12,12
2005-09-12,1298.7924042023633,535.7888659069258,561.3954565922782,18.37504214824448,1089.7042797880256,536.7577310110859,383.88325817430757,18.363650172932616,702.2107831388938,505.78589887325296,89.07852093093214,18.04551756012647,12,12,12,12,12,12,12
2005-09-19,1269.3168016468403,510.9945082836773,561.4015931928634,18.362683331202625,1071.2241811877711,521.3326590171237,383.7850193451145,18.35192337929957,691.3124355460263,495.80109800890716,89.93322347948026,18.02491508255112,12,12,12,12,12,12,12
2005-09-26,1271.0900731710763,512.3524933864005,561.4234838596842,18.37572269320492,1082.4279165041785,530.9998681898265,383.5727469163834,18.353414329869857,707.6489626282739,509.5612931643572,89.96037146876921,18.03559477059353,12,12,12,12,12,12,12
2005-10-03,1291.2810896467217,529.2428682748236,561.4832978806237,18.387284518733345,1100.1833994655533,544.958378402741,384.5669428173161,18.359701919846287,716.2063485124457,524.9727959091077,81.98531423836857,17.99930448880974,12,12,12,12,12,12,12
2005-10-10,1284.6047487452863,523.6817388516937,561.4060495472557,18.387172215874326,1102.780563620381,547.271505240654,384.4155463617484,18.363839201555482,702.0429707552096,512.9442238202703,81.96577825588747,18.00826483084364,12,12,12,12,12,12,12
2005-10-17,1263.9318039378538,506.151698578813,561.3762586397445,18.398004978813496,1099.7395148009184,544.6580897244888,384.4294053126364,18.36770171543146,678.1939093577863,507.5485962832998,67.32883773804036,17.971913528373236,12,12,12,12,12,12,12
2005-10-24,1239.7972477307928,485.7833695758228,561.4436168352321,18.388588512190108,1091.979101243564,538.2062777813547,384.42507615992054,18.354865849602103,664.4179633054121,495.53765026368745,67.58345122156192,17.988468475606588,12,12,12,12,12,12,12
2005-11-07,1200.4035462545119,452.4979588844952,561.3954409611297,18.395439445338642,1064.7418896943957,515.2536737162972,384.40922635475533,18.348982670098515,637.945599276803,473.09235951222405,67.5481619840445,17.99811037308753,12,12,12,12,12,12,12
2005-11-14,1190.2515265459342,443.88112379816596,561.4378186275878,18.395414262657074,1047.50275983959,500.72603079282425,384.4351735419511,18.340337862730795,630.194689703106,467.0153859407464,67.10966447475931,17.986357167271198,12,12,12,12,12,12,12
2005-11-21,1170.732206425319,427.3541636318063,561.3666334419821,18.408777269600314,1029.591309887054,485.5450602328329,384.41905401384355,18.348710369346982,623.5236688786724,460.95729829890826,67.47773273892523,17.994385734436868,12,12,12,12,12,12,12
2005-11-28,1172.9124440442781,429.307525801915,561.3759982210875,18.39426169936429,1027.7980877219497,484.0560102798836,384.42442004013117,18.34441535351926,616.8324619922881,455.22658158091684,67.50783980987961,18.001118111015682,12,12,12,12,12,12,12
2005-12-05,1162.3578455198358,420.37362025476614,561.3772218440616,18.39641950649095,1017.4417723344554,475.3609643416532,384.3284976556051,18.34991788438375,615.9808858011477,454.3907375435436,67.58954034859636,18.00845968522044,12,12,12,12,12,12,12
2005-12-12,1167.5870836121678,424.79908533913374,561.3828893466167,18.39468917328595,1024.6985805558836,481.391374674837,384.4322248405212,18.3495784972199,619.1513383361964,457.0965927919712,67.55313337081469,18.01232469224409,12,12,12,12,12,12,12
2005-12-19,1179.280194694778,434.74778438476886,561.4039747516504,18.383588030514115,1028.7257615739072,484.8279762332778,384.41823642029965,18.34687877827862,625.539114763001,462.50501678461836,67.61360194181992,17.999838652300443,12,12,12,12,12,12,12
2006-01-09,1198.1778432766744,451.59356561190646,560.491160871831,18.38710850221759,1045.388587891046,498.12556472868783,385.34062446117565,18.32808099307852,630.3648705027206,460.68077258216823,73.20791185224294,18.070468410566523,12,12,12,12,12,12,12
2006-01-16,1206.7029235690466,458.73418937189916,560.4831076084552,18.39505934055063,1041.9509402547992,495.18309829596905,385.32213804969723,18.335575672346497,626.2301654536531,457.17903069385335,73.19679869552482,18.07290806872404,12,12,12,12,12,12,12
2006-01-23,1203.1202663034712,455.0749619728216,561.0931779154264,18.39775516242648,1044.3050923382277,496.49509515031485,385.98849775232685,18.337054732465564,634.76554897169,464.42746599118993,73.22629212839661,18.062143040113106,12,12,12,12,12,12,12
2006-01-30,1208.7420295863328,459.8849634151058,561.0620676552999,18.394196055307077,1051.1143638998722,502.2699442476951,385.98459942821535,18.334814202018084,643.9414259377803,472.2106806874071,73.21158823814284,18.06291430056703,12,12,12,12,12,12,12
2006-02-06,1214.3518631592922,464.76512974460076,561.0790247415473,18.37586224464759,1057.861657168954,508.07006569102424,385.9870520093452,18.3214848610468,648.6347088107665,476.2629610516296,73.20434827295634,18.047916191425255,12,12,12,12,12,12,12
2006-02-13,1201.8807984261682,454.10418779026406,561.0710709693185,18.391458820097395,1049.4076251415586,500.85614749490577,385.98299032757876,18.33122607987726,638.7651664455195,467.82309762701124,73.24630139862137,18.05605114534646,12,12,12,12,12,12,12
2006-02-20,1185.8859779678914,440.63933704750514,561.0429615657544,18.389431420485884,1040.4267610360694,493.2662576349839,385.9817230877248,18.33143593697851,633.1069105683478,463.0013054348186,73.24373152525686,18.062987427794848,12,12,12,12,12,12,12
2006-02-27,1186.5100857984837,441.0876557031013,561.0811475194813,18.39423478191815,1043.2079223858605,495.6254342036564,385.97521057124555,18.331120623467953,635.9812500221041,465.436076223589,73.23400499977345,18.0650777146821,12,12,12,12,12,12,12
2006-03-06,1193.9114043910236,447.1902597992577,561.0921304464648,18.4104191386366,1053.0806970340382,503.85211024037596,385.99687610986075,18.343754186123768,651.6223663045683,478.7460222335681,73.22625582188874,18.053458880248247,12,12,12,12,12,12,12
2006-03-13,1199.0992693646672,451.570048184133,561.086144310869,18.411290845938836,1060.472477611435,510.2673991468397,385.8673025466801,18.33851268200515,644.7215891247685,472.8587009038044,73.21937270116786,18.06399492816005,12,12,12,12,12,12,12
2006-03-20,1216.3907295971671,466.2852886675838,561.1176775931784,18.394706803721487,1066.5269401091066,515.4736618027382,385.8773401141443,18.32537356046071,651.7061824738925,478.75294151491005,73.26269034543714,18.05937094164858,12,12,12,12,12,12,12
2006-03-27,1215.0520236395237,465.1862940440983,561.09805076972,18.393311734668472,1061.9818989568898,511.5719158347688,385.8828242502731,18.33264136041641,649.2657263888306,476.7227502679005,73.25261604490112,18.05360133521998,12,12,12,12,12,12,12
2006-04-03,1245.5565930672124,490.9266235328505,561.1719474099857,18.387822915775764,1071.410603041366,519.5072800890977,385.936730441907,18.32985701821903,661.7856617776373,487.3692303886092,73.29686492815728,18.035612872888283,12,12,12,12,12,12,12
2006-04-10,1248.232755002966,493.12294047930516,561.2046427859299,18.39135908189084,1072.8542080874822,520.7433971378042,385.8986676510805,18.33271913511985,660.4979015540961,486.2226223990828,73.2954174122537,18.04765075614166,12,12,12,12,12,12,12
2006-04-24,1289.6052103905765,528.1207039983667,561.2219652078559,18.38379665512234,1101.6088570298762,545.2128353223048,385.73151965592706,18.332406350499298,690.4008034088065,511.587107871049,73.30046216513307,18.039917204275206,12,12,12,12,12,12,12
2006-05-01,1300.450891516199,537.3285052920328,561.2321020100444,18.377710148367516,1109.9228354059978,552.4804751168456,385.554914257948,18.324196291332704,686.2562182003842,508.03319327704077,73.29140453873805,18.05043529533529,12,12,12,12,12,12,12
2006-05-08,1296.5472074210045,533.9627151206763,561.2173574567208,18.38666899496353,1105.4467852789385,548.697718747234,385.54789732498034,18.325070651815697,703.5482615454409,508.42258933793147,87.40239963693381,18.079683558743778,12,12,12,12,12,12,12
2006-05-15,1288.573053308422,527.1602060689502,561.2261751733706,18.39297840511393,1097.8449882180248,542.2702300776016,385.506326773748,18.330753252038043,706.2777282008759,510.7316481159196,87.41901584347772,18.076894460961153,12,12,12,12,12,12,12
2006-05-22,1288.8716601456151,527.3935736245958,561.1999979709933,18.397875366512736,1091.4010916923853,536.7684761715121,385.49279706358243,18.33968565805487,691.0012479676379,497.62883818329885,87.41978001903738,18.110055552452998,12,12,12,12,12,12,12
2006-05-29,1274.2622248381524,514.9004319118242,561.2100905618299,18.41369433959321,1080.2333081104744,527.2438247732287,385.50746152650834,18.349141143334204,693.7065291513961,499.7416596276818,87.72044233165622,18.085324455433863,12,12,12,12,12,12,12
2006-06-05,1283.0618947327712,522.5336586531645,561.1758867732113,18.39536711176259,1089.7781784384429,535.5034316320699,385.42431998371455,18.334817962256786,692.7609057495154,499.2304233116644,87.4201172554811,18.087491248160685,12,12,12,12,12,12,12
2006-06-12,1294.9420348816752,532.5342374828729,561.2158959377241,18.394685889716897,1092.4728861106062,537.7955151763654,385.3758708364468,18.33911911297523,694.1970541880728,500.0810135398645,87.76729438491037,18.091188633123878,12,12,12,12,12,12,12
2006-06-19,1284.4315216933112,523.6183485289921,561.2068727545534,18.399858013403787,1085.915457731452,532.2018719521496,385.4211373463396,18.34004234065797,692.1742273004797,498.6647128152071,87.45843264899332,18.093651932528378,12,12,12,12,12,12,12
2006-06-26,1285.367190371395,524.4084987390465,561.2537196604055,18.39476115014485,1085.5772951150163,531.9638534678994,385.4270541120321,18.33312126220641,692.3877457683303,498.5821685340661,87.74246539612113,18.08948587528933,12,12,12,12,12,12,12
2006-07-03,1303.1119390115896,538.4537436921845,562.2242943682248,18.39174526530072,1095.9960206088488,540.6074675354588,385.63032977025614,18.327714955806684,699.6629348740651,503.76945567899145,88.71819210039519,18.089033163200277,12,12,12,12,12,12,12
2006-07-10,1311.8315285911915,546.8294131994076,561.1634263442845,18.397112487788913,1098.416397835604,543.0047953751346,385.2682305890178,18.329022508731406,702.9533791145991,506.6105009971716,88.71241652021638,18.079341216368945,12,12,12,12,12,12,12
2006-07-17,1327.4977213653483,558.9771295655346,562.2387792753796,18.398045452073845,1105.5786654517558,548.686469586006,385.6357401470318,18.32948568863099,708.0270599238595,510.9066893129499,88.69934903698197,18.082042981470586,12,12,12,12,12,12,12
2006-07-24,1340.3107464969742,569.9097257256449,562.2359751735507,18.386771723148847,1111.565631140142,553.9479951392406,385.5062869083231,18.32035388858491,703.27482733964,506.90670230206325,88.66802227017496,18.083390433459993,12,12,12,12,12,12,12
2006-07-31,1336.6639462773567,566.8148669458102,562.2312448823235,18.388782554952645,1106.1065944848547,549.342219882313,385.49098839715975,18.32127749511642,699.9964138633705,504.0760845282622,88.6921696666451,18.089389725180148,12,12,12,12,12,12,12
2006-08-07,1334.328287545459,564.7916851626244,562.2339304513011,18.39378529285774,1109.036546838056,551.8119290187706,385.507531887205,18.320017144006094,712.4513909346922,514.7040571270203,88.69586767206067,18.07283389568253,12,12,12,12,12,12,12
2006-08-14,1326.971216904545,558.6327806191857,562.1965113113549,18.39191092328976,1110.3793338112098,552.9117486756074,385.51883791645037,18.32301181098431,716.8441109321715,518.4545238750511,88.68089123308698,18.069889038591647,12,12,12,12,12,12,12
2006-08-21,1298.8372429276694,534.7362554090007,562.2097329805979,18.404849160756097,1103.804832149869,547.3340133738847,385.4956985462146,18.328652919710443,705.5276135205096,508.73969225446956,88.76061510606974,18.07987457566029,12,12,12,12,12,12,12
2006-08-28,1274.182487413981,513.9896066919194,562.1526760735366,18.40279002323039,1100.2318811001371,544.4726383021263,385.2596423121855,18.338569504456636,709.8208243939408,512.3951104798031,88.73241832214046,18.081570113520616,12,12,12,12,12,12,12
2006-09-04,1251.2082103066177,494.6292765273143,562.1235292198592,18.401219613697194,1095.940089445126,540.9560423730641,385.2322902314364,18.32799559926142,711.3636862878369,513.7410600997268,88.72248670730914,18.075805591550708,12,12,12,12,12,12,12
2006-09-11,1219.7957923974907,468.11582434025087,561.9479315839494,18.41944592090398,1076.1255465960824,524.127971879263,385.23269907585063,18.33869453204012,694.438706753728,499.392245023546,88.7276338256255,18.077747705552856,12,12,12,12,12,12,12
2006-09-18,1202.514631344874,453.46720283635267,562.0756447109279,18.411018722564382,1057.563171414251,508.5428706796133,385.218166737126,18.32728516236881,665.8706214551214,475.3485914046151,88.6901196133345,18.054064100208766,12,12,12,12,12,12,12
2006-09-25,1176.4902300756642,431.4055540408862,562.1070888422328,18.417237918739943,1035.2024666155048,489.5698405365838,385.2530226139527,18.332808871431,655.8127101366848,466.76149023710605,88.74317373086967,18.057102428665065,12,12,12,12,12,12,12
2006-10-02,1172.5705887445406,428.15908505539386,562.0794769791921,18.412939437071365,1029.1710900473142,484.4900893031822,385.2282494178177,18.333838005624234,658.5388633272,469.1190407925674,88.7225935561629,18.05122148977494,12,12,12,12,12,12,12
2006-10-09,1165.4174765985922,422.1766061278957,562.0359445799595,18.411157809399253,1024.8377961177932,480.3421824286603,385.72942500626584,18.331762330033005,649.7545960626912,461.5879163372501,88.72287622564528,18.070480325611726,12,12,12,12,12,12,12
2006-10-16,1165.5990596412337,422.32218550978297,562.0794614958743,18.406857931083387,1030.539767782534,485.1980042390204,385.74251368826333,18.324931102651426,631.9188095220488,462.48275197834806,72.83445265888435,18.045675358086108,12,12,12,12,12,12,12
2006-10-23,1158.0183380149504,415.9216857792532,562.0343445937183,18.412106684725586,1028.078378116713,483.0928694014527,385.7128932837399,18.332361762801987,630.6007320972885,460.898728163259,73.29711542004458,18.046731301261307,12,12,12,12,12,12,12
2006-10-30,1153.9439511163243,412.34863668620255,562.1043054287732,18.419669256862928,1021.6101932767551,477.5710412388557,385.75336506884713,18.33445062048168,626.1375853463511,457.1497238993575,73.29818490855592,18.039410647029065,12,12,12,12,12,12,12
2006-11-06,1147.3441491865203,406.75146855176223,562.0648658530342,18.427415851881193,1014.0331211803323,470.6927537034852,386.1645638614481,18.34328777888837,610.2238898343147,443.57844737496134,73.30019774334528,18.059412126543272,12,12,12,12,12,12,12
2006-11-13,1155.084596876375,413.371927988916,562.1162488074274,18.410927405584182,1015.7997364806571,472.25039968863507,386.1802434518671,18.332184970055625,615.8369972417427,448.333556806633,73.30908428667038,18.05725773319043,12,12,12,12,12,12,12
2006-11-20,1156.7127540588626,414.79612979441873,562.0984891078294,18.40711696812077,1017.4373984719386,473.6456535585022,386.1819598645736,18.330393510089717,608.3741328786288,441.9814008678271,73.30238120852641,18.065841394651418,12,12,12,12,12,12,12
2006-11-27,1150.4054985338519,409.38077300504074,562.0679362948093,18.42164053756177,1014.7809120683128,471.31880083701117,386.1844497078861,18.341348726488672,602.7995977297346,437.2378541566932,73.31614928453439,18.06774477660636,12,12,12,12,12,12,12
2006-12-04,1159.0114473285867,416.7070230629584,562.1068398689299,18.40979079075812,1019.7398791980944,475.61086512453596,386.1818250894096,18.327747586828266,613.0210964419153,445.9431673277504,73.3226396085646,18.055355899276236,12,12,12,12,12,12,12
2006-12-11,1162.4279135967324,419.64057876003284,562.0856226869082,18.4065284071526,1020.606980745104,476.361117503997,386.16344185163075,18.32787480365499,606.9727393814803,440.8024841020006,73.31374395089841,18.06138500631553,12,12,12,12,12,12,12
2006-12-18,1162.0521408163954,419.318082019978,562.0674677666962,18.40933882397119,1017.8380688768511,474.0227282099071,386.13789301130055,18.331163246206497,602.8142947345544,437.22432900620106,73.29566975389042,18.07848785524949,12,12,12,12,12,12,12
2007-01-08,1173.5210744061276,421.1278260348617,562.6943355525002,19.28182960553493,1014.6904577901885,463.70149449973036,389.2382877175028,18.96390330774364,588.0331455214352,419.1285141436511,74.3952146252285,19.14992354842071,13,13,13,13,13,13,13
2007-01-15,1151.350140696504,402.5257831719569,562.6829468618077,19.285093977157434,995.7510708589581,447.78996444406306,389.2345038455026,18.96319744316979,576.8387648742662,409.71170630741585,74.40316583102373,19.153283254084954,13,13,13,13,13,13,13
2007-01-22,1143.1002493076853,395.63638050690525,562.6554996086486,19.285185758836516,988.6484776350324,441.82615518760923,389.24439850164543,18.960835905719932,564.6001917002776,399.4831962661029,74.36365083549794,19.152463534112684,13,13,13,13,13,13,13
2007-01-29,1145.9200578912746,397.9575278408183,562.7003944888052,19.284922474004585,989.9617045900316,442.9457033525515,389.22972635458257,18.960698579916848,578.0777808577935,410.7817835917408,74.38191928889495,19.151077754886654,13,13,13,13,13,13,13
2007-02-05,1154.5834827698682,405.2369291944228,562.6922561766397,19.283879463480627,996.79991518939,448.692640378496,389.238346938836,18.959667356458908,585.1574026428696,416.6372939390081,74.41793051244525,19.163257716387324,13,13,13,13,13,13,13
2007-02-12,1162.8826769767766,412.17681361717456,562.7278366601556,19.28168325445699,1005.116065610314,455.6772786336621,389.2527684492327,18.958494739352506,594.1289446299766,424.1704964031647,74.4022583657636,19.165946985076488,13,13,13,13,13,13,13
2007-02-19,1163.4223807366297,412.65076601429985,562.7114225924382,19.281062391656533,1005.3331356408444,455.89395462422675,389.2255228075399,18.957515769953726,587.9142354555812,419.00917190274987,74.39747449566181,19.15409728405997,13,13,13,13,13,13,13
2007-02-26,1172.8299917932793,420.53524371412436,562.7148659198479,19.28094187855018,1009.4257809092576,459.3331312503063,389.236485458578,18.956154101326682,591.2147082308171,421.57999637957516,74.58329828422166,19.15728442415871,13,13,13,13,13,13,13
2007-03-05,1207.2342216083648,449.4161551114491,562.737268145436,19.273836739469093,1025.0780241160212,472.3497319410501,389.372203610949,18.95693747883763,602.6715460955197,431.1781766524313,74.59007781755395,19.15962316122099,13,13,13,13,13,13,13
2007-03-12,1210.836292914274,452.5095414961506,562.657941615932,19.274534799159632,1028.934498772198,475.6043238700736,389.3607595710572,18.9567669805514,604.5005349744577,432.70618217702145,74.61427585939089,19.15556043495299,13,13,13,13,13,13,13
2007-03-19,1207.5965915348477,449.6668589125396,562.7646647754224,19.27686596876817,1021.8068216248023,469.6063198111649,389.3702868619205,18.9563037790257,597.4497746893027,426.8200992012589,74.59784442291766,19.15205314971815,13,13,13,13,13,13,13
2007-03-26,1208.3007792738972,450.248137005338,562.7606290839686,19.278412953770395,1021.450820620882,469.31529709521243,389.35986930125745,18.956604382483683,595.9132496673685,425.52395075817316,74.59243059996925,19.154915111773615,13,13,13,13,13,13,13
2007-04-02,1234.0357862196113,471.87494660321926,562.7314573411143,19.27586969450151,1042.1303136960264,486.7138177723554,389.3762814159681,18.952413075040464,618.6357141682731,444.5015421531444,74.63341895047114,19.166644614558724,13,13,13,13,13,13,13
2007-04-16,1246.828132729419,482.524886501422,562.8158233267499,19.27480877831369,1048.753284806223,492.29157883031684,389.3797044399925,18.95060037752057,630.6382598918286,454.6327441523963,74.62787350922167,19.15457883076922,13,13,13,13,13,13,13
2007-04-23,1257.8943788917545,491.92464266606396,562.701671093054,19.27394210448879,1052.1073492797068,495.1058000243883,389.36253518762095,18.953647902783782,621.9741723978248,447.37364084738186,74.6211978880346,19.153318432154997,13,13,13,13,13,13,13
2007-04-30,1278.206266111906,508.9023004516439,562.7849338199007,19.270457390559287,1056.2606753169832,498.5722149086019,389.3800469245396,18.95466915489081,626.1087221459643,450.81171760200715,74.6317305159186,19.15815572324848,13,13,13,13,13,13,13
2007-05-07,1285.6472561447313,515.212521877362,562.7178118478535,19.269976539362048,1054.200401568077,496.86804951468594,389.3825853816958,18.950594793236064,654.3872860097107,456.2483216293855,92.96879080794986,19.149107191079217,13,13,13,13,13,13,13
2007-05-14,1291.5696525620913,520.0829638474213,562.8218985249432,19.26898635699136,1054.9002717875198,497.4925445337966,389.36598957028025,18.947975491175963,650.1767940288098,452.68813904698993,92.99004484323541,19.150226859647848,13,13,13,13,13,13,13
2007-05-21,1302.3920536075682,529.1295757353618,562.8558324716693,19.268265291750666,1058.3469627704326,500.3706233395961,389.391299562048,18.947207733840543,656.4728404459763,457.97879756135626,92.97153713040564,19.152816344734713,13,13,13,13,13,13,13
2007-05-28,1313.6304610205536,538.5211803236211,562.8554153392365,19.271688375578023,1061.9932075701774,503.43494794970593,389.401374177286,18.946012975839224,662.5304385391382,463.09601140352805,92.96851391666331,19.146323559777887,13,13,13,13,13,13,13
2007-06-04,1311.99448937719,537.2371002913677,562.7575042290376,19.272811337944326,1064.5208608938244,504.4069725741391,390.5048548302997,18.95259714929815,656.3736108897841,457.9697318800067,92.94520507889825,19.14246045188384,13,13,13,13,13,13,13
2007-06-11,1302.3078494621561,529.0252776577732,562.8113560381959,19.276804722490606,1062.4628589401802,502.64231285534004,390.5747390293852,18.94789253052652,663.1195705827932,463.6110091083652,92.94900451634606,19.146103627547923,13,13,13,13,13,13,13
2007-06-18,1306.213834198753,532.176228023306,562.9509671953027,19.275079634745726,1074.5770765082677,512.5805206061716,390.8213430756904,18.94784809594835,668.1034160368214,467.7159674299458,93.00427808354408,19.150935137894553,13,13,13,13,13,13,13
2007-06-25,1310.9860109956257,536.3183537799322,562.8241573921438,19.273524376529597,1079.547653159123,517.0143465492501,390.573436855567,18.946913224106883,674.6735096069835,473.24438196534396,92.99238580245702,19.15042399430508,13,13,13,13,13,13,13
2007-07-02,1298.5247099038324,525.0663145504967,563.5921341900545,19.277511822562122,1076.1136110738332,512.07489127854,392.6012644919779,18.95014632692524,674.3516258056103,472.99408860564444,92.97751288817398,19.149374990853786,13,13,13,13,13,13,13
2007-07-09,1301.0341161209412,527.1445480542709,563.59600526437,19.279888527337718,1075.7111301102505,511.7091401397746,392.6196489422616,18.951330876260247,678.8739377282888,476.784256295297,92.97650100119898,19.150701243366207,13,13,13,13,13,13,13
2007-07-16,1313.7548518126728,537.8140256629489,563.6031619510567,19.27858640545217,1088.25067582346,522.2578893294123,392.6096749583213,18.951716981103484,687.3000426736311,483.7990044844267,93.02816823544134,19.151814473797927,13,13,13,13,13,13,13
2007-07-23,1299.3923045328816,525.7866855873734,563.5691128274442,19.280799388381638,1083.5906774945097,518.3508862537776,392.6083799947518,18.95050828747843,684.7186110082378,481.6906680999878,92.98680016898544,19.148330814278697,13,13,13,13,13,13,13
2007-07-30,1283.8411260003325,512.7303578073667,563.5631749848682,19.28354922561467,1082.066146856233,517.0615861609988,392.60166662552433,18.952386340945097,684.6670625213749,481.6509995288184,92.98322884480365,19.148325789637866,13,13,13,13,13,13,13
2007-08-06,1279.1634786585435,508.8411230217016,563.5462284378946,19.281850622119922,1088.1086282779029,522.137202872528,392.5890709539216,18.954561535241186,688.617554917369,484.9377843749512,92.99942293903678,19.150929582432898,13,13,13,13,13,13,13
2007-08-13,1266.7476565219183,498.5682655253832,563.4262557346619,19.28005570301207,1079.4580193480456,514.9746637867405,392.42364051733693,18.9618731077449,676.4367296751519,474.83275728352316,92.91178329067532,19.14455909889079,13,13,13,13,13,13,13
2007-08-20,1263.674937295662,495.8666778354999,563.5455380856087,19.280759491427673,1079.2106403443006,514.6373721563123,392.6004957920783,18.955643108769884,680.0131513448925,477.6852943589611,93.0299133631595,19.15104804356096,13,13,13,13,13,13,13
2007-08-27,1257.9041888151082,491.0465711711364,563.5297453656927,19.28052707896917,1075.036601310774,511.53010373798986,392.1991352372967,18.955606939278415,674.4086829712672,473.0094165001062,93.02912509680641,19.1453643896085,13,13,13,13,13,13,13
2007-09-03,1263.1351062245596,495.3842533184833,563.5741128214005,19.28090344372472,1077.7665703447394,513.4560637005428,392.5929438721961,18.95234819935663,680.989670774202,478.5612383634627,92.98693539302297,19.148254170495353,13,13,13,13,13,13,13
2007-09-10,1278.1917545728531,508.0069113845819,563.5824636096984,19.27999515483025,1091.5430620307834,525.0328448594898,392.5915684082031,18.953140985401646,694.9430690470487,490.1931490912391,93.04742049394667,19.152045534368135,13,13,13,13,13,13,13
2007-09-17,1277.7676224331428,508.0988541527476,563.1427067901777,19.279130778722752,1107.2046291785919,538.3047469959818,392.4782906046014,18.95410471088909,712.770540745269,505.119346782631,93.07323261841344,19.154025858854467,13,13,13,13,13,13,13
2007-09-24,1282.4961022659718,512.0556474858532,563.1621460875436,19.277797478006985,1118.4078869867171,547.739038084448,392.46387759066556,18.953884139323623,719.8282543174273,511.0051863637956,93.12578118533418,19.151027340588804,13,13,13,13,13,13,13
2007-10-01,1279.729352145136,508.39015087835975,564.5169771350922,19.276805860599225,1117.2558524966387,546.6663245430099,392.5670511806675,18.9540194561118,715.4944355528953,507.4447924178424,93.0524736156363,19.150323577494095,13,13,13,13,13,13,13
2007-10-08,1266.829727075648,497.57165676119996,564.4835195301958,19.280971022551487,1106.3952934789063,537.5025548601093,392.5779875012447,18.956933629630832,707.7527912300676,500.9248542262688,93.05600341526161,19.15414143820759,13,13,13,13,13,13,13
2007-10-15,1265.5244869702155,496.4500980558902,564.5080769870623,19.28127957720682,1108.3236639022302,539.1648550896689,392.53966718815366,18.95656159236094,710.0851822958798,502.8724245911886,93.0849605195404,19.1503285363174,13,13,13,13,13,13,13
2007-10-22,1279.6963029669323,508.36236559923833,564.536707044155,19.274621033461695,1125.9891692753965,553.9883569833102,392.5754336750972,18.955444988254328,698.9818596571084,511.84038723561326,74.76090475591678,19.157913424302695,13,13,13,13,13,13,13
2007-10-29,1283.436411944469,511.50947137532216,564.5407087662784,19.27291455641761,1134.471561283005,561.1523246197879,392.57723189193973,18.951075127874027,712.8626302183574,523.5639970562789,74.70228502566499,19.15473954801908,13,13,13,13,13,13,13
2007-11-05,1300.2918078554796,525.5960543601014,564.5733088270568,19.274293679838788,1152.3012394639995,576.1081152553287,392.58713319683534,18.95394772558362,733.0780095742821,540.4463947291638,74.78249850414102,19.155328632507352,13,13,13,13,13,13,13
2007-11-12,1333.1328532575658,553.1236133924765,564.5820165130342,19.274057281993574,1196.5363108287893,613.2238090938654,392.59736321233083,18.961137801992376,764.5162900689195,566.7938607517402,74.81310553463197,19.1564821208142,13,13,13,13,13,13,13
2007-11-19,1327.8852005266317,548.6995032075589,564.5727510584842,19.27766954024004,1199.3731226014952,615.5750569673094,392.589345952725,18.966025692599967,763.6480073408768,566.1200258086881,74.79575972029681,19.149508341504497,13,13,13,13,13,13,13
2007-11-26,1328.5265356788827,549.2342907380863,564.5610994781244,19.279227347222914,1213.2246857587857,627.2201139410706,392.5994568960092,18.964640457228782,781.4829742802026,581.0143505802298,74.82940486030168,19.156882686986783,13,13,13,13,13,13,13
2007-12-03,1312.145780835776,535.502198498579,564.5515194975312,19.280155084246147,1208.4126420714824,623.2159034539759,392.5929349107454,18.96063476045556,777.3926058230119,577.5868814029428,74.79184733525813,19.162776402383106,13,13,13,13,13,13,13
2007-12-10,1293.229735549614,519.6014808680045,564.5623002980067,19.283613602988453,1190.4393809954554,608.8541928578434,391.89793219066894,18.95446946342961,752.5372095191253,556.8035360453986,74.77276654165394,19.152223798865585,13,13,13,13,13,13,13
2007-12-17,1303.672525993996,528.3522314316525,564.580306155263,19.282067388383645,1185.077419021836,604.342360704783,391.89804479984775,18.95496433128033,759.734411299289,562.8070396001172,74.7825817530437,19.15727387263604,13,13,13,13,13,13,13
2008-01-07,1339.5148672616162,553.7408261665627,569.4102709365205,19.263994908307083,1204.7437739900618,619.9682008971143,392.92492538062027,18.940857898538226,778.7653929656564,583.0784567663186,70.77580633952891,19.103818221888368,15,15,15,15,15,15,15
2008-01-14,1328.883631928846,544.8563210031033,569.3984264055613,19.262101868475497,1190.9379586775458,608.0805382161407,393.19136185174386,18.942512877551273,762.482631762924,569.4782866754958,70.75404579103372,19.094677525175697,15,15,15,15,15,15,15
2008-01-21,1307.8561578127385,527.2274551688797,569.3678088122238,19.265165624067063,1171.4285484357526,591.7075312139556,393.14790335144244,18.944213264425613,743.927194439378,553.8899874703397,70.74533812459208,19.09784220590263,15,15,15,15,15,15,15
2008-01-28,1301.8172513715251,522.124574732974,569.3711977693144,19.269106135616802,1162.5284487158713,584.2242147995261,393.1600035268676,18.94282994527023,736.3840975408111,547.5273915331734,70.72943694892115,19.106504549045628,15,15,15,15,15,15,15
2008-02-04,1309.9220563667334,528.9181750849374,569.3882670903569,19.26744723196883,1169.3718657871698,589.9607345505294,393.1740153548981,18.943193280438656,742.0216525735194,552.2482233325063,70.75112446110461,19.104723817357588,15,15,15,15,15,15,15
2008-02-11,1300.5255177073648,520.5783822072223,569.8451294663606,19.267926982913018,1168.5483525590632,588.8731334469313,393.61624728552874,18.937504615866022,736.3581027839336,547.5033357487699,70.74414550039671,19.104100722921654,15,15,15,15,15,15,15
2008-02-18,1331.6442855148448,546.6700440349014,569.8517137796637,19.267204261326,1200.319665461367,615.5355396915469,393.64824798944903,18.939650053196203,776.9141146127979,581.4522590717,70.8070236073711,19.111239233226858,15,15,15,15,15,15,15
2008-02-25,1345.85181963108,558.6655133117699,569.8222454834313,19.261534663693773,1221.4133382855948,633.3117684332874,393.63272391005694,18.936646273694855,802.7625566818465,603.0926832600594,70.90115828684407,19.10532518211176,15,15,15,15,15,15,15
2008-03-03,1347.2022589925016,559.8042875751619,569.8193078878169,19.26116490514238,1226.6970325380003,637.7657615577385,393.6253547928262,18.93616428251763,797.3986255467466,598.5446348913725,70.97334639493477,19.100404744133908,15,15,15,15,15,15,15
2008-03-10,1347.718725548667,560.2307040373358,569.8158584904935,19.262229561047597,1245.6241723475034,653.7143197427944,393.647160653018,18.929729196911545,814.1161387307268,612.5558672003447,70.98655787364623,19.102503204918378,15,15,15,15,15,15,15
2008-03-17,1352.5853840315062,564.2984651413362,569.8600852901734,19.258932846460695,1265.2951866165774,670.1962114760968,393.67531717303996,18.93308097296305,824.2233629002287,621.0573202839382,70.97030668715968,19.102667404729466,15,15,15,15,15,15,15
2008-03-31,1333.9708061311633,551.879755574373,566.6715740814094,19.258792222049667,1242.4753447320388,653.8849398016762,390.79982517929375,18.93303955233536,804.6627401430462,604.7030554851156,70.95076970392347,19.09393688667597,15,15,15,15,15,15,15
2008-04-07,1334.7166782985441,552.4683132133745,566.6804847660991,19.26177115217027,1238.6951568145505,650.6599529499065,390.8365596643014,18.934162698765494,805.6184856027206,605.2031682004567,71.22139181477121,19.099532043097938,15,15,15,15,15,15,15
2008-04-14,1349.3625912551934,564.7557361143655,566.6901150576786,19.260023787918207,1264.541246705523,672.3767211414164,390.865812423301,18.932530141163035,842.5071716870258,636.1239280685029,71.2270783999005,19.10736875789823,15,15,15,15,15,15,15
2008-04-21,1358.5363014678508,572.4758847139643,566.679535521084,19.25820457295776,1279.2628266931245,684.777340752343,390.8799058201671,18.928481239668688,852.9271739673158,644.900589848132,71.26109943236895,19.097012132025323,15,15,15,15,15,15,15
2008-04-28,1374.4408259125416,585.919570157848,566.6186155586101,19.253387258326793,1298.0384577586608,700.5779978388732,390.88708694858906,18.926246551571914,866.741557326829,656.4850534695721,71.28389202702135,19.09570512594591,15,15,15,15,15,15,15
2008-05-05,1386.3188561766156,592.7200079089814,569.7515767846774,19.2561499507058,1314.1260260340812,711.2266627911793,393.73255605407167,18.929821446932877,880.2476982328875,667.8163039724225,71.3123752674478,19.09261850563637,15,15,15,15,15,15,15
2008-05-12,1397.6983764014672,602.2135893765353,569.7728800646823,19.25891747435147,1338.0795935889137,731.3394203332722,393.7612645200801,18.929764384893385,914.758502988528,696.8064297144823,71.31318235156618,19.090632320669137,15,15,15,15,15,15,15
2008-05-19,1426.2647444609495,626.2697882274124,569.6993482228058,19.255982532649362,1387.4900544997568,772.9194046556604,393.79030243047396,18.923331662768366,969.795481320928,727.9997671871597,86.27557395497047,19.099207887182253,15,15,15,15,15,15,15
2008-05-26,1438.9241595680926,636.9726814309681,569.6231480689353,19.25485936450502,1413.1117002608923,794.5199300324717,393.7960327091906,18.91716888163188,994.4964034483211,748.7494647973905,86.26888633953945,19.098748200473878,15,15,15,15,15,15,15
2008-06-02,1445.8924607058534,642.7768344727782,569.6620178785419,19.254876887340714,1417.0461579474625,797.749247301481,393.80104168418677,18.924578429144844,994.8741232737581,749.056056971306,86.30664626236512,19.09486974012864,15,15,15,15,15,15,15
2008-06-09,1452.9394180318184,648.7218026466802,569.6466594937759,19.2528749044655,1408.6678713282136,790.6814692962513,393.8025565550207,18.92670906353708,965.0007053060692,724.0746320157356,86.24691663156705,19.088614503338572,15,15,15,15,15,15,15
2008-06-16,1466.4264882159268,660.1256110649258,569.5384614066945,19.254235448907178,1424.1987265547098,803.68118147114,393.81275583028173,18.931602256306363,1021.444694523274,771.2654003004254,86.30274062893363,19.109449823581304,15,15,15,15,15,15,15
2008-06-23,1466.82074051202,660.465084438331,569.5394502116295,19.253279088881854,1417.3959199624542,798.0059018078416,393.8037861477519,18.928041472277908,1004.9696033415092,757.4860473629162,86.28935353648228,19.10392294801321,15,15,15,15,15,15,15
2008-06-30,1479.9816909827794,671.5281789282081,569.5047727548036,19.25402052989166,1427.7617364708976,806.7170330567089,393.79002962169284,18.929890615177005,996.7291653745256,750.543951992944,86.30759544586726,19.1046570237004,15,15,15,15,15,15,15
2008-07-07,1494.0720190417649,683.3541994984939,569.7884818473342,19.22601003719605,1436.257029267811,813.9132074547831,394.0837068874953,18.895753144354188,1024.4706250216761,773.8115204367487,86.33191522192305,19.10462633911373,15,15,15,15,15,15,15
2008-07-14,1480.677550804392,672.3665022317128,569.5373152744033,19.22642719447957,1436.650214770104,814.5557806266033,393.7882418295894,18.89413843003377,1010.4744811058872,762.063450367395,86.32646995330163,19.104960691178594,15,15,15,15,15,15,15
2008-07-21,1458.8046097999006,653.9786617890267,569.5306610700617,19.23118055128308,1425.4196266066792,805.1120235993028,393.7760744663806,18.89513532634843,1003.3355692251267,756.1459177732182,86.27022726691735,19.102129646069923,15,15,15,15,15,15,15
2008-07-28,1428.3088333462974,628.3169062189789,569.4940881774831,19.243256242273503,1389.8378240547156,775.160491593178,393.76847608502453,18.898398661066267,969.8464524780672,728.0795991961977,86.24299663726242,19.098555958087875,15,15,15,15,15,15,15
2008-08-04,1412.6409660092993,615.2485609924234,569.4797369551728,19.237547415431475,1368.6034181828443,755.9915590219632,395.0483324612908,18.901475814120865,955.8367821404005,716.3245311553756,86.22430761411294,19.100138953031387,15,15,15,15,15,15,15
2008-08-11,1413.0588421086522,615.5755225080202,569.4755638302333,19.240331357775545,1343.4067726788335,734.734804087552,395.0286999092152,18.91044169211168,915.7551638249397,682.7541209429196,86.15958372366629,19.09726127485616,15,15,15,15,15,15,15
2008-08-18,1399.7999517933167,604.4394787806217,569.4827048936094,19.241289691972277,1319.1282691005238,714.3493283916009,395.0204543484358,18.907896142835597,910.8885487031481,678.679593278887,86.14367295749184,19.097913062391843,15,15,15,15,15,15,15
2008-08-25,1416.3138248822456,618.3119231498287,569.4863930195296,19.238578267213605,1322.26310448783,716.9131504411524,395.03237424552105,18.914378009697963,922.1424476101957,688.0138971789272,86.18335638457472,19.10949610912806,15,15,15,15,15,15,15
2008-09-01,1416.3109028510712,616.2672630211389,571.5364738015492,19.23778810796031,1321.3435795227695,716.15224540181,395.0691469424921,18.90912005709146,926.40819443327,691.5265583960659,86.33151095303685,19.097330340542896,15,15,15,15,15,15,15
2008-09-08,1407.1583514953847,608.6035893198957,571.5156233856119,19.238661344168243,1310.0526214966826,706.6596566075924,395.06593172646365,18.909158085149187,907.6123212436539,675.7910634983554,86.30052757939166,19.094913507720523,15,15,15,15,15,15,15
2008-09-15,1401.541971761572,603.8368682184519,571.5405908437913,19.241862344354544,1295.7700900852735,694.6809160284517,395.0665267232155,18.905540793322594,897.7977317137659,667.5289146809257,86.31432126380048,19.096078455706248,15,15,15,15,15,15,15
2008-09-22,1376.625005977391,583.1726075884068,571.3331913037924,19.239332301173835,1275.1049889879962,677.280171263469,395.05520839148846,18.90915968829486,875.1792047656938,648.6117704353094,86.21468373992718,19.10012218435822,15,15,15,15,15,15,15
2008-09-29,1369.9736602539153,577.4015207697609,571.4638081008974,19.245800689329524,1277.9095218854782,679.4899366250075,395.1405430054564,18.916180594925656,904.9900697566563,673.5241237279905,86.28220433616173,19.107993225379673,15,15,15,15,15,15,15
2008-10-06,1359.957628420883,569.0418083446482,571.4469418985698,19.24340578816422,1275.8394124009458,677.7955204753168,395.136611809344,18.91147389576465,899.1641007425546,668.6497552682914,86.2784787922302,19.105904399181586,15,15,15,15,15,15,15
2008-10-13,1314.0985519348546,530.582884805755,571.4220797104493,19.246155348470886,1235.8462495998795,644.1854252920507,395.13030046625954,18.90960744370298,840.5680625471346,619.5305877208908,86.22360127216336,19.102100371012757,15,15,15,15,15,15,15
2008-10-20,1248.2033228651467,473.3670954451338,573.3393689354673,19.250560242195835,1184.5756411936975,601.0479389545156,395.1029637793089,18.915280600836915,765.2414854931291,571.2107219375137,71.26578585653715,19.108088188405997,15,15,15,15,15,15,15
2008-10-27,1233.0141149001981,460.60542598618025,573.3255170549601,19.254977636464453,1168.4890923759026,587.5434007440427,395.0904258291214,18.913990214532916,765.0958218981839,571.1510507398236,71.18339486775608,19.11175356234945,15,15,15,15,15,15,15
2008-11-03,1212.724838441549,443.51950574976763,573.3177205982308,19.264402110560678,1147.8073781048445,570.4723851206583,394.66555421953626,18.9267700831997,753.6754807901713,561.8167844821207,70.91892365381557,19.11378970700551,15,15,15,15,15,15,15
2008-11-10,1182.2848355917067,418.0309598118706,573.2819283693348,19.26454802387206,1141.81827629494,565.0270486683436,395.06844495951657,18.927573754191254,745.415656934855,554.9032133780012,70.9239558701114,19.108868001115948,15,15,15,15,15,15,15
2008-11-17,1156.4061885595895,396.31592535081853,573.2653613216951,19.26861671683418,1118.5984645046121,545.5320516417958,395.05916699657473,18.925038033411628,703.0915247723186,519.3895865647388,70.89498750354062,19.110604555793557,15,15,15,15,15,15,15
2008-11-24,1117.5812606346447,363.8861004993986,573.2401682278922,19.25620889407244,1083.6357902234463,516.1971501167445,395.0383224508994,18.919403693758706,659.1616694004873,482.58657803759144,70.86998127351893,19.099079830393286,15,15,15,15,15,15,15
2008-12-01,1102.5375867178268,351.22103298882803,573.2524852651687,19.26113241189753,1061.5147891731967,497.5767971134832,395.0326754993095,18.922644419848513,636.1108842481101,463.25295153814983,70.8579221756716,19.097160450049298,15,15,15,15,15,15,15
2008-12-08,1092.7613199540647,343.07421011279973,573.2248872101206,19.258146509878745,1034.9165560344368,475.2036605884348,395.0126740680806,18.92635369145656,598.461846225818,431.727652973553,70.80955079900468,19.088067855106445,15,15,15,15,15,15,15
2008-12-15,1064.443944068947,319.2841477873492,573.2026071735492,19.267197877416404,994.6860535915545,441.3988277326435,394.9909901878031,18.92613136595648,572.8259195051995,410.1784021130736,70.75524348529711,19.107058686338686,15,15,15,15,15,15,15
2009-01-05,1034.6727215379951,292.9149338922327,574.8582154820306,19.23308785067623,952.8840457721908,402.97506511381164,398.0064661164166,18.964546449486214,538.8185162079578,381.0856340011498,71.18213076510426,19.137059544015017,16,16,16,16,16,16,16
2009-01-12,1082.0750508880456,332.67712292191106,574.9086635315143,19.225649744524116,995.2546502153389,437.98867460301113,398.66456806756383,18.95664768339537,596.0876190449225,429.0840572309412,71.206137727493,19.148371295673197,16,16,16,16,16,16,16
2009-01-19,1095.3998816338149,343.3618170282586,575.4324533250474,19.22145326533201,992.7995965714061,435.8126697853896,398.78915885828775,18.954879140969314,593.8338877295648,427.1289590454643,71.26990183258414,19.148323630472362,16,16,16,16,16,16,16
2009-01-26,1095.5884402965328,343.5349565053547,575.4392196408544,19.21863189790268,981.4505277360404,425.8804323548125,399.1904157636455,18.953485021825713,578.5923011478577,414.3717101387493,71.23473721983476,19.14839769839601,16,16,16,16,16,16,16
2009-02-02,1103.0603029467754,349.79486156580504,575.451567437592,19.218001644697573,982.1722487102099,426.47344596676,399.19251541971846,18.955157974651442,573.5140569483852,410.1279653173337,71.21630935771645,19.148411464031184,16,16,16,16,16,16,16
2009-02-09,1113.6393318039995,358.6951979332424,575.4511695639726,19.214650996041005,984.3094217142893,428.254638954653,399.19461069956145,18.957074663567067,565.2018583235388,403.1602873149891,71.20339218694477,19.149480187223023,16,16,16,16,16,16,16
2009-02-16,1115.5967075868791,360.3302308067708,575.4655186352363,19.213696819213265,975.7651385864123,420.8090168357916,399.44618352876927,18.958726278447884,557.923978754275,397.0685643720142,71.19769913355378,19.146738135159513,16,16,16,16,16,16,16
2009-02-23,1100.241214226781,347.43025314912353,575.4446782381087,19.21888620085694,950.8886647881833,399.60117006701734,399.73072457815516,18.960430724497442,525.5226591344141,369.9040933965511,71.15415763557661,19.150397459888765,16,16,16,16,16,16,16
2009-03-02,1101.4567891921092,348.19464138841346,575.678545558409,19.2216426187405,944.0986243954248,393.7629280050186,399.8873162133516,18.956509025612966,525.156233475107,369.61207800118865,71.14175068759567,19.149556803037797,16,16,16,16,16,16,16
2009-03-09,1109.6648968519012,355.11909931391364,575.6940979188396,19.21456422737261,939.7539097462984,390.0992759176945,399.8839118308507,18.958722707074354,515.4441122279258,361.46412955983374,71.15330956975004,19.14547718302511,16,16,16,16,16,16,16
2009-03-16,1108.8185792150314,354.3405978400104,575.7200760733119,19.2200262107167,934.1572438393105,385.2635961545606,399.98978178137673,18.96252471969894,509.15691972787204,356.1846229414988,71.14599361330028,19.148242602593847,16,16,16,16,16,16,16
2009-03-23,1112.5789556797574,357.4700031177218,575.7312961696609,19.22175381981918,941.8932555105474,391.7754354323112,399.994887813694,18.96041413235674,523.8914567529698,368.5773804868336,71.13941025225512,19.14292739933763,16,16,16,16,16,16,16
2009-03-30,1139.5823896200936,380.12859177146964,575.7526217403929,19.217992101060506,965.767745830649,411.8607796826838,400.00416396862903,18.956700050031447,554.77781080364,394.4401653287794,71.2010181030139,19.14277141787725,16,16,16,16,16,16,16
2009-04-06,1147.7383921827122,386.97287734868604,575.7750265001855,19.21484197413322,970.7709510267975,416.0879928827244,399.9805399358852,18.957037550983994,549.4221634996707,389.73023450126806,71.39905761547618,19.147096680332613,16,16,16,16,16,16,16
2009-04-20,1154.1113238551861,392.1844768220403,575.8899297674628,19.217212643921187,970.6924912532836,414.9661898481565,401.0495964240711,18.9551118474876,549.6326877755417,389.83175441955206,71.50582733676623,19.13893632577751,16,16,16,16,16,16,16
2009-04-27,1161.4935420462007,398.4872170071513,575.7926458085005,19.215595680024073,971.6838313145795,416.2474794514371,400.60807351232,18.95418079598854,534.1339727969405,376.8345056334616,71.48937123233509,19.140202063525287,16,16,16,16,16,16,16
2009-05-04,1149.4675682211202,388.22544332317733,575.9643321304125,19.215905155224128,972.4585528690899,416.8967279345658,400.6042215467879,18.955036503143614,528.4068466265563,372.0509292384687,71.47373320419422,19.138097916903682,16,16,16,16,16,16,16
2009-05-11,1187.5622117682874,420.1389717818469,575.9925922691889,19.21740607623633,978.7980140897783,422.1089562901685,400.70241841065,18.95776409820269,553.0829605814671,392.7166987970466,71.48419823446102,19.147326969496692,16,16,16,16,16,16,16
2009-05-18,1198.501135770085,429.3158893052488,576.0047443956493,19.21580992106265,982.9830266549226,425.63058648139,400.70783615022725,18.95647106961861,572.7737952577493,391.1200513010671,89.6293444658537,19.141864826273046,16,16,16,16,16,16,16
2009-05-25,1219.5906368246142,446.96911542977375,576.0371642396155,19.216339240728434,977.3281586701984,420.89298019650903,400.7048776896494,18.954565094011993,568.5166926531517,387.49887545661045,89.71015667864873,19.133682384287418,16,16,16,16,16,16,16
2009-06-01,1230.3027302706114,455.9412259180654,576.0291591994035,19.218802013447945,981.8857224202201,424.70111460916297,400.7036087639996,18.958093480198432,570.2257824683013,388.92435103443876,89.71104479894063,19.135732006499154,16,16,16,16,16,16,16
2009-06-08,1244.6349579605899,467.9543546571649,576.0510957295642,19.217285455697755,1007.6738923126313,446.3943248341824,400.72669658998166,18.9527667036935,594.1731289089854,408.9661967986857,89.7407142138942,19.14275013806603,16,16,16,16,16,16,16
2009-06-15,1270.008759231788,486.6487757203221,578.7436903495174,19.205719927489657,1030.7892183549927,460.4907872018399,406.21103489720883,18.932393133608947,616.6871946429795,427.85991996879125,89.75429458112376,19.14031286393713,16,16,16,16,16,16,16
2009-06-22,1278.935216587932,494.10801189932755,578.7923920234948,19.203535753345694,1043.6702447675152,471.31934626228065,406.2112859239397,18.93262827388554,633.9293440988247,442.3043104846544,89.78357785588133,19.13996878897393,16,16,16,16,16,16,16
2009-06-29,1257.9701559967698,473.3451353872209,581.9401313359273,19.20664446524444,1036.2628970462738,465.1001101484294,406.2034791448484,18.932471962705442,623.076091659753,433.22815205520465,89.74077755551536,19.142085959781465,16,16,16,16,16,16,16
2009-07-06,1245.6247294595767,462.93821896015135,581.9795788594322,19.2079158818814,1026.1391407778399,456.6688216920856,406.11022783391394,18.934174553912555,615.4506652272668,426.82158656289573,89.75335849383191,19.1406341164458,16,16,16,16,16,16,16
2009-07-13,1220.9075507703476,442.2154893104335,581.9590439737792,19.208934716944444,1001.3574231546881,435.82881327237527,406.10126076592957,18.93593708461944,588.0121457934779,403.8196751679031,89.72793337837646,19.139903752231536,16,16,16,16,16,16,16
2009-07-20,1214.8846416939546,436.8954941491678,582.1997877767936,19.21207596977349,990.7707836878733,426.6687021950665,406.321828105786,18.94142221881382,592.9659950985366,407.9608477960317,89.73682897106113,19.14180491061975,16,16,16,16,16,16,16
2009-07-27,1236.3991211909836,454.8856618731982,582.2204497601331,19.21626025747618,1017.187580793562,448.8706676181758,406.3342056402434,18.940807355081123,609.880517804428,422.14470701323825,89.73268723265136,19.14581981158183,16,16,16,16,16,16,16
2009-08-03,1258.63242258976,473.5895422429863,582.2410871296495,19.20779598311397,1032.1951792732752,461.7622005776045,406.09866569696214,18.93555976364509,617.5425523874144,428.55538128113193,89.76599674971573,19.14279027685824,16,16,16,16,16,16,16
2009-08-10,1270.9972454200415,483.9317517972645,582.2699000609684,19.207960633420512,1044.7611709132977,472.3559148302777,406.10943058980195,18.93026587334484,635.7596873649338,443.8686888205527,89.7616079406584,19.13860424034801,16,16,16,16,16,16,16
2009-08-17,1282.0152855997146,493.1935076333488,582.2687156081181,19.205980265461314,1054.9103182849478,480.84647981898723,406.1122788799299,18.935667294429717,641.9603594953313,449.05757010669777,89.7944514408756,19.13481509295122,16,16,16,16,16,16,16
2009-08-24,1271.0970611890586,484.0609235117961,582.2490467223988,19.205212055729532,1049.5252763928602,476.3446298873221,406.1214456156021,18.930948795366152,642.7262928254312,449.6930898829087,89.77655681278691,19.140399605833725,16,16,16,16,16,16,16
2009-08-31,1257.478392352266,472.6244288715767,582.2405684681736,19.207519021247606,1044.3177474366942,471.94745065958483,406.115853700763,18.934220602403986,631.7866614215076,440.51994364143326,89.75563451329054,19.143080965566327,16,16,16,16,16,16,16
2009-09-07,1252.9079389563099,468.8043107617017,582.2293838767099,19.20720956404249,1035.168101935472,464.26296841987215,406.1028260668043,18.934832744201795,618.2025545797926,429.16753894738963,89.75696112282492,19.131502655231127,16,16,16,16,16,16,16
2009-09-14,1241.793567078518,459.4332041717156,582.2635490319691,19.2087393245151,1019.8493149045454,451.3575471378435,406.1130485850609,18.936943143192572,615.2984340210238,426.68986448504245,89.78630890248803,19.13394377621044,16,16,16,16,16,16,16
2009-09-21,1233.237142308694,452.2979051739912,582.2083272415855,19.210218717491887,1020.5524611258545,451.97660624136574,406.094872231669,18.93559997378771,614.7334712899983,426.2190119561503,89.75066188031394,19.141395795450777,16,16,16,16,16,16,16
2009-09-28,1213.9619971422721,436.15724869302954,582.1969749588211,19.208225286184373,1009.5692673731229,442.75090171674685,406.1013860268961,18.933444834870635,605.8231128393674,418.7799364974414,89.74760479299857,19.132802778396243,16,16,16,16,16,16,16
2009-10-05,1224.437158438325,444.67157560605153,582.4667520998529,19.208593955702547,1018.277642636032,449.88917416527465,406.25092762535223,18.93820187914252,614.9734113712653,426.2826876752799,89.92723933738563,19.13242640066018,16,16,16,16,16,16,16
2009-10-12,1213.674221587665,435.627071292219,582.4726774719259,19.209755533377248,1016.0282637812788,448.0532885327121,406.2331372706578,18.932975298747976,615.4067327598061,426.6118783516549,89.95290513346106,19.134473048633232,16,16,16,16,16,16,16
2009-10-19,1234.024168818951,452.7119262531775,582.4867073167795,19.206510596263985,1038.4413408739204,466.92520160369423,406.25020104464835,18.92700340897439,613.3972252360122,443.089050417503,71.75652000548587,19.141983630558347,16,16,16,16,16,16,16
2009-10-26,1249.147357113042,465.63057676251077,582.2425017936118,19.207887164565573,1050.5449382122208,477.22013020739104,406.1037285643329,18.930891289749646,637.7227126400771,463.6784069848605,71.5703639099608,19.145105475710178,16,16,16,16,16,16,16
2009-11-02,1264.8863670978249,478.5817243011692,582.5198017629747,19.205027608391372,1058.4717056890256,483.7520895353005,406.25304619271725,18.92871885769551,632.9915695271186,459.49527840245304,71.78354870689071,19.14488912934623,16,16,16,16,16,16,16
2009-11-09,1260.3451652988965,474.7757088306111,582.5192676404406,19.20468680420371,1056.8849781086183,482.4088588227195,406.2539181878087,18.929812911033753,630.7651528545259,457.8581934334579,71.56872362329284,19.141118921785484,16,16,16,16,16,16,16
2009-11-16,1252.5975819300072,468.28652054354313,582.506787393634,19.204944727807025,1048.1340668188013,475.04897997344176,406.2514410369748,18.93039442975744,624.7633251218864,452.82371902524056,71.56470249693376,19.141327207101117,16,16,16,16,16,16,16
2009-11-23,1256.7964068914664,471.7823593887621,582.5169364812242,19.206795623854024,1048.5340627015323,475.3834388884073,406.25414829916934,18.930281324138566,624.8885589410058,452.92151063505094,71.55830828742592,19.14444300732387,16,16,16,16,16,16,16
2009-11-30,1248.045569959966,464.4310051509369,582.5056849131595,19.209268507301744,1040.7680358369341,468.8244631744373,406.2514374807285,18.93460156515741,614.1757960137269,443.9139730164693,71.57388446114453,19.14457093499992,16,16,16,16,16,16,16
2009-12-07,1254.3347078030129,469.71933191812553,582.5074129608679,19.207643590855707,1046.6605319972466,473.78776939895266,406.249205303011,18.93369961548631,614.8126868039526,444.4689311771476,71.55704626432339,19.14374734626344,16,16,16,16,16,16,16
2009-12-14,1237.3029100524027,454.2115690387304,583.713731549879,19.20924457190955,1038.0976447297678,465.8022480688839,407.01650539128053,18.936221364902963,609.667771349172,440.1596669365461,71.54207405075294,19.145143061826055,16,16,16,16,16,16,16
2009-12-21,1235.9455411325732,453.0763596242092,583.7069809332023,19.209625847969836,1040.5598947119684,467.86795874708673,407.01407127349955,18.9371662700037,620.322262451074,449.1080560943952,71.54654738593871,19.142759576984073,16,16,16,16,16,16,16
2010-01-04,1261.1777039313617,472.20361154301924,585.8564624749956,19.19717366727598,1063.2035906121466,484.97457299918204,408.8957229579277,18.94383283804319,647.4080757320681,472.3660658181543,70.930988770069,19.16281714848478,16,16,16,16,16,16,16
2010-01-11,1304.5663624844033,508.61054176838763,585.8670828965099,19.195343338684502,1091.9876006180566,509.1647648033052,408.9017593407222,18.944278208617508,668.7312079330308,490.30091730483423,70.93243998168555,19.153859842944325,16,16,16,16,16,16,16
2010-01-18,1290.0553279248231,496.40226949748495,585.8578302297308,19.200119107225927,1087.735865357756,505.5580874031795,408.89498804286944,18.949336446507512,658.8872355080365,482.02570317456536,70.91595284974801,19.160354140340733,16,16,16,16,16,16,16
2010-01-25,1284.2612248121386,491.5448133333864,585.8580583111386,19.199721720795992,1076.8110335695364,496.000755463338,409.2855819204199,18.94701036596645,648.0651603330626,472.9461198844097,70.92703499184353,19.157409135318716,16,16,16,16,16,16,16
2010-02-01,1279.045979907474,487.16739058623006,585.855239047733,19.2002800857789,1066.6327542171296,488.2695530945439,408.46914872349294,18.94577005036714,636.6826592699506,463.4184662639073,70.9042641871402,19.15694822350082,16,16,16,16,16,16,16
2010-02-08,1282.0764068860626,489.7055983151698,585.8656953238668,19.199574632412006,1069.602433021031,490.7632326036081,408.47848868063124,18.944929678473247,646.8528407066918,471.9626317170426,70.90161930470077,19.15554201427484,16,16,16,16,16,16,16
2010-02-15,1275.329249877337,476.836162277977,593.072695540585,19.199802913830137,1061.0264174273605,482.7073911144782,409.30697260953815,18.947234548751666,645.4474106176672,470.6832948102808,70.98548759951132,19.159056526422237,16,16,16,16,16,16,16
2010-02-22,1286.5744080568147,486.2805200499394,593.0842901786093,19.197364585602006,1077.4251408585453,496.49270927151906,409.3155434564311,18.94627120185209,658.9189285141767,481.9608421488566,71.01555883336391,19.158598331461633,16,16,16,16,16,16,16
2010-03-01,1306.69731734804,503.1404608287075,593.1068001801252,19.19731650189378,1100.4228536966998,515.7594793606761,409.31749746436867,18.954733634541356,676.0291133008499,496.32424850651626,71.02352038032996,19.156036275112143,16,16,16,16,16,16,16
2010-03-08,1329.1804057366533,517.231815668228,597.9119152459049,19.193640146016406,1107.4602863252112,521.2411137645655,409.8183980279272,18.946240524744614,679.3109551981029,499.10316297703145,71.00359748509919,19.155042933967472,16,16,16,16,16,16,16
2010-03-15,1363.2792069180373,546.0466211132388,596.5404981909388,19.31512126167313,1130.2280251098111,540.4039025511818,409.4213203745794,18.99326295298334,690.6095184877197,508.5543942101348,70.45526469736558,19.274265612561734,16,16,16,16,16,16,16
2010-03-22,1356.5455239182897,539.1436948441383,597.699682483611,19.32563015909629,1129.037649300969,539.1249129753261,409.6960927093802,18.99374513596602,699.3621508124487,515.29582467482,71.02721422793661,19.27932290043271,16,16,16,16,16,16,16
2010-03-29,1379.872962439128,558.7543242701546,597.7037138098641,19.31889588748318,1143.6061793750557,551.37961133929,409.69914158636743,18.991932335800723,701.8076988907155,517.3220453008397,71.0494670357674,19.279687098312728,16,16,16,16,16,16,16
2010-04-12,1381.2435812045426,559.8589229184503,597.7227283015521,19.321481966202366,1164.64394184121,569.0988503913544,409.70295407919866,18.98669746233065,732.3995282822287,542.7316491899164,71.30183106189111,19.27680685780859,16,16,16,16,16,16,16
2010-04-19,1382.6643176867274,561.0508451768062,597.7123671649924,19.322420919148488,1166.8843166845534,570.6378267202153,409.9998857751399,18.99239666352117,728.7965703659164,539.6988467504091,71.29550146818735,19.280411102129168,16,16,16,16,16,16,16
2010-04-26,1390.2742078025385,567.4397965269585,597.7088506855322,19.321617128307157,1170.2487480288316,573.4708885477863,409.9992812850718,18.99178886409098,731.2198030818907,541.7631918883657,71.26724860997649,19.279525905348304,16,16,16,16,16,16,16
2010-05-03,1398.7188171571186,574.5088327979047,597.724242478218,19.320879666157396,1187.2760369562222,587.7831135304015,410.0086473675883,18.990362867668996,746.9712280958132,554.1439305041315,72.12441496691531,19.27334879650989,16,16,16,16,16,16,16
2010-05-10,1392.6939722642703,565.791200007822,601.3171818669923,19.328589691651494,1185.0374444675715,585.4066950906152,410.49809097475963,18.991038204507753,747.2170486784905,554.3915255721604,72.08905371505864,19.27218071606304,16,16,16,16,16,16,16
2010-05-17,1386.9965964421792,561.0039824698464,601.3083780830553,19.33079639473139,1181.066037034688,582.0307192606928,410.4984893933856,18.995594964532632,773.1395811094628,550.923576408083,96.90545269407914,19.343151723375353,16,16,16,16,16,16,16
2010-05-24,1360.5043576571225,538.7290080295601,601.3398663667789,19.335277737277313,1157.0531630070655,561.5690435980072,410.7375339933309,19.000857309162072,744.1051327935295,526.4958096836716,97.02587018442318,19.33909546672764,16,16,16,16,16,16,16
2010-05-31,1368.4827961711176,545.4834174882874,601.3271794494692,19.329451596041725,1158.4604294235307,562.0952082583619,411.4332008906464,18.996057899961784,741.2440428162067,524.1234791309638,97.00320765931122,19.338624242124958,16,16,16,16,16,16,16
2010-06-07,1375.3703460894665,551.2134887929791,601.3852253640513,19.32777029821375,1168.4421464398204,570.4359809139884,411.4720099933995,18.99711146663091,750.651435078256,531.7638195144284,97.245347265095,19.33871153603869,16,16,16,16,16,16,16
2010-06-14,1380.245484858307,555.2717160808008,601.3898884149091,19.33010307367095,1176.2833387548108,577.0278869676214,411.4774765136682,18.996151382751243,762.2044359914331,541.4793673358583,97.21780088436924,19.337375193844487,16,16,16,16,16,16,16
2010-06-21,1384.5585583627046,558.4775622435864,601.8242799765071,19.32744635771012,1184.4812983410548,583.7061113706576,411.7110602426783,18.993456424032807,772.9352029127853,550.4800061542059,97.2517390788978,19.329523155395727,16,16,16,16,16,16,16
2010-06-28,1386.5259975137178,560.1228625449199,601.8213607844328,19.328102818985972,1186.9601329993698,585.7999359385431,411.6850000332332,18.995294083614574,768.7110585232039,546.9514059736638,97.25735969646416,19.32638912846278,16,16,16,16,16,16,16
2010-07-05,1367.2424051346827,540.7507513494265,601.6815818050318,19.67819585073228,1165.399720843541,564.1175857979931,411.54308150300244,19.447238153755574,750.2328449372358,529.8104636778963,97.2393965359322,19.644846851795954,16,16,16,16,16,16,16
2010-07-12,1362.209595644494,536.1701910831614,602.0455059122303,19.67938934952232,1155.6100244728261,555.1057505008492,412.3316606232064,19.45062400782439,740.3833140872174,521.5479791961909,97.17940058082581,19.662283953563566,16,16,16,16,16,16,16
2010-07-19,1358.3537337445007,532.750680561875,602.2522993620482,19.678428847433338,1153.3699199190455,553.1436006400703,412.43637701569367,19.448408895055824,742.2260683322507,523.0701786328548,97.24544206575251,19.65297077257968,16,16,16,16,16,16,16
2010-07-26,1359.9768001098703,534.1398977149206,602.249261024085,19.675270540152688,1149.887913916319,550.2618296874709,412.45214056308737,19.44232133839776,732.9245331037888,515.393701885146,97.1964465568717,19.64353899059819,16,16,16,16,16,16,16
2010-08-02,1356.7389089607175,531.3460390445622,602.2886521265424,19.680433170154174,1148.4801585132354,549.0114966910363,412.50974064773834,19.444076107139495,730.5687479780131,513.3495768709715,97.23263186142049,19.651168594433962,16,16,16,16,16,16,16
2010-08-09,1366.094964633399,539.1898733231965,602.303216589049,19.676148432788185,1165.2824902211132,563.1035276221237,412.5181725352778,19.439992984279964,754.4460158395832,533.2667387663791,97.25078213120798,19.655043806804105,16,16,16,16,16,16,16
2010-08-16,1352.6155725787723,527.8917839785781,602.2924280353388,19.68098281681855,1154.7938250431955,554.3003632138008,412.51813825569445,19.44266925881034,741.4293870677358,522.3708550961628,97.24298469152006,19.659913878262365,16,16,16,16,16,16,16
2010-08-23,1356.7176244878497,531.3856739843163,602.2769837870178,19.675603248237806,1155.8961783645373,555.2300989834043,412.5056920777879,19.443363471863893,737.7720146261487,519.3602839643871,97.23641926523851,19.652280130890723,16,16,16,16,16,16,16
2010-08-30,1344.3784299735964,521.0606111998902,602.277688329162,19.67707595630034,1151.2318912336332,551.3259633101674,412.5073164700358,19.443052588531202,734.0686017300937,516.2495712236555,97.20426178018374,19.661588572305753,16,16,16,16,16,16,16
2010-09-06,1347.0903093385589,523.314916506127,602.2937928964516,19.676606807132163,1155.2220019574752,554.6690936566156,412.5080444695136,19.442649791709936,739.8944843659833,520.9374453740335,97.38942286807071,19.660736475756654,16,16,16,16,16,16,16
2010-09-13,1357.6863280530429,532.1907676379014,602.3001609809178,19.673616932834527,1161.9245627215541,560.289029219616,412.5162982912751,19.440604390455057,753.5511296769803,532.3844373642034,97.42189851482794,19.64807064464286,16,16,16,16,16,16,16
2010-09-20,1356.0048920800953,530.7567087363793,602.3030043852023,19.676383898982625,1167.2863138233092,564.7702000420842,412.5153432891658,19.44168434584718,757.270952423486,535.4706766447415,97.41770101454631,19.65316146651677,16,16,16,16,16,16,16
2010-09-27,1332.772774076912,511.37274452317445,602.205340074038,19.683818540572624,1155.9171602872632,555.28943071121,412.4506895793776,19.444997272632545,747.6664629023452,527.4958203153728,97.33423400534741,19.659170958920285,16,16,16,16,16,16,16
2010-10-04,1337.467804834211,515.3557579975864,602.2019285953961,19.677741997520748,1160.476507148678,559.136315572958,412.4510870747231,19.441287936242638,753.6853237208396,532.5386326577451,97.33079575952718,19.65739083649295,16,16,16,16,16,16,16
2010-10-11,1352.1244506210367,527.4132142191048,602.4249510016704,19.674170358444727,1172.414297561267,569.0725855106452,412.51262883296965,19.440908484472153,763.311577662999,540.5239747423439,97.40719807687424,19.654221362107982,16,16,16,16,16,16,16
2010-10-18,1357.6739695384497,532.0235551144174,602.4327579201513,19.676179147594826,1172.7607481373352,569.3424168149072,412.50581244840384,19.444198521116377,735.9049119868515,543.2111134415771,72.47566903555082,19.525858428541078,16,16,16,16,16,16,16
2010-10-25,1366.4837832908388,539.597414152227,602.2823384749254,19.66967451230606,1179.3591272050924,574.9342663591992,412.4729055535072,19.440000108623448,731.5802990503227,539.6257738303685,72.4484041453652,19.524777449331786,16,16,16,16,16,16,16
2010-11-08,1365.22743603192,538.4931117720579,602.3267635436492,19.670726779204383,1183.6769315375493,578.5292394518332,412.4962772002244,19.439601871838622,733.5152005357334,541.2351201581108,72.45358456248948,19.525615331259452,16,16,16,16,16,16,16
2010-11-15,1372.4440988825704,544.5064456320414,602.3433060709109,19.670784847329315,1194.2588050489633,587.4113863639749,412.50251155580986,19.436164207087494,753.362770602168,557.8734363913237,72.47479794254537,19.51532971267805,16,16,16,16,16,16,16
2010-11-22,1368.8111102639366,541.4469246762216,602.3359016495775,19.674039403179467,1190.0827621176363,583.8823497089242,412.4958882982638,19.44086258827452,739.9728341760502,546.5604989295223,72.46948012661642,19.537479477862824,16,16,16,16,16,16,16
2010-11-29,1384.9791643908309,554.988985555083,602.3481432213785,19.669466221569603,1200.661847379105,592.7297516808766,412.50447082331493,19.441003947127218,750.3740087293618,555.2640544762256,72.48540010235047,19.53399612797857,16,16,16,16,16,16,16
2010-12-06,1411.8661617884634,577.4399788492503,602.3744025045914,19.66849905392246,1221.3012938803283,610.0339306925091,412.50494810622376,19.43812789936157,774.7631605156591,575.6830857799254,72.49101134747355,19.530102166884205,16,16,16,16,16,16,16
2010-12-13,1423.3083407013487,586.9873073275439,602.3797206316883,19.669396178194297,1238.6041442249973,624.545346168715,412.50663151816525,19.43510748493769,788.4874842019954,587.073089104658,72.5397739238283,19.53791813304031,16,16,16,16,16,16,16
2010-12-20,1426.9503096805502,590.2522447202529,602.1814786883559,19.667054165624272,1244.3036225593223,629.464074334812,412.3570645883419,19.43543628280169,791.2134994222619,589.4864206889789,72.42085241594486,19.535398925408206,16,16,16,16,16,16,16
2011-01-03,1438.969266780292,597.7464211658616,604.3275990541979,19.707209587381712,1261.5521668518875,637.6583524641178,418.08296130968915,19.49443963146597,813.6428637202657,604.4586524729541,76.0589143172457,19.562360095710492,17,17,16,17,17,17,17
2011-01-10,1448.260557074305,605.4953179448139,604.3265196705438,19.70858121795242,1269.180811375341,643.4999495591138,418.5982638394761,19.497499888838988,811.4114858521622,602.6064977907051,76.05291327735347,19.5609274135286,17,17,16,17,17,17,17
2011-01-17,1464.6824672656783,619.1961793238264,604.3557939750684,19.707417357732393,1293.5002452536987,663.8582152625874,418.59653390541587,19.49693474465417,830.4565154286872,618.7757041421343,75.84153213397519,19.555990271825312,17,17,16,17,17,17,17
2011-01-24,1455.2533049428882,611.2853350151953,604.3374935713824,19.712567971015496,1289.0863806497457,660.1507155232255,418.59239839152656,19.498920922114568,831.8741164176504,619.5399320478672,76.13879700668008,19.57733960734973,17,17,16,17,17,17,17
2011-01-31,1443.4481539688911,601.5931820924003,604.1073904284877,19.718625574749353,1283.7394779039194,655.5817912492669,418.6538580522647,19.502595053385843,822.2007938137165,611.4249757275837,76.12269926470663,19.584550092898787,17,17,16,17,17,17,17
2011-02-07,1445.0510128954802,602.9522655467591,604.1202985015569,19.715339071996215,1301.8794429902448,670.8126705753485,418.6607988336401,19.49620431752972,841.7243135076118,627.8064080353058,76.1401913821361,19.572182634902887,17,17,16,17,17,17,17
2011-02-14,1453.7769927030843,610.0134824281556,604.3775612950183,19.71242708164105,1314.6986584968217,681.5134952836349,418.70610557997315,19.494204381094473,849.6253565205482,634.39957737231,76.1641501467268,19.570606212485817,17,17,16,17,17,17,17
2011-02-21,1455.7171675547127,611.7675958750822,604.2230183988829,19.714506877496074,1317.175572419161,683.7961341618402,418.4917800683554,19.494694209637277,863.9679135472378,646.3322604685168,76.19813191835465,19.57530404958178,17,17,16,17,17,17,17
2011-02-28,1485.607525319542,636.769716318289,604.2389105188963,19.709685589030705,1341.3024200489792,703.9444132982973,418.5351481775523,19.494596256649785,885.6154233621346,664.4233093282793,76.20124003256308,19.576838781055667,17,17,16,17,17,17,17
2011-03-07,1502.5694887883794,650.9013517413542,604.2524367837997,19.711982908002597,1363.235718139304,722.3124523999434,418.54215175328113,19.49250265340667,916.5970361893994,690.3258108719929,76.24948823581337,19.570384964947195,17,17,16,17,17,17,17
2011-03-14,1546.5245383355038,688.1068205882783,603.9238572771877,19.697199519324194,1375.826797955423,733.0787651661293,418.25758941612787,19.49825022719953,920.7365667511299,693.5845651003092,76.38583731995652,19.580773995592203,17,17,16,17,17,17,17
2011-03-21,1525.5269975122965,670.523883007211,603.8958725146283,19.703652654665245,1372.6738397890213,730.4672709153236,418.2567834359994,19.495525020946946,913.7005006530143,687.7241122691073,76.37497296249285,19.578797869659752,17,17,16,17,17,17,17
2011-03-28,1534.348800901404,677.9677526007871,603.915519401267,19.694892227203155,1370.6881261703795,728.9119582019192,418.13055608744924,19.4975869765008,919.4048690221575,692.5318845192899,76.37306565556844,19.573280002043663,17,17,16,17,17,17,17
2011-04-04,1554.3015875067672,694.6335345377908,603.9383219166047,19.69315211794387,1374.2141604188644,731.8576837437228,418.1463211999152,19.496467361104106,918.4126177726005,691.6687816080679,76.38788551740288,19.576153307782857,17,17,16,17,17,17,17
2011-04-11,1573.3655739479934,709.268783524698,605.2523252138773,19.691160795265386,1387.6463996437112,741.8928097503344,419.36113218260266,19.495516831911733,933.0697870958952,703.9129712966645,76.40114535226985,19.576176720084387,17,17,16,17,17,17,17
2011-04-18,1580.4848899878623,715.1932313240945,605.2580451809488,19.692783680066807,1389.5132562132853,743.4094602621901,419.35822552286663,19.500504976205864,924.8634536511152,697.0472813742289,76.40072221873095,19.576681219005415,17,17,16,17,17,17,17
2011-05-02,1571.0717252192492,707.4676464356404,605.047435668458,19.699327393682783,1387.4957054384229,741.4755112586962,419.61314097163984,19.499549218156698,954.3592657675804,690.6121303821199,106.78594163399043,19.684170210571946,17,17,16,17,17,17,17
2011-05-09,1542.5252815404685,683.4497795927706,605.0307638806211,19.716614220828024,1349.1863789012484,708.660414250688,420.2440914763039,19.512888119123904,928.9526568369554,669.3160016674258,106.89556779648603,19.677764849412608,17,17,16,17,17,17,17
2011-05-16,1538.6685551695118,680.2634861222681,605.0254841661819,19.71382239623494,1335.2873902810463,696.9781428862457,420.345027741339,19.50771499091299,911.3610658575236,654.6894822872387,106.8341052595398,19.676012767173948,17,17,16,17,17,17,17
2011-05-23,1534.7794750676608,676.9880646871059,605.0971978542057,19.70962617770571,1342.6965404708567,703.0458022708863,420.5173591938403,19.50343216312451,898.6040288136661,643.8718537488539,106.98348364216633,19.677384452779503,17,17,16,17,17,17,17
2011-05-30,1518.276020651296,663.1429299235031,605.1187000648179,19.7131557678109,1331.4712175093543,693.6768619629538,420.5244398926684,19.500059396079035,900.7011343958095,645.5910456358074,107.00006547766861,19.68001230617795,17,17,16,17,17,17,17
2011-06-06,1522.8105236630333,666.9256529895985,605.1122256908637,19.714243513149793,1338.688607942308,699.705713562498,420.52348152876925,19.501313999698286,916.9062306718508,659.1231006378708,107.02228544174886,19.677837566010435,17,17,16,17,17,17,17
2011-06-13,1513.2265311353224,658.9284953008369,605.0905112164437,19.715488717584794,1347.968236417962,707.5025066658188,420.5259973521795,19.497710529170686,913.8021229345144,656.5361367556923,106.99244557806094,19.681455819433054,17,17,16,17,17,17,17
2011-06-20,1517.6783139021923,662.6734722941932,605.1030393956177,19.711818282489613,1355.5181681623221,713.8039593221545,420.52596639351486,19.499462848703466,930.8778749613521,670.7821171817985,107.02535082369889,19.679729657053496,17,17,16,17,17,17,17
2011-06-27,1487.1476709896538,637.0806816914271,605.083156023242,19.722344656700468,1323.4216927453126,686.8742817977892,420.51834892055706,19.507901356254454,894.3778535223109,640.2962862806085,106.97367843116842,19.686043298592068,17,17,16,17,17,17,17
2011-07-04,1491.0693804772486,632.9053899883555,612.5526493055617,19.72056331360427,1320.8724996035642,677.8121338580125,427.45535900994844,19.5070431480934,892.8261358245436,638.9993357032681,106.9968451104263,19.682400364395235,17,17,16,17,17,17,17
2011-07-11,1512.7447527933834,651.0422071941572,612.5784716920581,19.71509948117911,1343.5984772320242,696.8697758406203,427.4597697926382,19.502194214354336,909.2606786309012,652.7511891894729,107.00081784917768,19.678614891062047,17,17,16,17,17,17,17
2011-07-18,1535.9166823041157,670.3840495180658,612.6053618513992,19.713901665382874,1358.8650241329435,709.6413786670711,427.4564531792802,19.502912245158363,947.3454601228246,684.5173994522919,107.07423862982716,19.676031750167112,17,17,16,17,17,17,17
2011-07-25,1538.9592933780548,672.8973925996886,612.6089337336255,19.7161975676675,1368.141053538194,717.4100002203644,427.4574944241334,19.502131027226568,947.7696333860134,684.8755160969381,107.06502172592798,19.676868163806734,17,17,16,17,17,17,17
2011-08-01,1543.875837301843,677.2094191952507,612.4123479403494,19.715398471520125,1370.7822335065352,719.7749960228801,427.27995047841875,19.504496073848983,937.1147530749228,676.1112432295756,106.90636133037208,19.67990855091655,17,17,16,17,17,17,17
2011-08-08,1519.2095900071788,656.5078019036097,612.4048784502503,19.72530604576501,1349.919864398122,702.2894137783592,427.28021019912876,19.507450956827924,932.0836623116614,671.9214678209984,106.91360220668355,19.67664248587735,17,17,16,17,17,17,17
2011-08-22,1499.1216548630575,639.67246271651,612.5032608246751,19.721347944959586,1327.095089623373,683.0720636339574,427.4101494387919,19.506199559130916,908.6828741895802,652.3382827551385,106.95282594396349,19.675163290984923,17,17,16,17,17,17,17
2011-08-29,1504.5058576228755,643.9052650573212,612.8091443203298,19.71740328559897,1331.179735395823,686.2332797743596,427.68436614214,19.504322449310543,915.829760650007,658.1133879232419,107.15981762515412,19.67356938803596,17,17,16,17,17,17,17
2011-09-05,1521.9451447162355,658.4815956076021,612.8397463193152,19.713647094876304,1347.6807149109386,700.0690825455638,427.690730176364,19.500686201808897,931.4101267443514,671.0948386673001,107.18082836759811,19.676120710913413,17,17,16,17,17,17,17
2011-09-12,1545.6788658596317,678.5571129665932,612.6343116446801,19.709505221115798,1357.192035470493,708.1455943364971,427.5773651507799,19.50027285555612,936.335842034027,675.3033638943587,107.06937640078536,19.678996188032006,17,17,16,17,17,17,17
2011-09-19,1548.3330847577681,678.7305383529917,612.6559132404977,19.896959027812528,1365.2516594195524,712.9959333486569,427.75062450989833,19.680541660581046,939.0350930842105,677.1953716763722,107.07270002857365,19.73394391063397,17,17,16,17,17,17,17
2011-09-26,1527.5381113238545,661.3497258775359,612.5920724084841,19.906428486688068,1361.1447850763748,709.7225371583585,427.58381291143985,19.681454780661255,942.732886614623,680.4234638794978,106.93823064432956,19.733140838755094,17,17,16,17,17,17,17
2011-10-03,1518.098208322193,653.4976684110202,612.5708065566628,19.906485181296617,1362.2673304721804,710.6564239259146,427.5805122908107,19.68222846467167,928.5341666978672,668.6146231717696,106.90576387900694,19.730465143409866,17,17,16,17,17,16,17
2011-10-10,1519.3825092957877,654.2323606214122,613.0003581457465,19.8976704747598,1363.635496712406,711.6356244784567,427.79339042655215,19.677090794996865,929.6727762746403,669.4041132647304,107.06239338157081,19.731214201378073,17,17,16,17,17,16,17
2011-10-17,1532.9623576412366,665.5615435880629,613.0241579455894,19.895158830766025,1374.2558912119523,720.5064319109059,427.7959834133609,19.677175008282024,911.7013715790046,682.5207013248213,79.56938241544071,19.631706412510358,17,17,16,17,17,16,17
2011-10-24,1524.158705954213,658.14254741271,613.017845614025,19.902941777871874,1387.3534393998602,731.4771953511613,427.79391778348895,19.674632075363192,929.6151021561226,697.4340170390248,79.61369769356315,19.634236679537626,17,17,16,17,17,16,17
2011-10-31,1521.9234082672706,656.3110628242306,613.0076860875482,19.900805811940973,1389.5452607630787,733.3118142369084,427.7924384422448,19.674461406614995,932.3127759486475,699.7019943204008,79.61308927205812,19.632327870635503,17,17,16,17,17,16,17
2011-11-07,1516.692932634909,650.3452558580782,614.6075202516861,19.901150563054735,1391.9958588168392,734.0174302289709,429.1335878366074,19.674559639886674,935.2486075350781,702.3266275572174,79.45543167915491,19.6303492112122,17,17,16,17,17,16,17
2011-11-14,1510.5387921882987,645.1425219059588,614.6262808379147,19.906032670298615,1402.1887792392802,742.6433066710784,429.03363434643813,19.67366858151025,949.2376019999696,713.9774443132507,79.50954868462566,19.62862786365927,17,17,16,17,17,16,17
2011-11-21,1510.473680282255,644.9871011388321,614.7354372649983,19.90526756758249,1416.031480926473,754.3901574210903,428.83326959178396,19.675747504538357,966.660947700281,728.5174654029981,79.50380999011918,19.633105852315914,17,17,16,17,17,16,17
2011-11-28,1494.429834053429,631.6011633361106,614.7209533649466,19.90719044680829,1397.2880480840197,738.6816144123668,428.82854566633205,19.68101827823341,953.6700956924893,717.6816866830068,79.46203775534946,19.635903345336732,17,17,16,17,17,16,17
2011-12-05,1501.6017702767633,637.4930982616883,614.8720251104345,19.901276572885173,1401.2809500216176,742.0623253717374,428.78624678880124,19.680801030987958,954.9978307691189,718.9502967780652,79.33795069227892,19.630701541124274,17,17,16,17,17,16,17
2011-12-12,1518.6277490240836,636.6243525492943,629.8093427869554,19.913719495664093,1414.2991941954026,733.9656610176858,447.54134004210664,19.702988888495756,947.9552009307232,713.063906559008,79.3155775588342,19.633991027176044,17,17,16,17,17,16,17
2011-12-19,1522.6529362135095,639.9935691527409,629.8097886319835,19.912498803744057,1412.2078500958917,732.0985803150814,447.6406393886208,19.705086218170752,937.012326740917,703.8210685846851,79.40182236456315,19.635462340136602,17,17,16,17,17,16,17
2012-01-09,1577.4392188243673,684.5825324471456,630.6417373198511,19.936900123035606,1452.657571501146,763.6081258285731,449.93752732333473,19.703578330835732,958.7184666369681,722.744032228516,77.78531966885168,19.760563977406925,17,17,16,17,17,16,17
2012-01-16,1581.8834602520385,688.1768963042576,630.6528134014883,19.9459982293684,1469.298468705055,777.4950928862368,449.9281314512316,19.70593676017046,979.6665119101519,740.2248741902603,77.79442965101998,19.760806048195168,17,17,16,17,17,16,17
2012-01-23,1586.7953464553461,692.1438810350687,630.7902129247141,19.945154766234698,1459.1942253172938,768.4335036519383,450.47195050813,19.713487238664072,963.8810435831184,727.0146463713573,77.79578752504403,19.7649785573224,17,17,16,17,17,16,17
2012-01-30,1586.8448890280442,692.183350536193,630.7925095177894,19.945112903518503,1444.6481760893062,756.2520985742875,450.4731774116045,19.716409761039557,948.9021629358757,714.4627439282594,77.81976180101537,19.768157958055234,17,17,16,17,17,16,17
2012-02-06,1590.4673607280245,694.3305601006584,631.6389388507339,19.94750723797216,1444.4289574632635,755.8352767822796,450.716076042002,19.71549773510766,956.5013539302282,720.8452401942009,77.81018596070089,19.763958599175883,17,17,16,17,17,16,17
2012-02-13,1610.8039894181331,711.3504311481398,631.6515928502571,19.94054816257343,1469.3528624416479,776.7446238955365,450.7118508936858,19.70712547619776,993.7985877289258,752.0739803272254,77.80698257144763,19.751944213506054,17,17,16,17,17,16,17
2012-02-20,1635.3135953626256,731.8573570276687,631.6728065530931,19.93233732858055,1487.5057974677652,791.9465833766624,450.712184560781,19.703480621370993,1006.0857945800027,762.3690755328005,77.78222480428076,19.750548999489283,17,17,16,17,17,16,17
2012-02-27,1643.4315008380254,738.5730948422068,631.6844741311755,19.935954965701015,1493.3526770667715,796.8072625375428,450.71246177564194,19.705736748084593,1006.4370253901949,762.6341143658238,77.77450049295862,19.755676892877986,17,17,16,17,17,16,17
2012-03-05,1654.4287275441268,747.2468030575069,632.0905324154194,19.943735661797422,1493.1742328068538,795.9356682622,451.39194503543547,19.70986747092519,992.3897140539755,750.8009755537734,77.78986059653755,19.768367058545476,17,17,16,17,17,16,17
2012-03-12,1666.6046387379297,757.3177601668308,632.110140487953,19.948983171600567,1499.8381509005123,801.5287043672952,451.40830243595155,19.705790694714246,995.2498691152226,753.2100693978563,77.77066459741809,19.76810392825335,17,17,16,17,17,16,17
2012-03-19,1683.3640610930863,771.2541861647599,632.1328079042787,19.95009703006229,1510.9402933996812,810.7852809515514,451.4046040591745,19.707843593346606,1014.4325641994373,769.2271769168873,77.80223002889136,19.763559078460027,17,17,16,17,17,16,17
2012-03-26,1686.989839367629,774.2404293076123,632.1429822498845,19.95234197901801,1509.7090734818785,809.7379942909498,451.413046407744,19.70882350820409,1003.1729283561053,759.7946236895034,77.76865187687065,19.772793008115514,17,17,16,17,17,16,17
2012-04-02,1702.9558974823178,787.1940921935056,632.5039535560907,19.951978702848898,1501.4924177170938,802.2680652007682,451.9985376692771,19.71078670845097,994.0845841546762,752.2056518973212,77.76260632890228,19.77380752839823,17,17,16,17,17,16,17
2012-04-16,1720.7605802669273,802.0328003393461,632.5077820584186,19.9520321266032,1503.3257340846028,803.7876855945748,451.9949007381266,19.712261536832486,986.8732145913715,746.1366599686095,77.78092573345145,19.77814671238701,17,17,16,17,17,16,17
2012-04-23,1706.5572296554421,790.1371781949023,632.4929821276145,19.95789750925551,1492.657141802082,794.8594471100705,452.009836518032,19.71239980014532,982.344597665035,742.3517613453141,77.79850145962894,19.77617300339348,17,17,16,17,17,16,17
2012-04-30,1686.4549010160763,773.3014726430434,632.4699045517278,19.966512931954217,1476.4822568611507,781.2775137517812,452.01789717556005,19.718458674142965,983.058360506659,743.0013723889153,77.75311296568066,19.77496048430876,17,17,16,17,17,16,17
2012-05-07,1670.4416825274486,759.7403098234817,632.7272436439983,19.962700629380258,1484.5009785079585,787.5686380574681,452.4871064809407,19.71243914204361,1004.003001141838,743.5080360498914,94.10504088870164,19.864771549578297,17,17,16,17,17,16,17
2012-05-14,1640.9942392272244,735.1926353538026,632.693497640897,19.96570472094865,1458.4457493864634,765.7231937223631,452.4843864379394,19.720626692747086,979.5898799454387,723.1032145110132,94.12045132087837,19.86802645372081,17,17,16,17,17,16,17
2012-05-21,1633.0053921993915,728.5668496897902,632.6963106268645,19.962505399729206,1454.463734689147,762.4404556994809,452.48854709962734,19.715944827900884,973.8409978316574,718.3120515808256,94.10733692296844,19.869246304565458,17,17,16,17,17,16,17
2012-05-28,1637.6555494885686,732.5049896021224,632.7037175537946,19.95642431113913,1449.353852870102,758.1683489522599,452.49292402051276,19.715884634784846,968.0731801934242,713.4671227638702,94.14455205464208,19.868646080552388,17,17,16,17,17,16,17
2012-06-04,1630.25765660969,726.1188070185224,632.8436559406823,19.963405983983346,1436.2454070170136,746.9624900197612,452.6992443950626,19.720865125167283,963.061420163372,709.261367057191,94.18339608712063,19.866537731155823,17,17,16,17,17,16,17
2012-06-11,1610.5238685229597,706.0640165076954,636.3662177917968,19.97076848938556,1415.106312887772,726.1690108436975,455.7757060980572,19.726945990275738,931.8567107635213,683.1317111465545,94.240806105248,19.872608058985318,17,17,16,17,17,16,17
2012-06-18,1601.1416765216618,698.2355811955688,636.4078947573446,19.967744597745327,1409.6901964486397,721.5627055047067,455.8700576992643,19.7257491470393,931.2227691447882,682.5951536659901,94.28415522740602,19.86710914868391,17,17,16,17,17,16,17
2012-06-25,1576.4988684672855,677.1812183726134,636.8683361574157,19.9725583432142,1387.815727799759,702.4652547212675,456.7000549047484,19.725436594329523,920.2681829172554,673.4646668346447,94.28528962783253,19.865611866333243,17,17,16,17,17,16,17
2012-07-02,1579.2811459890636,679.5142478599731,636.9568867722543,19.963218671729972,1387.770449193249,702.3196216288618,456.87403017988595,19.71860327459883,917.569503314114,671.1846566136509,94.30109264828548,19.86761402139924,17,17,16,17,17,16,17
2012-07-09,1616.042295059176,710.2771674041254,637.0010794444462,19.94866679093738,1423.6866877547288,732.4041306316685,456.87985442228523,19.709565221307614,951.5346953066523,699.5317795333968,94.31660737969798,19.863529484102866,17,17,16,17,17,16,17
2012-07-16,1624.0599824017315,716.5389636720624,637.3245126085772,19.957441119793057,1437.127618129185,743.3303368534349,457.1774986114111,19.709974035506235,964.3766906298968,710.2598540124628,94.29296375633646,19.864932336490234,17,17,16,17,17,16,17
2012-07-23,1644.6512873656736,733.7477885702987,637.3296335299354,19.953203287847558,1466.6953736793982,768.088355511752,457.1769332564346,19.70431114994957,989.3547486347866,731.0896135623013,94.28368333094545,19.86754991453873,17,17,16,17,17,16,17
2012-07-30,1632.234326646769,723.2866766369333,637.3249086021077,19.963283008501485,1466.5346212257664,767.9237629425263,457.1606719499139,19.708860830847545,986.9361795359138,729.1227311650874,94.25650159879444,19.86410881690705,17,17,16,17,17,16,17
2012-08-06,1652.7948741159107,740.5185217125729,637.3545955338966,19.95261780118351,1470.355148595416,771.1050604593457,457.1619144351779,19.709735639654532,982.8165321202621,725.7851456865569,94.131958202796,19.8677924217193,17,17,16,17,17,16,17
2012-08-13,1679.5097155409305,762.1036379195762,638.0884787023292,19.948519606931164,1499.5716309879626,794.9284416892485,457.8181660177156,19.70270937175304,1003.3900569873412,742.8148051077861,94.26105367390073,19.868473861821133,17,17,16,17,17,16,17
2012-08-20,1723.0853531875455,798.4769346329578,638.1605440900533,19.938772216853916,1522.128360300406,813.7984960136611,457.81479548274285,19.700570171706996,1027.6130993817858,763.047049682603,94.26330849982264,19.86477120845911,17,17,16,17,17,16,17
2012-08-27,1725.885267699516,800.6728521536536,638.1703142148558,19.949505828037605,1528.0620232186939,818.7169517040005,457.8145093286827,19.704219587547684,1035.8727377767352,769.9824985384836,94.24052997521983,19.861737491332082,17,17,16,17,17,16,17
2012-09-03,1720.7582437918518,795.995610674975,635.6320971307392,20.195930437061325,1515.8378396069706,810.267860362974,450.7294528847003,20.2094424533673,1027.8590149922677,761.9071169720223,94.66912091742654,19.996209272025688,17,17,16,17,17,16,17
2012-09-10,1734.4550942523808,807.4299993652108,635.6558097391998,20.1907109965135,1524.2811723366435,817.31571544245,450.7345998260878,20.206679023918937,1028.233355041932,762.2139773517902,94.65613612232846,19.998741801488848,17,17,16,17,17,16,17
2012-09-17,1709.524235033757,786.5675292597327,635.6199191500086,20.20386180072882,1510.493131754705,805.7697745060987,450.73815692129097,20.213577166901686,1024.9766963469533,759.5400604352443,94.65320527143183,19.9935351280237,17,17,16,17,17,16,17
2012-09-24,1692.1097001240207,772.1305356715683,635.6908286357758,20.193494929418698,1487.9863112674411,786.9948120414044,450.7707056178358,20.21552467234648,1003.5075432337894,741.5269929699808,94.72519838735332,20.00058757454262,17,17,16,17,17,16,17
2012-10-01,1677.7548832226837,757.9183223470436,635.8634070420235,20.374291601461145,1487.8358443713798,785.9478085886949,450.8368691438402,20.29869638255146,1011.7950196048818,748.4812057650297,94.74506640496145,19.990926871987668,17,17,16,17,17,16,17
2012-10-08,1688.0995470813336,766.3338013432796,636.146685056408,20.36527876511563,1503.5192804710164,798.9508703831247,450.9878977962443,20.287434772585435,1019.3985690971784,754.8053686195791,94.80319448158718,19.9844979641283,17,17,16,17,17,16,17
2012-10-15,1678.3521334798177,758.0439648471537,636.1637485705952,20.38035059822754,1501.146535539271,797.77981134392,450.08686297969723,20.297029035809405,1042.1054281672511,777.5920100982783,90.94722216496245,19.983690944130565,17,17,16,17,17,16,17
2012-10-22,1653.6934085335959,737.6139821701278,636.1000293582957,20.38119977342747,1497.88057152877,795.1632551942505,450.08369228313336,20.28783323365459,1023.1739479154828,761.8977545368853,90.95720012700758,19.970452457383217,17,17,16,17,17,16,17
2012-10-29,1622.924415037479,712.0986493766372,636.0715666158906,20.37978556310683,1483.2943543041215,783.0464886674538,450.0790230477305,20.287378714675288,1007.8190814374406,749.0942208519358,90.95336473724012,19.97166573969694,17,17,16,17,17,16,17
2012-11-05,1606.5980733360518,698.4860215208953,636.1444377842183,20.37774667397749,1474.61554284964,775.5943421230218,450.3340596830774,20.28561706190692,1011.2903910072296,752.0398895915802,90.96411855912356,19.962702576669273,17,17,16,17,17,16,17
2012-11-12,1603.2394234764824,695.7278027795614,636.1445710132405,20.374853854119877,1468.624719070044,770.6147063811165,450.3347911310218,20.285459968866846,1003.205975624329,745.3150869942648,90.94053854938431,19.96403312350164,17,17,16,17,17,16,17
2012-11-19,1610.0654096351973,701.4483171107239,636.1564403757465,20.36929448880813,1466.105337243679,768.5205609322294,450.33675464785586,20.28523097028154,987.98295651854,732.5280583309221,90.98636630610531,19.971542326535907,17,17,16,17,17,16,17
2012-11-26,1617.6960068431226,707.8151889653184,636.1697374839775,20.365636176958485,1468.1032170923588,770.1761368893526,450.34186334785863,20.285257309357892,997.2063946899145,740.2321872396601,91.01790800276251,19.96466531520732,17,17,16,17,17,16,17
2012-12-03,1604.1262392066512,696.4615289564422,636.1824249306701,20.371704274623973,1463.8122852527154,766.5958238248409,450.35134359606536,20.28560683985928,983.8782567708823,729.0514882595205,91.02068003728357,19.974594286535144,17,17,16,17,17,16,17
2012-12-10,1591.3418134886829,684.8798562036413,637.0643059070374,20.37889792166949,1448.2840063218082,751.3244797728566,452.6209695515363,20.294819597891948,968.2420311465835,715.9803908385254,91.02298094347714,19.97992387671667,17,17,16,17,17,16,17
2012-12-17,1582.9137675043385,677.361050738475,637.5222203037168,20.384356723141092,1431.5836509247908,736.2006960405429,453.7991732719413,20.30116034818394,958.4592577703988,707.8375990481901,90.99529305491967,19.982447799193192,17,17,16,17,17,16,17
2013-01-07,1601.5761590882753,690.6495944124409,639.1958953843647,20.43325118416493,1449.2998382033145,749.7567200421038,455.42633089540163,20.255577530393577,947.7448037193035,706.1110349295118,84.48510970494715,19.877235697563904,17,17,16,17,17,16,17
2013-01-14,1614.208526645671,700.1950996253261,640.0881047483956,20.437868756248967,1457.8785757162805,754.5790711605946,457.7310179276092,20.256243748063856,959.1284874503277,715.3697765343492,84.70296020032572,19.880161316932835,17,17,16,17,17,16,17
2013-01-21,1605.580315357089,693.0003646252387,640.0635149289526,20.442863990436354,1451.2073264323205,749.0120015044216,457.7314724578988,20.258145806855502,955.4040442980695,712.265104648562,84.69296800152756,19.881343459023714,17,17,16,17,17,16,17
2013-01-28,1616.120331346352,701.7661921553815,640.0880715648393,20.439333468728762,1457.259639504688,754.0790188501512,457.7104099226076,20.25683711241231,956.3795123917635,713.0450106199042,84.71122259564561,19.883677816824324,17,17,16,17,17,16,17
2013-02-04,1632.401724330581,715.2891731317529,640.103132791782,20.437582329220742,1459.6745208083707,756.0920909004042,457.7066149431512,20.25672080396054,961.3137617182705,717.1671280574058,84.72364734039206,19.8808854287402,17,17,16,17,17,16,17
2013-02-11,1645.5585391317534,726.2457182426141,640.094299969789,20.435507794366927,1469.4068044304026,764.2266905966627,457.70537580639336,20.252741116437534,970.4242715080464,724.8066659040492,84.70117005961527,19.878304865674572,17,17,16,17,17,16,17
2013-02-18,1661.374139957529,739.3825764066498,640.1006488356838,20.434530087575045,1479.4087929781792,772.5275778867618,457.70670234595366,20.254232608306854,983.9585160730032,736.0961441994582,84.69945460270401,19.878629650177796,17,17,16,17,17,16,17
2013-02-25,1657.1520838922966,735.8746122929941,639.9326592266231,20.449434902457394,1470.0713416029657,764.7725477157236,457.56473229418486,20.267242572446875,980.3999705122876,733.2142106902708,84.5878591403141,19.882304860806535,17,17,16,17,17,16,17
2013-03-04,1645.0479159927766,725.7751200947704,639.8995356975548,20.456794670350458,1459.5380018798462,755.980728723117,457.561727763225,20.270864367263496,969.9656312680922,722.007457090029,87.08438754363942,19.883254008976262,17,17,16,17,17,16,17
2013-03-11,1627.041242334475,710.828538070176,639.8862497330484,20.457794423104115,1445.5451219313786,744.3383852186656,457.5567270656105,20.27215246628555,956.2733753388379,710.5712840743561,87.10218059025829,19.882811413428133,17,17,16,17,17,16,17
2013-03-18,1617.5662947572296,703.0122801798161,639.876100553558,20.4542624662408,1445.8868575186257,744.7226749721807,457.5550624128815,20.26229984624101,952.7772015288122,707.6540670873948,87.10724979887357,19.8821811385614,17,17,16,17,17,16,17
2013-03-25,1635.0490845372756,717.7133564876277,639.8880653765419,20.436606665609776,1444.127905561228,743.3099238330839,457.5552399443483,20.257290253852517,942.1505234327419,698.7637930622783,87.11472714375952,19.885007569074862,17,17,16,17,17,16,17
2013-04-01,1723.8832252929235,763.5465448375965,674.0836179790733,19.911453576865263,1468.9452806625682,763.6168563615705,463.2384261017436,19.732563543532123,940.3012642530473,713.3115148458937,74.95230115317304,19.28763507446858,11,11,10,11,11,10,17
2013-04-08,1498.388650081831,721.6623631216247,522.9909604055493,20.386024104736762,1447.9832133947732,746.2734331163341,457.7851044881887,20.258539611831406,962.2059864191594,715.5522007041661,87.17949015904946,19.866450692192508,16,17,16,16,17,16,17
2013-04-15,1616.8490879154872,702.3631424204233,640.0833871215365,20.4404832769878,1422.9687507891886,725.4655135729297,457.7817466354361,20.2596277753991,913.8605293632222,681.4275201420431,80.85596294413062,19.884603253290372,17,17,16,17,17,16,17
2013-04-22,1595.4489884700292,684.4846954447972,640.2361683065966,20.43661665839378,1395.1270042806193,702.2561420682916,457.83486323746,20.26013458426237,876.3150745206065,649.9923529595759,80.90996693154409,19.894964165820156,17,17,16,17,17,16,17
2013-04-29,1590.6129704730752,680.4429495503908,640.2570949530076,20.437110386497167,1389.117796272341,697.2110961679828,457.8409517566697,20.264519574528926,891.7840897928135,662.9891044484349,80.89960156264999,19.881385829175997,17,17,16,17,17,16,17
2013-05-06,1588.7983073388689,678.9754302716223,640.2482656000092,20.434336671698833,1381.203066252091,690.6412582897358,457.8399417789353,20.263445859584365,886.4521918479951,658.5790248734445,80.92057703115984,19.871895747463522,17,17,16,17,17,16,17
2013-05-13,1588.4436038439844,678.6647219400352,640.2631137747303,20.434459022783493,1395.5571878638652,702.6416464910671,457.84321102127524,20.256389286753173,892.4772184643521,663.5667897779266,80.92739204218367,19.87699034564095,17,17,16,17,17,16,17
2013-05-20,1603.4643566580337,691.1965014333408,640.2992571174781,20.425795302812062,1411.1702178826677,715.662599720346,457.906073811173,20.246070784776048,890.1357503275265,661.5761380749574,80.93002279499422,19.88260801561642,17,17,16,17,17,16,17
2013-05-27,1611.5062124831186,697.8446073229752,640.2991152481275,20.428485020037957,1412.1835167328054,716.4204370712243,457.91748026337154,20.253591056486485,898.1332483272183,668.2828243441609,80.91907137859289,19.878667346508863,17,17,16,17,17,16,17
2013-06-03,1608.1938365830713,696.3079973568362,638.9926663412865,20.436833464095596,1408.226097216266,714.3901408637652,456.6215335755202,20.25722099573139,899.3933382742382,669.3880215387003,80.8718042057152,19.87758206056826,17,17,16,17,17,16,17
2013-06-10,1604.197824839089,692.7545203676157,639.2067560007154,20.438773506466088,1400.3678535039599,707.6911227710895,456.7793332262696,20.257911765099834,886.7185305874975,658.5304258030491,81.13208949069542,19.881501665033305,17,17,16,17,17,16,17
2013-06-17,1596.986265225886,686.7422219981686,639.1940371894832,20.442159580453406,1394.949782487572,703.1622340926137,456.77918632410797,20.26036469897084,880.9290032193896,653.6421101383012,81.16387388875353,19.885932119321833,17,17,16,17,17,16,17
2013-06-24,1601.8171400224244,690.8044132273425,639.2023400715665,20.436767411092074,1403.9963410487314,710.6932486413527,456.8062400284282,20.25669858308965,891.1348229494271,662.2150030629714,81.12729628292777,19.882162461839894,17,17,16,17,17,16,17
2013-07-01,1598.1387545475195,687.5355995894641,639.1799563460416,20.45828115888981,1402.8556535771029,709.5790623179806,456.7955769091967,20.27487621872631,889.5890801574358,660.8249779906021,81.13784460813918,19.896718954412076,17,17,16,17,17,16,17
2013-07-08,1604.9086251342148,693.1660291476405,639.2236641082668,20.453395373568522,1411.890842708775,717.0639617598023,456.86390133397424,20.270664586482283,905.2863859799475,673.9153281659031,81.14224478460392,19.896338823859157,17,17,16,17,17,16,17
2013-07-15,1626.9613084959142,711.4819316770679,639.22622665108,20.45246772698118,1428.2072090649744,730.6460778516029,456.8239347494672,20.273117965866483,925.8721822645484,691.1148952718588,81.1286707893322,19.893803322562622,17,17,16,17,17,16,17
2013-07-22,1642.0581066494976,724.0174138197905,639.2433992683367,20.450767078811925,1437.167080898925,738.1023748698045,456.8245087230788,20.272386589686423,917.2488161482839,683.893877298563,81.11159722845127,19.900947991960226,17,17,16,17,17,16,17
2013-07-29,1627.6971895521194,712.1680918836025,639.0477266882601,20.461673640890126,1425.8073336373643,728.7156706744981,456.7061747193595,20.278476322801232,913.0561310308443,680.4541081360217,81.0523556722834,19.90129754968028,17,17,16,17,17,16,17
2013-08-05,1630.3444074093118,714.4450311593033,639.0090820857946,20.458048149141188,1427.8210641657897,730.4297363646433,456.69514262669463,20.275557309435186,903.9099421245039,672.8084831203341,81.05567785357971,19.903556757061722,17,17,16,17,17,16,17
2013-08-12,1620.3665426967054,706.0105227995352,639.0978379794444,20.463643669445197,1422.5474201254035,725.9301022642675,456.7708785170986,20.279550219496727,899.3008624731557,668.9461066275685,81.0863493592002,19.9015929637344,17,17,16,17,17,16,17
2013-08-19,1625.7144950850347,710.5404299159035,639.1175035663788,20.453816834202787,1425.67317596717,728.5797334934063,456.7892954627147,20.272517767962054,912.1075973928773,679.6378624387273,81.0835879812197,19.900338933437382,17,17,16,17,17,16,17
2013-08-26,1628.8940771908156,713.1410732819716,639.1270454133744,20.45644311738676,1432.500077148334,734.2335072477955,456.8010321055523,20.27359659326807,918.0194560280386,684.5087932300925,81.14009788910766,19.90084053881515,17,17,16,17,17,16,17
2013-09-02,1643.9236924857719,725.6404966394853,639.1480473906324,20.452629799440516,1449.4396959943742,748.3518937636861,456.79710814609734,20.27058012722631,946.7902221077495,708.5775697730007,81.1087773698639,19.894465129515865,17,17,16,17,17,16,17
2013-09-09,1641.9117738948655,724.001756367576,639.0517641935835,20.458349516525356,1455.3972105647138,753.2987928746073,456.78524959894514,20.272407492434375,950.7667032013775,711.9091662098656,81.08852154330896,19.895268029748596,17,17,16,17,17,16,17
2013-09-16,1621.852085375201,707.376861910909,638.9857141319632,20.46176224995996,1453.1845401182052,751.5891114095012,456.6505495059731,20.272871941410855,937.6813344833182,700.8548249285778,81.1913303192897,19.90102223392715,17,17,16,17,17,16,17
2013-09-23,1601.0222902425924,690.0854672331119,638.9662108367578,20.463509181802102,1436.7530241957727,737.8935659955557,456.6506542476568,20.27625263661197,918.2752195609631,684.7067349709315,81.1428758982911,19.90281205715321,17,17,16,17,17,16,17
2013-09-30,1590.281269543828,681.1999759921148,638.9666170791872,20.460650791360933,1427.6217009252593,730.3143761744905,456.6426431517855,20.275770535953033,904.1876337316447,672.953004609171,81.14982147952594,19.9024327254404,17,17,16,17,17,16,17
2013-10-07,1579.4116570723054,670.0189876550451,638.986031424351,20.657417966440057,1419.8978368486287,722.2120283166557,456.5805111636914,20.453581889360187,906.0736420296528,674.2347772697989,81.15550874673033,19.947748707192968,17,17,16,17,17,16,17
2013-10-14,1576.9648545688672,668.0097583034533,638.9934602190385,20.655009277754857,1420.3685190181282,722.5977384798732,456.58972084221114,20.45315677243539,912.3903596503172,679.4669939350761,81.16026533948173,19.952361491816937,17,17,16,17,17,16,17
2013-10-21,1575.1788164990257,666.5351443621918,638.996732306539,20.654182762533623,1418.7677133845748,721.2693368096469,456.5805860418217,20.454031185048247,911.3318912418632,678.6170923052673,81.1502424438736,19.948811900786154,17,17,16,17,17,16,17
2013-10-28,1563.8514045816835,657.1084025382423,638.9815132464045,20.65917538097156,1406.8236346818985,711.3269987913202,456.5757175474055,20.457261979162883,897.0903083414574,666.6728136583814,81.16173247002234,19.958393602670814,17,17,16,17,17,16,17
2013-11-04,1558.0398939697297,652.3834315136917,638.9815045274711,20.65062713767742,1399.9704761961202,705.6634496367441,456.57757125842966,20.454402402510624,897.9601593403945,667.4418798819415,81.13874888032365,19.95503554842445,17,17,16,17,17,16,17
2013-11-11,1548.3346083865606,644.2569672705806,638.9780071610032,20.658697684919645,1397.0776978338758,703.238980776581,456.57495478551414,20.457053928809078,890.4991608958264,661.2106904247953,81.14877233938887,19.955251540815873,17,17,16,17,17,16,17
2013-11-18,1562.1683827409593,655.8204698016951,638.9946228965774,20.647989936968347,1402.672899176821,707.8792587705041,456.6197854086497,20.452902575420676,887.3562493791111,658.5436664824556,81.17629819957688,19.958402063751233,17,17,16,17,17,16,17
2013-11-25,1570.7771258275982,662.994989797748,638.9928395827679,20.644532182376217,1409.5695851284988,713.6278610781842,456.6199294006135,20.450523094069208,892.8725070676745,663.1287169551294,81.18484683118413,19.959187969871657,17,17,16,17,17,16,17
2013-12-02,1575.1789560469651,666.596670306646,638.992080861015,20.648937472706816,1419.3471777928094,721.7317212884033,456.625188610736,20.451381569468406,908.9448590186815,676.5653123423136,81.18398035087341,19.95324413806001,17,17,16,17,17,16,17
2013-12-09,1573.1031384200387,664.8399967853657,639.0044920150012,20.651132242573613,1420.8433044190665,722.9535519272679,456.6268682827674,20.453279833694776,910.4221644985925,677.7774098373221,81.19627783770466,19.95437777131637,17,17,16,17,17,16,17
2013-12-16,1564.3671679876236,657.5342141215219,638.9931930016835,20.658241344755925,1410.6014221720748,714.4183254504001,456.62852766881156,20.456446163087627,897.831707652784,667.2758228093575,81.17760007436402,19.95826062141875,17,17,16,17,17,16,17
2014-01-06,1565.5962580465275,657.632435346797,640.1166695711737,20.639363349473243,1413.6973214911457,714.870566333525,458.0413084154334,20.52886085697813,920.1675213447651,683.1278543848043,84.21287169163259,19.916419144043278,18,18,17,18,18,17,18
2014-01-13,1556.7278817203278,650.1872670813924,640.1168445443919,20.64813772924038,1401.507958446212,704.6802800005443,458.0708591668723,20.533785023832035,899.3922503138782,665.668387259298,84.27269056061778,19.928388631333295,18,18,17,18,18,17,18
2014-01-20,1551.998281164607,646.2149585361421,640.1761398345109,20.64746740943503,1395.912039786827,699.7314928297948,458.40056316197854,20.531336004807272,895.2774007994778,662.1990605182569,84.28879428334562,19.931944644621137,18,18,17,18,18,17,18
2014-01-27,1554.2784319888522,648.1223741911905,640.1777217837069,20.64568161137026,1398.9048543765405,702.2182963223881,458.4010083951664,20.530896624795886,901.4466672047479,667.4114278223248,84.26228635052041,19.92526148086945,18,18,17,18,18,17,18
2014-02-03,1553.9519463185986,647.8627629859509,640.1856328620584,20.643909912680503,1398.7965064997031,702.1380986866512,458.4039388460268,20.52958542316624,901.3827301400668,667.3411137844168,84.27294895032696,19.92627264854391,18,18,17,18,18,17,18
2014-02-10,1554.8360535533518,648.6005978085428,640.18601271715,20.643405266224637,1399.811542819131,703.2553888131175,458.1344881880633,20.52899465884596,899.9472869300452,666.1406159738343,84.27288326196197,19.926852041778375,18,18,17,18,18,17,18
2014-02-17,1563.5318473401314,655.8424501967978,640.198689761709,20.639059913652787,1401.2473245426645,704.4663776056245,458.1327438591036,20.527127422672557,904.022721179077,669.5608590004177,84.26813616185052,19.92411103588265,18,18,17,18,18,17,18
2014-02-24,1566.8614601487068,658.5728362489214,640.2038950907432,20.641325205489128,1404.243381391867,706.957947705459,458.1382290196391,20.525962529460354,905.9974186017565,671.1548746027198,84.28969551859427,19.92903972508078,18,18,17,18,18,17,18
2014-03-03,1565.3494755588015,656.8920761607674,640.6334946300399,20.641127296224518,1400.3342966573487,703.3649213222636,458.4887825176188,20.525871030861868,901.126830098562,667.1055581958013,84.27099324286144,19.930124033438606,18,18,17,18,18,17,18
2014-03-10,1558.7888003875657,651.3883070601597,640.6301432244483,20.64756505947677,1394.8519025281225,698.7550006523678,458.4908688332117,20.532026884499825,895.671446835571,662.5552327803837,84.28135330936834,19.92870508996899,18,18,17,18,18,17,18
2014-03-17,1552.223465888318,645.943570983724,640.619966763834,20.6487997169469,1382.9324027561056,688.8470354010169,458.48513486709885,20.534614002232093,881.8793750512109,651.0453444672813,84.28056956684281,19.930408845931904,18,18,17,18,18,17,18
2014-03-24,1549.0595061613428,643.3529070841837,640.6152592587623,20.646254850183826,1375.3411808929811,682.3012613773885,458.75062763031633,20.532746507174327,879.0819144466328,648.6282578958068,84.36098909427358,19.931079215208413,18,18,17,18,18,17,18
2014-03-31,1564.3197847088777,656.0994464057461,640.619296971577,20.636783627772957,1382.6186290272233,688.3953620199918,458.74664325202866,20.52724271912304,887.1930036121263,655.4159942131192,84.37400942582121,19.924978608541302,18,18,17,18,18,17,18
2014-04-07,1571.7753611016963,662.2686746372124,640.6268860865334,20.637095442138914,1384.663285335033,690.0378938724115,458.76272909158627,20.53120947675764,883.2148965127125,652.378680211435,84.06848961243622,19.92915890001211,18,18,17,18,18,17,18
2014-04-14,1579.7847663355828,668.9307615875674,640.6397238555259,20.633809626601547,1385.761411410135,690.966790749336,458.7675305632147,20.52883746465295,883.5485792465456,652.6631721298577,84.0915654237889,19.92438381601994,18,18,17,18,18,17,18
2014-04-28,1599.1857760940609,684.9773020703453,640.7411105752096,20.62786190792842,1396.4718086086386,699.7382573508045,458.9298696120444,20.523882215447767,892.3189697712096,659.9418246306825,84.1256980240521,19.924461504183565,18,18,17,18,18,17,18
2014-05-05,1588.4470716836497,675.9342305147002,640.7335118213489,20.641451188392157,1390.2195385232565,694.4606895221824,458.9260482355229,20.53368510426753,887.7716961683632,656.1464151268297,84.10774817053345,19.927957205117618,18,18,17,18,18,17,18
2014-05-12,1587.0773084873022,674.8792643233477,640.7180109487848,20.635496767733393,1384.9188037332071,690.1213194107609,458.92112070496364,20.52808106841787,878.1050038516406,648.0811156457557,84.09700144178919,19.93051736434885,18,18,17,18,18,17,18
2014-05-19,1580.7264966362825,669.5429717322471,640.7347336625804,20.640570325506694,1386.3466007031705,691.2741912277487,458.9283381857589,20.530651363640583,890.1584155954846,658.1588210390762,84.11671942100656,19.922908283322922,18,18,17,18,18,17,18
2014-05-26,1584.8851534499697,672.959558686906,640.7416729067387,20.642739409428206,1394.6226806123796,698.2031483451792,458.92783287208863,20.524184664494694,893.9659068595745,661.3220623539745,84.11501731041096,19.92506560876478,18,18,17,18,18,17,18
2014-06-02,1586.7074844776128,674.4665240124976,640.7443944611244,20.642815702828717,1392.560448523748,696.4763986393916,458.92365443115,20.526257967786908,891.9435792612228,659.636037251633,84.11504543550302,19.925012551064064,18,18,17,18,18,17,18
2014-06-09,1593.8255448522684,680.4745848398917,640.7308464249073,20.634195647113575,1383.1220916879943,688.610249054953,458.91862516886783,20.530482740447532,879.6432260645149,649.3472197211993,84.10314906955784,19.93220857122025,18,18,17,18,18,17,18
2014-06-16,1602.2442761179295,687.459578900411,640.767311896699,20.630314535822514,1388.4356131791815,693.0090202245515,458.9530763567632,20.527890396711026,888.1364107620451,656.3088085266942,84.23878482935163,19.929686995153123,18,18,17,18,18,17,18
2014-06-23,1614.6447365384367,697.7047847546257,640.7837704247702,20.631941923629523,1399.980306630303,702.588864679178,458.9597920094848,20.52704796898994,905.2832691246884,670.7025915046501,84.19352372711603,19.921569452871132,18,18,17,18,18,17,18
2014-06-30,1617.5909564869362,700.1812061733008,640.7005911173219,20.636357340030294,1402.8807623729754,705.0448724259202,458.8701381497576,20.531202847801055,908.3508891229883,673.2433929044479,84.18926037994822,19.924970911166444,18,18,17,18,18,17,18
2014-07-07,1618.6925114920211,701.1288065926125,640.6908967770627,20.634128968820697,1398.3245468122136,701.2929731763226,458.86724229434606,20.5285725338309,893.7084508908164,661.0352790049193,84.18805899051677,19.92491449540321,18,18,17,18,18,17,18
2014-07-14,1614.449906615925,697.6759204670093,640.5991148470773,20.63663029005256,1387.9744235159383,692.7055921480019,458.8450903051146,20.53090191038529,880.4428703706317,649.8549257797108,84.28057947861794,19.929204358644924,18,18,17,18,18,17,18
2014-07-21,1605.8307661822753,690.5500149333642,640.545030912294,20.63982742585258,1383.207382420366,688.781951946839,458.8166699987469,20.530589351470265,879.8553389653446,649.3803133749965,84.26446497425229,19.929339774635856,18,18,17,18,18,17,18
2014-07-28,1600.40281059013,686.0982027376172,640.5340483144294,20.63650716473821,1382.648048498313,688.3817710545173,458.81502317169577,20.524050926320133,883.7540971811641,652.606040997396,84.30569937988639,19.926722395371478,18,18,17,18,18,17,18
2014-08-04,1593.2200896941672,680.1136818734587,640.5343918495046,20.639261995272633,1383.9528754754729,689.45901683524,458.8137901380536,20.52474525835048,891.9650061612858,659.4873972962502,84.2931223581279,19.923147029417585,18,18,17,18,18,17,18
2014-08-11,1588.332864308085,676.0643858356044,640.5253295070082,20.639926455354207,1388.3598106307784,693.1060737262346,458.82531287547863,20.52452314252392,889.0525178530801,656.9532432155672,84.38300767959652,19.92567701627283,18,18,17,18,18,17,18
2014-08-18,1582.042824406333,670.8065187770885,640.528261407688,20.64370199831135,1384.2757627573983,689.687154248619,458.8241665092412,20.527829176639365,886.0163589922527,654.4536421508848,84.35179072661049,19.925533782473824,18,18,17,18,18,17,18
2014-08-25,1576.2745216130743,666.0289058417285,640.5176258792975,20.64434624741253,1375.6980116817354,682.5459686660536,458.8160752070321,20.531256411283536,879.2038371725339,648.7559656591922,84.36261340139106,19.92655244109952,18,18,17,18,18,17,18
2014-09-01,1585.8531103610205,674.0659095732734,640.5303642489356,20.63423135607468,1385.687751239806,690.9048728329145,458.819525238515,20.52347097827845,885.638685180421,654.2016304095999,84.30791467968459,19.922442583101454,18,18,17,18,18,17,18
2014-09-08,1585.864287453107,674.0556585709401,640.5463550690213,20.634554868971765,1382.5210804253732,688.2609605160162,458.8329894016649,20.523788005732815,887.03683151359,655.3503452825258,84.30281903832702,19.926051060440507,18,18,17,18,18,17,18
2014-09-15,1586.0673560634673,674.1997124105742,640.5373444948236,20.637609454526316,1383.5119165287097,689.0566617763553,458.8361155492686,20.52623240230104,885.6060230434972,654.1692007017967,84.31490854561696,19.922150247215868,18,18,17,18,18,17,18
2014-09-22,1579.3001937950846,668.5892052572508,640.5330917343208,20.638094502278,1376.1056128833623,682.9032296363314,458.83493608161143,20.527249959980598,879.3280334709286,648.9802219108874,84.25723578116128,19.924047011825767,18,18,17,18,18,17,18
2014-09-29,1575.8125001627172,665.7176073703374,640.5345892176888,20.636160787234758,1371.801079871957,679.3393616312228,458.8333706759222,20.526616121898556,870.2819608544238,641.3965916288532,84.26013266585994,19.93025513548106,18,18,17,18,18,17,18
2014-10-06,1573.9210756432135,664.053489809579,640.6261718879308,20.636591636248518,1368.8699115659153,676.813147747267,458.92773159726937,20.52660395176788,873.0968245401949,643.7294476112288,84.337030252908,19.919931913569283,18,18,17,18,18,17,18
2014-10-13,1564.6855278095138,656.360677065327,640.6317995232056,20.639522283513315,1356.3692216758668,666.3973347911182,458.9304426114669,20.531035393666194,849.3700967534353,623.6648829979829,84.37610491608211,19.960582967906284,18,18,17,18,18,17,18
2014-10-20,1517.2435296643405,616.797511752617,640.6569202785821,20.659921426615625,1325.2059518410192,640.3640569089353,458.9924537456932,20.543785295991505,819.3415153745151,601.1114141249099,81.942948173638,19.952607083475325,18,18,17,18,18,17,18
2014-10-27,1511.2404181107024,611.9908607682306,640.647698728712,20.644571145695355,1325.040272953912,640.3487022940644,458.9864988779493,20.531051088082286,817.9817929839287,599.9952664754369,81.9457171613875,19.949059025840047,18,18,17,18,18,17,18
2014-11-03,1507.514085537423,608.6467917614079,640.9447222846086,20.640550819386274,1326.025434085512,640.9899022841458,459.1887194437717,20.528194958277254,819.3235322965409,600.6681901477394,82.37083828239304,19.952667152803674,18,18,17,18,18,17,18
2014-11-10,1504.5844516823852,606.2394340641059,640.9382602411071,20.639140561327167,1327.6301286366752,642.3371606950107,459.1895751177408,20.526364496917576,817.1624944285941,598.8334497099164,82.3894788901357,19.955224658674474,18,18,17,18,18,17,18
2014-11-17,1496.1542633072845,599.2432967925539,640.9360104044414,20.640157001880134,1323.5760824593738,638.9462620983107,459.1929251106611,20.52899103103422,815.6989738735087,597.6726510754796,82.38283573757337,19.945944072317154,18,18,17,18,18,17,18
2014-11-24,1484.8274142697228,589.8862684348858,640.9198144399109,20.638615207491323,1306.249082050155,624.5604453479259,459.18494603803197,20.53099302038518,794.1726084986672,579.6699507789677,82.36264363667499,19.95974445935861,18,18,17,18,18,17,18
2014-12-01,1467.0155877429072,575.0684918074793,640.9183466479243,20.644035062613888,1288.8895935366065,610.1293456697819,459.1796749496849,20.534809740025707,783.4698134126592,570.78393890721,82.35473648462391,19.954588961163033,18,18,17,18,18,17,18
2014-12-08,1430.7131407130191,544.9238741682259,640.8908633117749,20.652332568699318,1260.7575978712985,586.7564774556596,459.1729180551555,20.539455462532878,749.0105648401632,541.8400523583189,82.49720570052659,19.96890385317464,18,18,17,18,18,17,18
2014-12-15,1397.0670721499434,517.0089139241484,640.8736611614609,20.657059896306837,1231.656676375501,562.6084711702672,459.1713954371593,20.540315642049187,719.8866485258072,517.6222633384064,82.40633420880329,19.975389751180536,18,18,17,18,18,17,18
2015-01-05,1348.8766479186233,476.02795225038903,641.9774450626503,20.65028050494648,1192.1217770785067,521.7962344520898,466.8319195694372,20.583433946242717,692.6421439052366,489.33615933179243,87.90823006299348,19.991143548651877,19,19,18,19,19,18,19
2015-01-12,1321.4257993868405,453.3008601875206,641.9277814451052,20.652962235997506,1167.5348663722996,501.5005795895922,466.7370131423094,20.583509165149916,652.4330003318826,455.8375348863242,87.85785093678999,19.999730978799406,19,19,18,19,19,18,19
2015-01-19,1303.08380247876,438.09802825258544,641.9272655860389,20.65308191508565,1144.210282064278,482.1462926192203,466.7399722753411,20.584555219736565,630.4517915341302,437.4783123800829,87.87095226663189,20.006219473457218,19,19,18,19,19,18,19
2015-01-26,1302.9116576273248,438.02928110099043,641.9390457827294,20.643506406054936,1143.2192977779068,481.3935207900453,466.7433277724085,20.575347273047463,641.6912794577408,446.9316981366641,87.82858480251815,19.996061773854596,19,19,18,19,19,18,19
2015-02-02,1310.0059957547605,443.8812656082713,641.9646935711381,20.643815513643595,1151.3060177541845,488.06602399775966,466.75970473835764,20.577607316692635,653.2288057799971,456.562908858314,87.84867814540314,19.988042388145725,19,19,18,19,19,18,19
2015-02-09,1348.9302607484897,476.1557285839229,642.000512291678,20.638799072674797,1188.511010329677,518.9830794481552,466.7690305918769,20.56895422535903,699.9616317735196,495.49958608988345,87.90237418073968,19.97930748275645,19,19,18,19,19,18,19
2015-02-16,1373.584312586159,496.5480015712738,642.0113642947747,20.642309375000234,1216.46805532235,542.1674823904217,466.7741251852917,20.568727286932038,719.0246584467296,511.3800986575163,87.91402684865159,19.978592788547093,19,19,18,19,19,18,19
2015-02-23,1386.434542989964,507.2851204227251,641.8759310824349,20.647540322918672,1235.686935175187,558.1947797598001,466.6506070802051,20.573010430899043,734.4508789500778,524.3127054725953,87.82219016689407,19.981867425284825,19,19,18,19,19,18,19
2015-03-02,1401.430586143258,519.7451601897558,641.8850700061269,20.643432799346016,1246.7717001571677,567.3902248626442,466.65412030466416,20.572362876317456,733.7712283136449,523.7123558178587,87.83071434752992,19.98684379093696,19,19,18,19,19,18,19
2015-03-09,1419.9364458747646,535.262011466869,641.709439371865,20.643236066846715,1252.004486165227,571.9067970224752,466.45051768402834,20.575496356869397,741.5001738689124,530.2910910488024,87.71789306111032,19.982102677173515,19,19,18,19,19,18,19
2015-03-16,1432.4749323496833,545.6558875164981,641.7070980650815,20.64338788934421,1251.2507105080595,571.2676285768132,466.4412588574096,20.57820123347189,737.6450321349553,527.0659868223225,87.7155257685223,19.98490797589741,19,19,18,19,19,18,19
2015-03-23,1429.9747357744031,543.6478646175897,641.5878577132635,20.64897377225964,1234.404582293497,557.2764583633884,466.43261346092095,20.58158086786472,712.0981119175149,505.742236961515,87.69235599237675,19.996056915550096,19,19,18,19,19,18,19
2015-03-30,1438.9752685568333,551.1659617606166,641.5916735377187,20.642721201018627,1232.5189256862297,555.694030733495,466.4354911564577,20.583438721861768,712.3438960658351,505.9322553848239,87.7024411509679,19.99701166774472,19,19,18,19,19,18,19
2015-04-13,1441.870461706173,553.642102289074,641.5537115076115,20.6388480500024,1229.562451591548,553.3495976888793,466.3796100895587,20.577349575996617,717.168076519758,510.3170479670244,87.40772705848104,19.982993257918043,19,19,18,19,19,18,19
2015-04-20,1462.2729541911422,570.5985706781871,641.5843858107355,20.63137386674722,1250.1185528788365,570.4526629051135,466.3880006750634,20.56997731572546,740.2986085205713,529.5702271825274,87.44492028883315,19.98062147330558,19,19,18,19,19,18,19
2015-04-27,1479.2573535680904,584.6502822076325,641.5899877396507,20.633565037925585,1264.624573044414,582.4710090477746,466.3885235522272,20.571395285844982,745.2471598677175,533.6335223379301,87.45886069418896,19.98974391369696,19,19,18,19,19,18,19
2015-05-04,1488.0648966602982,591.3320068847354,642.2065568560267,20.633836703708162,1270.2421151409128,586.577235397618,466.943824243776,20.57111754114227,717.111763633845,519.1468985077178,79.05817617599939,19.87724510912854,19,19,17,19,19,17,19
2015-05-11,1489.9606434179084,592.8902472341356,642.1994429659728,20.63582549834949,1276.0196279998697,591.3662116853624,466.9456437771486,20.571230626743244,727.9222571656516,528.210557088324,79.07261109301282,19.865376698254142,19,19,17,19,19,17,19
2015-05-18,1487.2035068021055,590.6047051159843,642.1954618472586,20.636218801424615,1273.3003471499364,589.116058192403,466.94204151575445,20.571050731187434,718.2044463463285,520.0360677456121,79.07811706437042,19.877723571862543,19,19,17,19,19,17,19
2015-05-25,1490.615759429056,593.454770479498,642.2002559262565,20.63364997307746,1274.9494229032048,590.4928108811715,466.94115128372175,20.570122439891215,719.7499281004458,521.3299010521524,79.07008948533826,19.87840430445553,19,19,17,19,19,17,19
2015-06-01,1489.147224386843,592.2006472123401,642.2081613634903,20.63647100063318,1270.7951323373452,587.0060510530866,466.94851870255457,20.573995199050977,720.3367707572953,521.8554660969172,79.06252464222848,19.872725040443754,19,19,17,19,19,17,19
2015-06-08,1492.5298694516082,594.996391763937,642.2101944754129,20.637077594967106,1267.1563198186923,583.9612975184328,466.9439407980111,20.577600493140917,707.3572884961188,511.0591779112208,79.0511377241204,19.868653327055274,19,19,17,19,19,17,19
2015-06-15,1501.8057166750436,602.7755596374401,642.1356217726656,20.63557136453339,1260.0353531845892,578.0521959883587,466.9396435325044,20.578487365253054,706.4269985207644,510.1283297837402,79.17572181785937,19.87479071301992,19,19,17,19,19,17,19
2015-06-22,1505.9886389478932,606.2211269270298,642.1348767819571,20.637753531320758,1256.9745122683323,575.505059302665,466.934734786303,20.58005837803375,699.7429783010914,504.6261403521321,79.07602477032287,19.880140954127228,19,19,17,19,19,17,19
2015-06-29,1499.5056586230153,600.9240369732263,642.0505248329566,20.638483256170886,1252.983452851791,572.2195112279759,466.9323004576373,20.577517044340283,699.4720233066271,504.46043933490307,79.06649736974055,19.869705973945468,19,19,17,19,19,17,19
2015-07-06,1503.0224733162195,603.8551691596783,642.0555932963505,20.636446735025675,1247.5420139093292,567.6955262794073,466.9341261956034,20.578606163567393,696.1042202178231,501.6138347092949,79.07789775252763,19.875001021060417,19,19,17,19,19,17,19
2015-07-13,1512.4730117898494,611.7468319889747,642.0669409952384,20.6297972138238,1235.8627088956127,557.9764960123179,466.93067832176496,20.582891782233343,668.6213237051463,478.6595246830451,79.06280776550864,19.88426584420883,19,19,17,19,19,17,19
2015-07-20,1498.4316842664464,600.0039149400894,642.0498908514204,20.641447035505625,1225.7127598902393,549.540622410589,466.92664693985057,20.58556107502758,669.9451750035507,479.8075839399804,79.06609524528812,19.874168341619384,19,19,17,19,19,17,19
2015-07-27,1488.166731421264,591.5243241934229,642.0243703670558,20.641101399852523,1213.6253776347214,539.5356617974314,466.9075614564987,20.58557796344945,656.315043503135,468.46540761183235,79.02774184307793,19.876393733249248,19,19,17,19,19,17,19
2015-08-03,1473.5053802165476,579.4540080100489,641.9962602598875,20.635724473958486,1195.60375889607,524.5933824419049,466.90257825853894,20.585842634339535,638.3031128464902,453.3054860336362,79.13597053222799,19.882309120595444,19,19,17,19,19,17,19
2015-08-10,1459.5374193346559,567.7255536500112,642.1441829240499,20.635914364431372,1184.001490652242,514.8956365154278,466.9692915099379,20.58700304464426,631.2673195408653,447.3876375196158,79.18287501358049,19.882770591159666,19,19,17,19,19,17,19
2015-08-17,1439.1612925467643,550.7878126032596,642.1445503923266,20.640644615665366,1173.8693969766184,506.50774267619875,466.9698000354539,20.5851543022521,627.2445573388638,444.0011599841293,79.1836816958135,19.889665634192706,19,19,17,19,19,17,19
2015-08-24,1405.766082813054,523.0024042529775,642.1264878067292,20.653267839573584,1161.716929151586,496.4230485026005,466.9626335631758,20.58690001085864,619.3804675677139,437.49339143131,79.17205798891518,19.88037293044274,19,19,17,19,19,17,19
2015-08-31,1371.14735412195,494.36994489051943,642.0781491978946,20.651999968533243,1137.436838424814,476.28420138598625,466.952495836507,20.588696535469104,589.7720947940172,412.8095669601674,79.05585916867244,19.905173948845846,19,19,17,19,19,17,19
2015-09-07,1374.522346736407,497.23343986094443,642.1155980911185,20.641024036590164,1153.2595056977996,489.4782381058245,466.9695253978839,20.577364462970813,623.595662205078,440.90323048785865,79.2221654250427,19.89333093620054,19,19,17,19,19,17,19
2015-09-14,1373.5199333178157,496.3736343599245,642.1130376515747,20.644357732449816,1159.9658776732967,495.0196305242254,466.96855791988986,20.580054059643228,628.308043805398,444.93721811584294,79.20174046784814,19.874325980878965,19,19,17,19,19,17,19
2015-09-21,1362.8228772342784,487.5569248408013,642.0915717743592,20.64132173129904,1150.6631203767308,487.3241866036591,466.9617404014209,20.578443820077982,612.4162915802506,431.6409427072285,79.19549496351567,19.885005535759966,19,19,17,19,19,17,19
2015-09-28,1348.877198842873,475.92045930042957,642.1039838989997,20.648274467311012,1144.4973874321568,482.1724304172422,466.96342840459664,20.58309427407156,618.3661968118854,436.6295799342498,79.20636103912614,19.876524238508097,19,19,17,19,19,17,19
2015-10-05,1340.2776512573107,468.75737342310475,642.1002306852652,20.652516245147794,1143.4917539562377,481.3361548337596,466.960602624144,20.583746065060136,610.076571115143,429.5781453122944,79.29652331963968,19.887392460560395,19,19,17,19,19,17,19
2015-10-12,1347.6642968402082,474.9302863934467,642.1111112775629,20.645868599860208,1151.5850538558325,488.09248229677746,466.9680514145907,20.577179477909045,626.5009352404946,443.25981434208103,79.3900726019204,19.8700986818773,19,19,17,19,19,17,19
2015-10-19,1331.6380581583119,461.55608963396537,642.0895781271805,20.658114923757278,1136.1472247012603,475.2110753308644,466.95484700389255,20.58886845384975,631.4553146807401,437.5612872754427,88.69974351205263,19.988993624671856,19,19,18,19,19,18,19
2015-10-26,1322.6981580487338,454.2163987859254,642.0823964568674,20.651246155552105,1128.9850268232988,469.3076906610972,466.9578557312,20.583848372249268,626.3150405495265,433.26354795692276,88.68635964734148,19.995239279626542,19,19,18,19,19,18,19
2015-11-02,1326.0053456474486,456.99394214339367,642.094352894808,20.64593460176554,1131.7590170501962,471.6289985599202,466.9567151928528,20.581317237938038,629.1507025383236,435.2588599995343,89.0340197359937,19.999856350460007,19,19,18,19,19,18,19
2015-11-09,1342.5611048493954,470.7820582033746,642.0925553266848,20.63902694219665,1145.3842805854692,482.85086513489335,467.0791024084394,20.575655018823312,652.3799967703112,454.73942809053995,89.02704050490343,19.97429677034299,19,19,18,19,19,18,19
2015-11-16,1344.89153156726,472.66746929737127,642.0979436695832,20.64345699314653,1145.8886118554212,483.236958170718,467.08499285511436,20.578990164173604,645.7240232699655,449.16715534145857,89.03179964047575,19.978683959287967,19,19,18,19,19,18,19
2015-11-23,1333.6822348271417,463.3998883860666,642.0857826212609,20.642200057815266,1136.0541841126162,474.8083225630353,467.36694386578995,20.57779742177484,628.864619906188,435.117577616687,88.99676438785849,19.986149873520134,19,19,18,19,19,18,19
2015-11-30,1338.326863955292,467.23637357723385,642.1046798437752,20.641606098334844,1135.2584431396845,474.135791663113,467.369878712535,20.579034079182097,628.4049748019733,434.68028308201707,89.02163725333145,19.99287197564198,19,19,18,19,19,18,19
2015-12-07,1332.1595013180872,462.0896752582831,642.1024855717717,20.64562207330493,1121.5566074953003,462.1199407984937,467.96770761244267,20.58611996530548,603.9709545697259,414.13701523506006,89.1462284645329,20.00617189835013,19,19,18,19,19,18,19
2015-12-14,1313.740229979209,447.4016085766375,641.484390779734,20.649933120248257,1088.9955016732329,434.4846076281616,468.53117143095574,20.595401201947336,568.0801443361787,384.4003134737285,88.93939510374082,20.015315436651907,19,19,18,19,19,18,19
2016-01-04,1294.6990716686944,429.33308060974844,643.9125292611869,20.63399652055322,1048.4522587402926,395.1318369177086,474.29162802136955,20.591668044496497,545.3564476237716,359.3608599519772,94.7019113348012,20.10595937611754,19,19,18,19,19,18,19
2016-01-11,1291.0182933727995,426.1941179592123,643.9334661983473,20.641530270349254,1047.7275785110937,394.46305958953195,474.3281579555956,20.596014019521522,540.7174209710798,355.4756875464234,94.7137819994146,20.10885583720308,19,19,18,19,19,18,19
2016-01-18,1271.3617965943374,409.90860105697897,643.9051524703286,20.643879655096214,1022.8800349988246,373.8668152374293,474.3265797632785,20.595142691245684,510.1844977887171,329.9935833207072,94.7019192469146,20.1294797576726,19,19,18,19,19,18,19
2016-01-25,1266.928158129878,406.3409504971383,643.8998478928495,20.632159793456005,1004.7311687801696,358.86069573866035,474.3182447160828,20.59008215351607,483.59219645223305,307.6819046281155,94.77550669396601,20.159843712064337,19,19,18,19,19,18,19
2016-02-01,1268.7392516144175,407.88131594508593,643.9168353203698,20.62573508880503,1009.4606342142094,362.86100946996737,474.3265108812154,20.57760175292168,503.6542523024442,324.46812326639764,94.71020907810845,20.152740120286257,19,19,18,19,19,18,19
2016-02-08,1262.4027455290186,402.5248520568092,643.9316782069731,20.63594702885579,1018.8265879240638,370.54054562346585,474.4091676065418,20.578369572950464,510.3409468319201,330.101104046076,94.70498142105777,20.135036735815312,19,19,18,19,19,18,19
2016-02-15,1225.6462748206236,370.5411174101855,645.2297827954839,20.661684103419343,1001.5424021253366,354.47741383392713,476.01286485958667,20.596523261044492,496.8610018229331,318.87578001565004,94.68872635721357,20.141113216077258,19,19,18,19,19,18,19
2016-02-22,1235.8320418855294,379.19863810825336,645.238769731578,20.635192782685763,1019.2825459049883,369.32033608718814,476.0137033298014,20.577487522916698,509.886068431102,329.6885062203436,94.71553491890006,20.14166195552609,19,19,18,19,19,18,19
2016-02-29,1237.925993077634,380.98065956261655,645.2389530170632,20.62973440604718,1025.226627411724,374.2604918288353,476.0083388394683,20.5767623641931,513.0686247853638,332.3536546817248,94.70299830210098,20.140646726980183,19,19,18,19,19,18,19
2016-03-07,1243.0224422282058,385.16647986086014,645.2565626480737,20.6322443257502,1037.5333082756997,384.4663049602666,476.0156825025888,20.575831149572696,527.8119131023687,344.68385348624145,94.70926623009746,20.12293534389223,19,19,18,19,19,18,19
2016-03-14,1261.4415436983188,400.4498063536439,645.2559463214084,20.63064016539894,1060.9012358911327,403.8717486697738,476.01519100068634,20.572449488620304,558.747238660387,370.4243855205219,94.78524714617629,20.106549698360233,19,19,18,19,19,18,19
2016-03-21,1270.0203437071382,407.45189832738936,645.2888273993932,20.63942361784778,1068.1282415484682,409.8171524079155,476.02301343122235,20.5779871740917,554.8673414408637,367.1163787864136,94.80664952978373,20.121168988579587,19,19,18,19,19,18,19
2016-04-04,1298.3949443473123,431.073354809655,645.2809692355713,20.628952320049976,1063.4445431256868,405.8767711072558,476.03264314882284,20.584328269444704,543.7932692438461,358.23272299321155,94.45839140432741,20.124573235229022,19,19,18,19,19,18,19
2016-04-11,1299.493869365957,432.0062541599948,645.2691906967991,20.62781859273728,1049.7258847952578,394.50490067852195,476.0264619035778,20.584499297262056,525.3089988773587,342.8436158568633,94.40534863555877,20.139563849433152,19,19,18,19,19,18,19
2016-04-18,1314.4114033333483,444.3698843584064,645.2975269233043,20.625008119430195,1064.900647643911,407.14349055415664,476.03970278076974,20.575284457442407,557.6762370041904,369.8337179234194,94.46624371766916,20.11119601066934,19,19,18,19,19,18,19
2016-04-25,1323.1586115788118,451.62955330203073,645.2863883032503,20.625342507324326,1077.5516490120003,417.66130343136007,476.0417862075738,20.571547922850225,563.6492046354955,374.7949730796606,94.4584931215004,20.116151554194087,19,19,18,19,19,18,19
2016-05-02,1333.6352556676459,460.32806148003164,645.3031109684737,20.622074422359848,1094.1770874558676,431.4654250330913,476.0519567045232,20.5681686626054,586.4870960212854,393.76057230554113,94.56882712889359,20.100714128728132,19,19,18,19,19,18,19
2016-05-09,1329.887123003868,457.1867734672084,645.2899308291353,20.62723119874618,1095.688768797711,432.6839109659337,476.04963268923257,20.573162116428694,551.9034349606728,373.82480801788927,86.29167465731803,19.9486338224178,19,19,17,19,19,17,19
2016-05-16,1334.111285402516,460.98859069051656,645.0674811770166,20.61877506353909,1101.1987284734594,437.5616944587834,475.77925654587415,20.568198246466654,554.9177318909743,376.33787612813285,86.26650039231447,19.9551409489198,19,19,17,19,19,17,19
2016-05-23,1346.0057977199622,470.77273831598467,645.0978174131658,20.623829601851337,1119.404985533331,452.64937670006543,475.78840239943895,20.568659605713865,587.7319012493172,403.7217639889769,86.29833709700182,19.94036570067029,19,19,17,19,19,17,19
2016-05-30,1363.8856150024992,485.6234366272712,645.1034056373652,20.620256283196472,1144.4315813770843,473.4234242249743,475.79255547319696,20.56598349102668,603.1289504496584,416.6077962055795,86.26259213576759,19.93725708109424,19,19,17,19,19,17,19
2016-06-06,1370.196324058346,490.31956246347704,645.1162046899444,20.675811322509038,1151.1819075376857,478.85688297711124,475.80181690162203,20.585703318255614,598.5723458889479,412.7458316594721,86.29428481741121,19.94473512765685,19,19,17,19,19,17,19
2016-06-13,1363.1020017594092,484.41760408016216,645.11850454258,20.678036882013174,1148.2520162248688,476.4295862950855,475.79614192454085,20.586115476185693,598.5832337667556,412.74893867635035,86.29564159793716,19.94584400410864,19,19,17,19,19,17,19
2016-06-20,1350.590051271903,474.0247574665148,645.0461850950089,20.688510433524257,1139.106007768581,468.7922091410307,475.77457699218115,20.595602607599353,590.7685681565674,406.2682027502176,86.27284357050013,19.943012378279835,19,19,17,19,19,17,19
2016-06-27,1361.467623018922,483.147022478975,645.0671635001643,20.67457047948302,1140.9637073108654,470.4200390430965,475.76980429826074,20.585072365783102,591.857436720536,407.1582132766296,86.28799653008053,19.94365848962037,19,19,17,19,19,17,19
2016-07-04,1356.196432280793,478.74926495379236,645.0500925820061,20.679587791772843,1140.878858137669,470.3362980280804,475.7718891500278,20.586511521530102,590.9052945993312,406.3951272641494,86.2733867621356,19.93973184326634,19,19,17,19,19,17,19
2016-07-11,1336.1767920159716,462.1331118674251,645.0236757109268,20.685417549446438,1129.4969586592797,460.6156993709966,476.0304112546371,20.589510365321548,580.9806807031393,398.09850213342463,86.27580381583448,19.944570462827215,19,19,17,19,19,17,19
2016-07-18,1328.1772136234688,455.5389250298712,645.0256585641996,20.68144236352693,1124.940252392608,456.4760670279988,476.38505343765866,20.59032450951221,573.5783181008557,391.8299216354868,86.38300591300464,19.942035243849407,19,19,17,19,19,17,19
2016-07-25,1321.0170551715798,449.5884079809121,645.0170859657851,20.684307038194714,1119.7009603256538,452.14391903985364,476.3729245520837,20.59026909992574,568.0725828189042,387.1981758149444,86.40340347138545,19.9473582150914,19,19,17,19,19,17,19
2016-08-01,1308.0919401140836,438.8785860208822,645.0019312681666,20.68599068334781,1101.8152867656634,436.9471128041217,476.69470263466275,20.595978440030894,551.5899249151132,373.5804028207687,86.28070699654262,19.947069482401517,19,19,17,19,19,17,19
2016-08-08,1302.8554586393502,434.8457899894023,644.7449871400353,20.680491741839347,1091.556718005371,427.9969755449659,477.1444282463021,20.595159323536134,532.126294468407,357.28556734912956,86.2782092661871,19.966129454681933,19,19,17,19,19,17,19
2016-08-15,1306.6635299781972,437.9757522230215,644.7692585117152,20.68063274579414,1098.6540206090372,433.90403342955983,477.15139798771725,20.591347433154944,555.3953550891554,376.69788073845825,86.28700316108092,19.95971669987997,19,19,17,19,19,17,19
2016-08-22,1321.7868287863676,450.51597233393204,644.7918645897407,20.677199982316672,1117.7106278537808,449.75784646110407,477.1596177959663,20.5836194649361,579.2110385266213,396.5638324830035,86.29895122775218,19.95354748101277,19,19,17,19,19,17,19
2016-08-29,1330.0044570422938,457.29220505038546,644.8000814375378,20.679953335003027,1127.9160266330837,458.19653006322494,477.1562047246988,20.587237807009846,588.8255897181535,404.4998475736348,86.38755785165273,19.9512522037545,19,19,17,19,19,17,19
2016-09-05,1320.7555047137644,449.4816385804931,644.7962629840413,20.696534474965226,1119.3404950931697,450.97157339023386,477.1597454191465,20.601521833039236,583.0484859379857,399.7143834295063,86.37804392396617,19.946012965556765,19,19,17,19,19,17,19
2016-09-12,1333.9280612671835,460.6040028115699,644.7890434505539,20.674547915589716,1124.6847986459109,455.5187088039485,477.1573947895577,20.586856928425068,575.0879329639718,393.06608476572933,86.38914520512566,19.946117388046858,19,19,17,19,19,17,19
2016-09-19,1331.9129717247333,458.88743925428275,644.7885277272867,20.67971139820746,1119.6056889274619,451.28401526591324,477.15410951722254,20.590232029622758,571.7340487487039,390.2977287856234,86.36126564643314,19.946136635883708,19,19,17,19,19,17,19
2016-09-26,1331.585343217116,458.63363137266845,644.7798384110762,20.678728299201396,1122.2476388949176,453.4976644729196,477.14759886043385,20.588121286438323,574.9229629125288,392.92638757616044,86.37849311434258,19.94932371318129,19,19,17,19,19,17,19
2016-10-03,1336.434339379318,462.68355440722394,644.7893546554972,20.67422403229458,1128.2268372453402,458.47980329948405,477.15399994333984,20.584232136013686,578.6840531328481,396.02956756168186,86.37853458774015,19.957366087853433,19,19,17,19,19,17,19
2016-10-10,1352.0812961677318,475.5804676055735,644.8595151593082,20.674138460431816,1147.2887592305237,474.28612013873203,477.18368356087103,20.580679993155567,611.333521213108,423.32488077977985,86.37655176719255,19.939533651746128,19,19,17,19,19,17,19
2016-10-17,1354.4765977270301,477.4391392535577,644.8636614108254,20.687268794589503,1160.8296760480246,485.43870729581073,477.1832889262484,20.590395877494846,659.5839905282302,452.69115412634864,96.27828397351908,20.149491893616055,19,19,18,19,19,18,19
2016-10-24,1355.8821849676797,478.59728024018784,644.8634245176257,20.687993734500008,1163.8944942808005,487.9829633714602,477.18084960934243,20.59035768096608,664.3081868685324,456.67660525172306,96.27711928273033,20.138115974864153,19,19,18,19,19,18,19
2016-10-31,1357.4379803918914,479.8566306841231,644.8580687713359,20.691761301697905,1166.51980004492,490.1348783296455,477.18088934844366,20.593485501119567,661.5106752240463,454.29766193836946,96.28522989623565,20.147335675436103,19,19,18,19,19,18,19
2016-11-07,1351.0178606487075,474.5782792226709,644.8395718028951,20.689326100254583,1156.6995272592708,481.99060574196426,477.1684386490581,20.595174911129405,637.729742745929,434.25519594579026,96.51568903622928,20.15160604891371,19,19,18,19,19,18,19
2016-11-14,1336.7719047961286,462.79957185595794,644.8268978008778,20.687970305574805,1142.1093678988059,469.9164022945103,477.16457149484626,20.592578618607767,623.1769363632134,422.08917111690135,96.51219046802493,20.16492483912651,19,19,18,19,19,18,19
2016-11-21,1332.733309176878,459.48296149141277,644.8350697694895,20.683831237924537,1140.8130231641705,469.1445817116225,476.90149914833734,20.58746886062534,629.3107230416374,427.1916013363245,96.53071708510123,20.161142824401743,19,19,18,19,19,18,19
2016-11-28,1345.577225740988,470.1289636501139,644.8601797691406,20.68074686490724,1157.1948454389822,482.7472244955985,476.9119325504248,20.583942428164146,653.4433516645411,447.32108525651336,96.54424129607912,20.148007192613758,19,19,18,19,19,18,19
2016-12-05,1360.8979942373417,482.886385830527,644.8587331612043,20.67425265862047,1169.6387046803495,493.10016397858413,476.9148199661377,20.57944712604599,659.7889495130364,452.52491085694095,96.58213269352785,20.156708471067844,19,19,18,19,19,18,19
2016-12-12,1375.1099047552207,494.61089288784234,644.874288241127,20.67817357596533,1186.9446587249015,507.42625955962984,476.91669083630615,20.582430975654585,677.3231286354451,467.1580709295335,96.56051791518183,20.152704210721677,19,19,18,19,19,18,19
2016-12-19,1388.280666992989,505.52275204468265,644.8902079959928,20.67672350839155,1203.386283394216,521.0687868046082,476.92151294845735,20.58095992435718,694.8561875203982,481.83715438587706,96.531122539943,20.140784901575536,19,19,18,19,19,18,19
2017-01-02,1411.9121472603063,525.6972357817724,644.2990181641799,20.67663827969224,1225.674150507539,539.6040166080686,476.8520784614336,20.58308828614294,712.3870657856419,498.02607246263926,95.12464351512165,20.102201109431267,19,19,18,19,19,18,19
2017-01-09,1422.368822426179,531.7627145469637,646.7945588147031,20.68728899097746,1242.59952333306,544.531698893164,485.9123395309425,20.588743978121336,715.5637140511806,496.4248739032269,99.35221045235625,20.105947818581093,19,19,18,19,19,18,19
2017-01-16,1418.2142909196418,528.3173561542018,646.7865413640944,20.688416906349378,1234.9401959215124,537.9321954225122,486.1371466770204,20.591462428672575,708.1504789904471,490.21628821404903,99.32980282322893,20.117916097872943,19,19,18,19,19,18,19
2017-01-23,1417.6365137788916,527.8174546429966,646.7862044533804,20.690626391329292,1229.7068049544255,533.5754175069973,486.1311126537927,20.594187502214204,704.7676159062473,487.36957054663225,99.34955322444767,20.12010301904295,19,19,18,19,19,18,19
2017-01-30,1418.7131445958616,528.7350559481393,646.7860872159264,20.688015936252203,1229.5993539469644,533.5020497490245,486.13309480103135,20.592092232124987,705.1398602667832,487.6786317285967,99.33986589652255,20.122255622189684,19,19,18,19,19,18,19
2017-02-06,1421.5697275686468,531.1116206820899,646.7872945485564,20.686903535375688,1230.748793803535,534.0649889303634,486.5345504083848,20.590765169357553,705.7790966984566,488.22684558303774,99.33770584035142,20.119414111809455,19,19,18,19,19,18,19
2017-02-13,1425.9914046941099,534.7863761571816,646.7916571882158,20.68533473466036,1232.5364008321894,535.5435701299867,486.5357803319349,20.591067638256582,707.581098017962,489.75103615334586,99.35875592296026,20.11022521355586,19,19,18,19,19,18,19
2017-02-20,1430.7513999899058,538.7052026159921,646.7986187157218,20.687202710379943,1234.8355611170778,537.44617400347,486.5350616254925,20.59162005626028,710.3765158074211,492.10039613751866,99.36294121220345,20.104911149782346,19,19,18,19,19,18,19
2017-02-27,1428.7265284190378,537.0248346649623,646.7884479937236,20.688502937752958,1236.358940728136,538.7209523944832,486.53592489036714,20.59016312110381,713.203182672447,494.44734292225866,99.34986984710355,20.10888015896827,19,19,18,19,19,18,19
2017-03-06,1421.480965475803,530.9591567727836,646.7858806416701,20.69513522183303,1235.0087574454656,537.5957182485561,486.5290346493041,20.591632411079654,713.2157066271216,494.4954606670678,99.33413280221527,20.104439804078897,19,19,18,19,19,18,19
2017-03-13,1411.6338514700967,522.8113515442277,646.7669646723324,20.69596639210584,1227.9028395732523,531.6692431984313,486.52284787290307,20.596383564643663,702.9114395871009,485.91651115718213,99.33243929158283,20.10469032846844,19,19,18,19,19,18,19
2017-03-20,1393.5459922826674,507.92348907243814,646.6362026882643,20.699345579743138,1211.2498030101053,517.3170888790728,487.0326119444203,20.600404621713857,675.8663020091702,463.32593348185696,99.33446737388977,20.119756247507265,19,19,18,19,19,18,19
2017-03-27,1385.6134838190146,501.75721384928823,646.2666267090258,20.695532171627576,1200.592251842845,508.2945677025163,487.2268904376447,20.599334351446153,666.0533681896717,455.1383145855413,99.3230143076375,20.126207813131728,19,19,18,19,19,18,19
2017-04-03,1398.840550371792,512.7839484299342,646.2751024398516,20.68759993911168,1202.6902230364535,510.0594250777439,487.23589127308827,20.595194153440374,669.5976400502047,458.3915052353203,99.04297867602565,20.12131638355856,19,19,18,19,19,18,19
2017-04-10,1415.856012046579,526.9138768830254,646.2917023912631,20.68268656908257,1216.1333581187785,521.2310726231646,487.23597726852813,20.592275002875766,689.7185887723095,475.19443292231654,99.04469554001071,20.109995050182018,19,19,18,19,19,18,19
2017-04-24,1427.3586756651919,536.3923693492796,646.2886390020759,20.688390663760995,1228.0242343039413,531.0637034017138,487.23313699356345,20.595899504829354,692.9580002948674,477.88039661046895,99.0535627707697,20.110454416319072,19,19,18,19,19,18,19
2017-05-01,1414.917502230148,526.0532100881163,646.2633781827598,20.694146648312756,1213.5259601008356,519.0260071825141,487.22573019824733,20.598644953359464,675.6309463608756,463.4002151942029,99.05033015616783,20.12272935747633,19,19,18,19,19,18,19
2017-05-08,1396.0921808562857,510.44448669652763,646.2533458948611,20.696360062210353,1196.6772314214988,505.00239047543545,487.22709524104806,20.604885124673014,622.9394536635853,430.27375311171863,89.13819069130852,19.931676792518683,19,19,17,19,19,17,19
2017-05-15,1392.5150064257082,507.5583852979195,646.2539582309604,20.68817032818071,1187.2740243306955,497.268770775693,487.22836990165916,20.597000770751766,618.2894502184746,426.39865630587207,89.14795592234844,19.928913419912494,19,19,17,19,19,17,19
2017-05-22,1394.1688340542921,508.9258602227743,646.2648604285447,20.687329730993056,1190.906222350291,500.2646115297955,487.23393068182577,20.59827649802033,623.224374333418,430.5101513047955,89.13186596823994,19.933406771831027,19,19,17,19,19,17,19
2017-05-29,1394.9047598140623,509.5516739477054,646.2707658452059,20.68503879055916,1193.787782167187,502.67952587062973,487.23606787266317,20.594906243770396,631.5671534159277,437.50843597937876,89.13930140986918,19.922124140663154,19,19,17,19,19,17,19
2017-06-05,1390.165123687263,505.62894309490366,646.2605291863088,20.685634962369043,1187.3336363778308,497.31067750867584,487.2315912266003,20.597527813920728,618.5538052927408,426.6462281349603,89.13642481408067,19.925282821377376,19,19,17,19,19,17,19
2017-06-12,1378.4766399637795,495.9335504268288,646.2440842148105,20.68846369910576,1167.3837828243827,481.14916938961846,486.8287315108381,20.600251486984337,594.8133467022806,406.81374127797653,89.16444020409114,19.927321182733603,19,19,17,19,19,17,19
2017-06-19,1369.8029073099904,488.7430019841524,646.2397917266271,20.6893104371632,1158.973256888653,473.76968595542013,487.2256128286669,20.601345121569295,594.1883377976898,406.3285449854968,89.13547987561213,19.925626883658353,19,19,17,19,19,17,19
2017-06-26,1359.2096258895397,479.9809055195713,646.2339679681204,20.68830361654731,1150.4333421020772,466.6927985973834,487.2291604856229,20.60036265524015,585.4504412756602,399.0035341800035,89.15481937734484,19.930435894278318,19,19,17,19,19,17,19
2017-07-03,1356.8342179912386,478.0260284272899,646.2382364940947,20.686413357282742,1148.5633637260148,465.1735026798552,487.2254060976084,20.596879431577218,588.3065941284217,401.3950207535986,89.13311266124452,19.933303322051582,19,19,17,19,19,17,19
2017-07-10,1357.876352348996,478.87210879850755,646.2353559510434,20.688591525011308,1156.2367997631138,471.5312358691989,487.2217128662171,20.59799151472513,602.7723748155868,413.4677404387024,89.14599509949215,19.927557126974104,19,19,17,19,19,17,19
2017-07-17,1358.7510101221421,479.63025846529035,646.2374007261706,20.684789107267335,1157.5224020233643,472.6192110531675,487.22415718002,20.594926248649355,595.7854402159988,407.6405043363035,89.14040016602513,19.929215236815963,19,19,17,19,19,17,19
2017-07-24,1361.4822275086685,481.8715679898907,646.2356573462503,20.687306749851636,1161.2085759676245,475.66947986279916,487.2272543213962,20.59533849716988,597.9851671195707,409.4601013816639,89.14204319995048,19.932329537280747,19,19,17,19,19,17,19
2017-07-31,1361.7439914970962,482.0781254696243,646.2461441325719,20.687290718048178,1162.2414074914732,476.53299394374295,487.2251811885787,20.59471322584635,600.4488934680496,411.4919692302154,89.13802495267578,19.938657380702693,19,19,17,19,19,17,19
2017-08-07,1369.8440359583078,488.8019787521911,646.2470063220536,20.685895848689302,1176.2059174728688,488.1173451005703,487.23215139613905,20.593276737990013,611.5838523954908,420.8023179587845,89.1479767876728,19.930090970839565,19,19,17,19,19,17,19
2017-08-14,1371.9274016474255,490.5392185738997,646.2468541380833,20.68474751581674,1177.9081285337486,489.5274461790587,487.23486739446315,20.593117912619622,610.5195020157934,419.89912645704896,89.13820987065395,19.936094750967214,19,19,17,19,19,17,19
2017-08-21,1367.5449547043443,486.8801441109917,646.2499704046866,20.687371837157404,1172.0681652402736,484.65499446411894,487.2341726426815,20.596895706676353,605.8219182825047,415.9616874019657,89.15818455183637,19.936266997215426,19,19,17,19,19,17,19
2017-08-28,1373.0360033517452,491.4683784568727,646.2524492701816,20.683033121122072,1172.6373691234976,485.15413744578854,487.22897150840726,20.594173050237007,603.689445761702,414.18540707629523,89.14685925764644,19.938554736162526,19,19,17,19,19,17,19
2017-09-04,1393.1292187608535,508.1834715040348,646.2648599133147,20.674886943659793,1178.9609560057809,490.4127146379875,487.23019109272843,20.59218648189285,611.9397841478938,421.0826498196695,89.13111317615909,19.93792181433116,19,19,17,19,19,17,19
2017-09-11,1404.5346921059834,517.5931997474503,646.2736028890473,20.67830175448794,1193.4319798490142,502.4254888751618,487.2436958357846,20.58898046801174,631.3539178616932,437.3051580495501,89.14571526375084,19.926464151948036,19,19,17,19,19,17,19
2017-09-18,1397.3452129000473,511.56853758579877,646.274181657019,20.685235539923262,1196.4426752276809,504.9106880108116,487.2422711886741,20.5905464610039,634.9471055008535,440.30345980935715,89.12456105606714,19.93077065753781,19,19,17,19,19,17,19
2017-09-25,1393.938204853525,508.73766737195484,646.2634654591338,20.68717209278957,1203.8043474994988,511.03529377839345,487.24293211317536,20.58806014970157,641.9391523416168,446.1321726969508,89.1339859812121,19.92896280364189,19,19,17,19,19,17,19
2017-10-02,1393.5137896758285,508.3890716449052,646.2653209479797,20.686657290287748,1218.4001464868759,523.1660579532831,487.24374002401726,20.58475174389077,661.2869305858211,462.3212018412948,89.14421146098601,19.914488675891374,19,19,17,19,19,17,19
2017-10-09,1387.4265108549712,503.32596635270534,646.2603738512103,20.689195959728185,1216.7934307656876,521.7996239112731,487.2443426996699,20.588742515602053,650.1032966793329,452.95444733893737,89.12280690425143,19.928163668656904,19,19,17,19,19,17,19
2017-10-16,1383.0799600941596,499.7010656775419,646.2580094971377,20.69191562389219,1211.608935021185,517.4865488845649,487.2421271991667,20.59065933539779,678.3125859508121,465.6858042110905,99.04272828262549,20.1130360733739,19,19,18,19,19,18,19
2017-10-23,1381.7329759215652,498.58025434089404,646.2641769824513,20.691767205819957,1214.0554110611113,519.514241834911,487.2443252658571,20.590521971649068,684.747282696382,471.05001207300614,99.06022069591091,20.10787446678418,19,19,18,19,19,18,19
2017-10-30,1391.4905769829145,506.7054877647664,646.2700916801997,20.686908013504308,1219.0451581180014,523.6543717087992,487.2467440152501,20.58995080293989,685.1230448439493,471.3465635061295,99.04411226328756,20.114699266387248,19,19,18,19,19,18,19
2017-11-06,1409.1467595482184,521.3894344918007,646.2815647297895,20.680119698751113,1230.532004241834,533.175092811134,487.2491182053883,20.590239917573818,702.1631488070241,485.274458028028,99.33470241863415,20.108133144979558,19,19,18,19,19,18,19
2017-11-13,1405.16442794762,517.8125681505248,646.3002776204862,20.706891350980356,1231.3652102063195,533.7289818614103,487.2522172261689,20.606061238615784,720.6972129792039,500.7134396838635,99.34127960704654,20.105248706460994,19,19,18,19,19,18,19
2017-11-20,1407.990588008849,520.1925637259525,646.29643266246,20.703289303898618,1239.4641211910346,540.4818063589366,487.2533477187078,20.601510639519695,712.8905106379052,494.19001725050697,99.335240704804,20.11123386623955,19,19,18,19,19,18,19
2017-11-27,1407.189539489052,519.5606986811405,646.2789805866665,20.701805275046244,1238.677679231158,539.8411080927868,487.2469244835148,20.600926107970935,721.7852784663676,501.6258925800125,99.33103892335879,20.105991066735612,19,19,18,19,19,18,19
2017-12-04,1403.7884699382114,516.7479917365066,646.2775223661337,20.701433710277406,1238.8160439035537,539.9673860404877,487.2482513157396,20.599414461011136,717.6154728710089,498.1461006209507,99.32961340060234,20.107889915860593,19,19,18,19,19,18,19
2017-12-11,1395.6547343707737,509.9629264269828,646.278644429941,20.706154280235232,1233.5151738036761,535.553698051356,487.25063006249763,20.601286081609842,712.6566075366103,494.00916379576546,99.34196494893189,20.107061908572994,19,19,18,19,19,18,19
2017-12-18,1400.4052686921632,513.92974970064,646.2772937167734,20.703048359992792,1240.1985594561133,541.1137090073712,487.24776535390015,20.599476971501367,725.4416806444407,504.68552815277724,99.34823952774207,20.099524142520355,19,19,18,19,19,18,19
2018-01-01,1412.3769828355807,522.3691383132096,648.0598723351976,20.67173403819993,1254.3513680760998,552.4990687776886,487.7311931451044,20.58401048220985,741.1728963688295,515.2141559652738,102.08405408666977,20.0672356244905,19,19,18,19,19,18,19
2018-01-08,1419.2809324857737,526.0574916071968,650.0743834819901,20.67362194210991,1282.8174879163385,563.3952568152251,500.52291112712646,20.574826764857708,754.3000751104262,519.4482100457717,108.75637220965609,20.072361204733756,19,19,18,19,19,18,19
2018-01-15,1416.7162439383724,523.8014022614148,650.0866851140458,20.68580124241817,1281.7681460485512,562.4263440471764,500.53406636855925,20.584749299104875,762.0108916443538,525.8270559125674,108.77662654425149,20.076657717189377,19,19,18,19,19,18,19
2018-01-22,1416.930980805195,524.0136733971043,650.0792250075996,20.68303817614831,1281.276547613818,562.0310619128168,500.52953699830914,20.583856480922044,754.6791008346311,519.7233659454096,108.74708452697769,20.08187501375436,19,19,18,19,19,18,19
2018-01-29,1424.4328569460563,530.2687513254394,650.0906383228449,20.6778943293279,1282.775987935566,563.2976414744462,500.51518499616236,20.582865332749133,755.2725596595433,520.212431107982,108.75060665273566,20.082185170772924,19,19,18,19,19,18,19
2018-02-05,1424.293558094695,530.6471998553093,649.6011983419166,20.67744046678958,1281.37355633521,562.354638547562,500.29987420121483,20.582328589625114,748.1252032905311,514.2456634425577,108.73860671450052,20.08733432417548,19,19,18,19,19,18,19
2018-02-12,1413.8531315965458,521.9548996501211,649.5854149397511,20.683267488878663,1271.1994978175248,553.6001079623328,500.5817023479834,20.58636236981986,738.7393977652957,506.4672460428118,108.74160620056955,20.079448641133123,19,19,18,19,19,18,19
2018-02-19,1397.6860413299314,508.52397680004435,649.588080833758,20.68659782246073,1253.4421242955282,538.2683058042056,501.16974026280184,20.588439978530957,710.3024387039468,482.7007118261447,108.71903592228864,20.101237979980567,19,19,18,19,19,18,19
2018-02-26,1396.7726931398902,507.78841180690864,649.5852763233013,20.684676648943014,1255.3327951867325,539.8703449578807,501.1695534957703,20.584503730490034,729.0839159105799,498.3637323197895,108.73491893880862,20.093153624882827,19,19,18,19,19,18,19
2018-03-05,1395.7858068202618,506.9895753134553,649.5875830422347,20.682463486020712,1258.5403930152427,542.531732164836,501.1783043580273,20.5833372272715,736.7334294420564,504.8444855756475,108.72638647079322,20.073077619351782,19,19,18,19,19,18,19
2018-03-12,1384.1992276170079,497.36754321336286,649.576392550045,20.685866541129794,1251.7048224708124,536.6239933887549,501.4093919357198,20.58425481946777,723.0519181454655,493.38187886671915,108.7376484664951,20.084449236825186,19,19,18,19,19,18,19
2018-03-19,1383.461011221005,496.7545138611024,649.5810922209469,20.685513376785348,1251.3503094761681,536.3466177111062,501.4018584192794,20.583198940679072,722.420599172108,492.84828989152425,108.74015923758361,20.085516970600647,19,19,18,19,19,18,19
2018-03-26,1388.808567326887,501.10592532764144,649.6001733183521,20.691857717714612,1262.7441773484074,545.7960586329119,501.4074961509169,20.58249531143656,742.1520487473292,509.32285597837887,108.75086080046339,20.07500539177343,19,19,18,19,19,18,19
2018-04-09,1418.9816699802511,526.2564238867982,649.6069066043118,20.67573102969377,1275.4284272395178,556.3299336704699,501.41416722712756,20.58005581474708,750.8385616368397,516.8932982747763,108.41972350288313,20.074032602476834,19,19,18,19,19,18,19
2018-04-16,1430.9935960895023,536.225931507334,649.6189123387228,20.67291969228902,1286.2067487188722,565.2868229491503,501.42120229208626,20.577207472306764,762.4233083948894,526.4899065375191,108.45320247012683,20.07742072931267,19,19,18,19,19,18,19
2018-04-23,1438.4008591346462,542.3753363620998,649.6190819276004,20.671778077492643,1294.1920029579746,571.9129678516504,501.4175854196851,20.57720699494577,765.4387414296476,528.9448813510719,108.4749187120243,20.083929202368548,19,19,18,19,19,18,19
2018-04-30,1453.888781860942,555.2218790475141,649.6357281929824,20.668929931961433,1307.879894161279,583.2766042882778,501.4287064631702,20.57467417166264,777.6407665746685,539.1346495101304,108.50550269160021,20.072970141055208,19,19,18,19,19,18,19
2018-05-07,1459.381297067533,559.7365470861666,649.6360285790206,20.67259721553008,1314.3812299498957,588.6299831101388,501.4343340972322,20.57831902223906,741.7833108001844,521.7328110605176,96.9825394119681,19.890885240477253,19,19,17,19,19,17,19
2018-05-14,1478.0635241671457,575.2706737776759,649.6594140929744,20.665133365817507,1331.409191008091,602.7951286517816,501.44703076642304,20.572211416884723,764.1883918126773,540.4654314307055,97.00383331853561,19.878468511463545,19,19,17,19,19,17,19
2018-05-21,1503.3417780451518,596.2430061885781,649.6826562683415,20.6606319578182,1355.1861718699004,622.5353294218892,501.46540823377836,20.56808563101276,780.3692872409019,553.9408413586397,97.00209132531666,19.882903409565756,19,19,17,19,19,17,19
2018-05-28,1514.194925870757,605.428965395115,649.427022635989,20.666828728813854,1369.1194659789192,634.3753917419904,501.1475891809971,20.571709157841745,794.2244121313661,565.49472962495,97.03524731203822,19.877505890862214,19,19,17,19,19,17,19
2018-06-04,1514.9548265765245,606.0356983300416,649.4197341106614,20.66974162765259,1371.2198538104199,636.0947236137644,501.14658134843955,20.57422183201412,784.3272869337642,557.2231707784715,97.0110149867237,19.884791103725572,19,19,17,19,19,17,19
2018-06-11,1504.8156539463084,597.5888767249556,649.4115086066223,20.67483471917111,1360.7257196680357,627.0264351862135,501.4600158465074,20.57971262506375,777.9533980361817,551.9677307065798,96.99615212863364,19.876224026125303,19,19,17,19,19,17,19
2018-06-18,1500.1480479926424,593.7381589970889,649.4112145647925,20.673193414754834,1357.4417365992174,624.1798576011946,501.60017345033623,20.577883703560097,770.3119862786555,545.5509354690133,96.99798016154148,19.88378900658832,19,19,17,19,19,17,19
2018-06-25,1492.5822994349535,587.4537735844617,649.3918440674579,20.67652406518895,1350.2845332401523,617.8884978770822,501.92478662397696,20.58122116686455,767.1347342307602,542.8046949501319,97.10341464619091,19.882014734068083,19,19,17,19,19,17,19
2018-07-02,1499.5395833744203,593.3075863327879,649.4058546475339,20.666561889883454,1351.929714497668,619.3148746223998,501.9201101685429,20.57505632949359,766.756154758675,542.5051607497406,97.07249361890149,19.88476294025266,19,19,17,19,19,17,19
2018-07-09,1498.4940519913291,592.403699095799,649.4094433652054,20.669849654001773,1352.5250096884135,619.7867308488221,501.92316481294415,20.5770774528538,773.3668317020866,548.0418002095021,97.06837179942181,19.88135751971813,19,19,17,19,19,17,19
2018-07-16,1497.266012692605,591.3836852201576,649.4014178537403,20.670856619998595,1351.0174442874827,618.3482840373243,502.1072668565213,20.577513602365215,773.0392122969959,547.7948018662705,97.08031235666976,19.87425088165952,19,19,17,19,19,17,19
2018-07-23,1490.7885724288908,586.473107362256,648.9450408180675,20.67076840539443,1342.545848635655,610.9076824352353,502.51326690072233,20.578461312080307,753.7383027480915,531.6170035542857,97.07679806841236,19.889571171633282,19,19,17,19,19,17,19
2018-07-30,1498.8316366564172,593.1804919429521,648.9485952606701,20.66633428822632,1345.2478489804987,613.1466479175576,502.51303684031177,20.578691455760236,771.1295674270148,546.1153893098224,97.10567821314112,19.885620412998197,19,19,17,19,19,17,19
2018-08-06,1508.3640441580992,601.0886522749314,648.9500513896993,20.665387378499442,1349.1948863824869,616.405406730892,502.52233419588595,20.57926861881044,766.1414253146711,541.9739119093861,97.09835693353523,19.883378244813567,19,19,17,19,19,17,19
2018-08-13,1508.1448146671282,600.9428202052783,648.9542367677708,20.661522183234297,1351.0037946441978,617.9701074413784,502.5253372813876,20.572002412599225,778.1917582667427,552.0936104635404,97.0914146741627,19.872105506696666,19,19,17,19,19,17,19
2018-08-20,1509.4943498875039,602.0576197075588,648.9537653316577,20.661919462881976,1355.2761196996578,621.5204417944664,502.5233044046157,20.571474578501107,779.053096184227,552.7748935939284,97.11114119228705,19.875340364945977,19,19,17,19,19,17,19
2018-08-27,1514.5416093992087,606.2706458692396,648.9544280754687,20.65896713165267,1358.8510571664444,624.5019108131884,502.52087067670266,20.569972451673358,783.2824925126181,556.3046518175828,97.09056184445308,19.878823127982926,19,19,17,19,19,17,19
2018-09-03,1518.5710511724637,609.6516555673641,648.954332501771,20.65499970345358,1367.1538278570547,631.4162752367383,502.5214951901844,20.56691853048753,801.7568912533602,571.75640843731,97.10792154391982,19.868388149187098,19,19,17,19,19,17,19
2018-09-10,1528.5649940419896,617.9483413325105,648.957299056451,20.653420847719516,1383.4000211572543,644.8959487767061,502.52923681173115,20.5655966535022,823.1402453971455,589.7484624540222,97.08699652990276,19.84533335172649,19,19,17,19,19,17,19
2018-09-17,1528.7765582129941,618.162031558964,648.9536009302882,20.650122136817814,1383.1810687066052,644.7220634654861,502.5220372252511,20.565542056290738,826.4003616453255,592.4772613673932,97.07797372736661,19.845419131907555,19,19,17,19,19,17,19
2018-09-24,1523.5337995478963,613.8176748821126,648.9542254314116,20.649960548665163,1379.479247160991,641.6563012896672,502.5253548228884,20.564705769525876,817.3931047376058,584.8938557791502,97.08752204025632,19.855634086545,19,19,17,19,19,17,19
2018-10-01,1523.6292708501867,613.875627259694,648.9593899563922,20.651490501825027,1386.1840694961284,647.2112520366419,502.5339952129615,20.564453109254323,829.8956524500152,595.3284726365413,97.08552810403921,19.855411872433166,19,19,17,19,19,17,19
2018-10-08,1540.5392493528327,627.8585038462728,648.9842544306188,20.652229052213247,1416.9793108342049,672.7690218708965,502.5509398208642,20.561154155384088,869.6307912902483,628.5418820704339,97.05874481263572,19.849785001686506,19,19,17,19,19,17,19
2018-10-15,1533.1273749180452,621.7002720097182,648.9518264137223,20.656738128420084,1424.8668621111601,679.2777343826444,502.55317894655514,20.56435874547671,917.395867057819,655.8337203005282,108.60433072852334,20.00918397806895,19,19,18,19,19,18,19
2018-10-22,1528.8955526344362,618.2447161378763,648.9450912561289,20.652450304870484,1423.4218167200781,678.1062820053295,502.5479098370557,20.562127891051603,907.8466909838729,647.8430160286399,108.60271401393038,20.014781619929607,19,19,18,19,19,18,19
2018-10-29,1533.8539825219818,622.4819029435131,648.9404363461032,20.640792215354217,1430.5333372407233,684.0904402003496,502.54849424980694,20.55337944086405,928.8760621463578,665.5081201827658,108.61297567702115,19.991053998430356,19,19,18,19,19,18,19
2018-11-05,1532.3191026450952,621.2933279099415,648.9279279783926,20.634030925066043,1435.876312765443,688.5736655604072,502.55251724947163,20.547791954182046,940.2586244181703,674.7581814763887,108.96179473707878,19.973798417263414,19,19,18,19,19,18,19
2018-11-12,1517.5107085878426,609.0929970956084,648.9019045033775,20.629321045657406,1425.328031218718,679.8483773790757,502.54509593378236,20.545999566895453,925.8574591936405,662.7349049580841,108.96900573042353,19.97573763331047,19,19,18,19,19,18,19
2018-11-19,1499.4392422838987,594.1383653959421,648.886834066914,20.628225633064066,1409.3850565406326,666.6094681552254,502.5396884703339,20.54792569054669,895.5429546337249,637.4133851266164,108.91055681523562,19.99386651105171,19,19,18,19,19,18,19
2018-11-26,1475.88661680335,574.607614944303,648.8640646409082,20.63104045887798,1387.794286374575,648.6603642602678,502.52474013826134,20.553530537529795,862.0951257704195,609.480599070816,108.93682014675653,19.999195830931576,19,19,18,19,19,18,19
2018-12-03,1450.4254147087877,553.5259038490183,648.8523393710936,20.629712229687065,1362.8884717182787,628.007286856226,502.5091959466789,20.554498094468368,825.2252419511766,578.6859200605446,108.95954183765627,20.00737119288123,19,19,18,19,19,18,19
2018-12-10,1428.5465584516933,535.3838777735207,648.8537739572043,20.630057350728418,1342.7493928217427,611.3078965950399,502.51040264737003,20.553719914194772,815.0539081390001,570.2808232703209,108.84094395514524,20.01587159676551,19,19,18,19,19,18,19
2018-12-17,1411.0147425597509,520.7519285638597,648.8487522399697,20.64072513962675,1326.8118045944568,598.0439849371313,502.5008027052278,20.559546462149708,794.8871705751974,553.3905574852446,108.81425118869447,20.03645400385327,19,19,18,19,19,18,19
2019-01-07,1365.209182943206,482.7023285216384,648.686854617912,20.666628538450098,1278.438310925186,556.402661544216,503.63708409197534,20.602865712164505,771.4956541831507,533.0485122257086,109.38879739534298,20.08886199934831,19,19,18,19,19,18,19
2019-01-14,1370.8578236364776,487.35025468772324,648.7025801278862,20.668491959617263,1288.157598039478,564.4806161941952,503.64562717776164,20.59975176463285,775.075818819538,535.8564799127231,109.42162353477124,20.115003853157287,19,19,18,19,19,18,19
2019-01-21,1371.8788004079709,488.1236653245249,648.7057834287798,20.6758675993511,1299.7179537034253,574.0650285874528,503.6461066406341,20.599844542605837,780.1400394003512,540.0135182247573,109.43174894080482,20.124062618116096,19,19,18,19,19,18,19
2019-01-28,1370.9933811493072,487.3529939955267,648.7034628502788,20.680039525129807,1303.8899981373181,577.4863865192111,503.6498910852041,20.603667192306354,781.8121459906483,541.3618869745943,109.43930325838835,20.13071852415706,19,19,18,19,19,18,19
2019-02-04,1372.0062111981013,488.1998456244537,648.7035197984028,20.67922858930067,1307.1302798599704,580.1627904325618,503.65141723421414,20.604645207036647,784.4215303064744,543.5296604339596,109.44276602709147,20.130881262145305,19,19,18,19,19,18,19
2019-02-11,1374.2958551389397,490.04491271368863,648.7080997540046,20.684278337127896,1310.5397337077914,582.9942038574569,503.65231081548484,20.604052560941295,787.0601999101209,545.7339932164765,109.44242952957688,20.129505975093018,19,19,18,19,19,18,19
2019-02-18,1388.102365516491,501.5095659930313,648.7261060906102,20.679822336057118,1323.0804514907525,593.4072684942753,503.6566489663569,20.60194765618393,797.8221046962402,554.6431391955908,109.4579535046829,20.135641013968083,19,19,18,19,19,18,19
2019-02-25,1395.50509201607,507.52918769301965,648.7427556057064,20.690041828294845,1337.4377995920772,605.2962236145556,503.66197907036235,20.60308462068123,812.5871488897028,566.9252769882702,109.47422018619773,20.13420357113412,19,19,18,19,19,18,19
2019-03-04,1404.0203134402857,514.608171674603,648.7431047436758,20.687563756578978,1342.6078744843687,609.5519130767178,503.6603473354886,20.60663740688776,814.8959371590562,568.8648226716884,109.4735663426992,20.13118383924637,19,19,18,19,19,18,19
2019-03-11,1411.356166998537,520.6813382700826,648.750429583566,20.68734626466593,1346.574079507946,612.8234909713839,503.66036775145915,20.608468182272297,815.6478006201307,569.4807756223628,109.46944883527499,20.133666834220495,19,19,18,19,19,18,19
2019-03-18,1412.697655037927,521.7015808647195,648.760712084812,20.69569977158079,1344.9634896111575,611.4842308612344,503.6597945867386,20.60894906116381,813.059375266943,567.3336457747508,109.46525344407314,20.13308180692874,19,19,18,19,19,18,19
2019-03-25,1431.2370551703527,537.1646685894121,648.7712454502652,20.684181853899766,1344.0739662996587,610.7378186832592,503.6580792461642,20.61009635776506,806.9842849075671,562.2583898785147,109.46388185407864,20.13659794636383,19,19,18,19,19,18,19
2019-04-01,1450.6293761800753,553.2732991549746,648.7824858194989,20.679039551469756,1338.7749515939997,606.3302595377506,503.6586996905678,20.611555679322862,810.6610856947573,565.6531785013292,109.15915959702158,20.131337251365903,19,19,18,19,19,18,19
2019-04-08,1472.0147957350039,570.9982701494805,648.7950824634067,20.67739118120619,1344.013868582119,610.6826843646569,503.65908164287237,20.610562179452383,817.039163976561,570.9367127405701,109.1684378461008,20.134241487771167,19,19,18,19,19,18,19
2019-04-15,1495.268303301091,590.3162218071271,648.8075473148878,20.671424482525108,1355.559120095793,620.2874867833249,503.65955191929095,20.607028037595942,823.5863933639882,576.3819338325324,109.17298123779267,20.134270101397156,19,19,18,19,19,18,19
2019-04-29,1521.4625251660125,612.0630670700006,648.8168289627841,20.666728841749425,1371.813770146586,633.7948090654187,503.66221489792235,20.60356929940571,839.4868046365773,589.6259361282277,109.18425142577655,20.130876679828233,19,19,18,19,19,18,19
2019-05-06,1530.1952782031972,619.287950521356,648.8661280391299,20.66319890246782,1375.0310026096172,636.2488681131928,503.87500776550735,20.60364945430801,777.4051573947578,554.8384537228945,93.38337580725613,19.928876501774532,19,19,17,19,19,17,19
2019-05-13,1524.5030220418057,614.6113870681373,648.8486446945773,20.660961464281332,1370.31060756744,632.332304797406,503.8782435215413,20.60358087634813,774.9132687913226,552.7535800615444,93.38328265695213,19.930205735519273,19,19,17,19,19,17,19
2019-05-20,1534.8315370758244,623.248112167704,648.8600586083837,20.652596401409358,1375.2479173785703,636.4626776607664,503.87986949372737,20.599544479879118,784.218880088769,560.4734019237683,93.3808507012584,19.937872536634558,19,19,17,19,19,17,19
2019-05-27,1541.8708110786197,629.0910268535155,648.8593580212906,20.651852319733724,1374.8689172338397,636.1169102862242,503.8723548043953,20.603672274453324,782.2124430716618,558.9520586114237,93.3793188348285,19.910289481071448,19,19,17,19,19,17,19
2019-06-03,1535.7294702620252,624.0308177299994,648.844767880428,20.65039879962362,1364.7690529055485,627.7335218491261,503.869400843446,20.604942381924364,770.1738186313336,548.9345090346459,93.38933822343893,19.904285341266327,19,19,17,19,19,17,19
2019-06-10,1502.3190358083793,596.2915168650741,648.811371080338,20.658224340593137,1331.838372236207,600.3844038316143,503.8587929434401,20.610964697436653,721.9481982366467,508.6279535572771,93.40939782639191,19.91750953281973,19,19,17,19,19,17,19
2019-06-17,1486.3976642002674,583.0881466734738,648.8150769802664,20.658639060275704,1318.171114662384,589.0612367982186,503.8603965587225,20.60984744291156,718.49340822738,505.6907872621331,93.40661188207923,19.929315208799142,19,19,17,19,19,17,19
2019-06-24,1480.276716093563,578.0221191342187,648.8165765289539,20.6578111145568,1317.7601773237375,588.7549910810941,503.8625242488255,20.60580750674083,725.8947995387223,511.84592559557666,93.40230584392873,19.93340283081447,19,19,17,19,19,17,19
2019-07-01,1480.6140437111374,578.2646191322816,648.8314319783382,20.65999579829661,1322.043093326077,592.308651105627,503.8673113423704,20.605006733925254,738.4683519700416,522.3386388427906,93.39357446695067,19.93336323928183,19,19,17,19,19,17,19
2019-07-08,1478.0972747164756,576.0999067111295,648.8352916851652,20.667385234061744,1317.2926077492784,588.3267117476283,503.86460582515576,20.610060394615196,728.0531547174875,513.6350702305895,93.40181270140397,19.935571492951862,19,19,17,19,19,17,19
2019-07-15,1492.9688917793223,588.4405702720566,648.8556172540224,20.663823814445767,1326.9648807953497,596.3895163600621,503.8686075784776,20.604870068605276,740.8440780726944,524.2725726001132,93.391850663985,19.94281201394817,19,19,17,19,19,17,19
2019-07-22,1480.7505848277897,578.1710695275424,648.8385770099692,20.679620490866352,1326.1155693685241,595.6560089172995,503.86733967405894,20.60822274192373,734.6340871666312,519.1367149190662,93.39573613014761,19.933904874471253,19,19,17,19,19,17,19
2019-07-29,1482.539729720528,579.7012082060514,648.8398289170673,20.67482362593271,1325.1559111124984,594.8662641649177,503.86731290472665,20.6075739167569,743.1955654640295,526.2882668110625,93.39451027370922,19.931615488865102,19,19,17,19,19,17,19
2019-08-05,1484.5845487004926,581.4065678630112,648.837682818351,20.67396761889078,1327.9147367240462,597.1537230731244,503.86917122110026,20.607368257792974,747.5908797687676,529.9728048840118,93.39372178745589,19.927979412146044,19,19,17,19,19,17,19
2019-08-12,1463.1267121441213,563.5946636932892,648.8031163752366,20.680418275050272,1310.628511872855,582.7949256072433,503.86077512873123,20.61120288470278,716.6599671564622,504.1637171710297,93.40748607885268,19.928798988123475,19,19,17,19,19,17,19
2019-08-19,1459.6455179441168,560.7117750304936,648.8059381289637,20.679962109135626,1312.5531220374855,584.417111013426,503.85972712034015,20.60838529728518,732.0464707929556,517.021749992461,93.39787773793546,19.92511995637827,19,19,17,19,19,17,19
2019-08-26,1451.8003126891397,554.1859745962237,648.8082765857185,20.682231961021028,1309.344185618021,581.751249119851,503.86421820282624,20.60846819427685,730.3804817864159,515.5862221557697,93.40124820313156,19.93358112211613,19,19,17,19,19,17,19
2019-09-02,1445.908379153164,549.3028933082326,648.8115032244968,20.68199692262571,1308.6805478325487,581.2159018375465,503.8656434076571,20.606654271022265,728.0481998336496,513.6155546553495,93.40122569057826,19.938727133498407,19,19,17,19,19,17,19
2019-09-09,1445.1589839419298,548.6939795779442,648.8074185971298,20.681193871194825,1314.5823420311478,586.0982223391692,503.86566201294124,20.607880765935075,731.92825110775,516.8255683591796,93.40150151572925,19.94358940153031,19,19,17,19,19,17,19
2019-09-16,1446.6386127509134,549.9032861639772,648.8147492456347,20.6821429241769,1323.7589079891925,593.7355576438501,503.8688465295845,20.604372846523557,746.2543507634438,528.8455632467874,93.39345403823916,19.930497772307,19,19,17,19,19,17,19
2019-09-23,1465.6553258626823,565.6095158011631,648.8419310703546,20.684555124725424,1345.648140888667,611.876744674321,503.87412213261825,20.604713912492745,768.9092429905169,547.7622324246465,93.38821079708612,19.926493246546908,19,19,17,19,19,17,19
2019-09-30,1460.9419068898915,561.6894624625037,648.8301683789517,20.68717182837942,1344.7472969989697,611.1347603993976,503.87024137874107,20.604597724176383,759.4078118174741,539.8267676426937,93.39332931198112,19.92793903252121,19,19,17,19,19,17,19
2019-10-07,1458.9269614771945,560.0466116660359,648.8214246833356,20.685378189249597,1337.1572619768356,604.8424830088533,503.86886566274745,20.604633801119345,749.0150699656739,531.2046390427688,93.39772525528986,19.918705528345665,19,19,17,19,19,17,19
2019-10-14,1451.594458120397,553.7264545256525,649.0636114496152,20.68560417843068,1334.1767841678652,602.0741312065908,504.17410802742563,20.603743070512834,744.1370303870904,527.0760736726311,93.39708329480868,19.930575888900215,19,19,17,19,19,17,19
2019-10-21,1442.9554173502606,546.5437408210802,649.0530609308695,20.689133262639025,1330.8968314650795,599.3418098217003,504.1732946538275,20.605221085543757,741.1248403684764,524.5481737061151,92.36150490237935,20.135064510604305,19,19,18,19,19,18,19
2019-10-28,1440.4102048326858,544.4334097192916,649.0595279727183,20.68862406661303,1329.5754026481998,598.2420850911723,504.1761951970167,20.605347935688105,797.6619148231798,554.7943269516686,109.15387250827507,20.139178850398125,19,19,18,19,19,18,19
2019-11-04,1444.6171807193036,547.9464388286153,649.0650984759736,20.685318035636396,1331.1901301637445,599.5809026804695,504.1718864677673,20.605822540300913,797.9975371972256,554.821718358765,109.45000854800753,20.131191028279428,19,19,18,19,19,18,19
2019-11-11,1450.278757440414,552.629426300384,649.0744623672408,20.685201330952967,1331.5357239556743,599.8601690748734,504.17264802040575,20.60653481831794,797.5809086220504,554.4454668631327,109.45612192548174,20.13541194823068,19,19,18,19,19,18,19
2019-11-18,1447.7489581089792,550.531075010726,649.071480672535,20.685718053041384,1331.5059073578643,599.8470643826637,504.17430767757276,20.605084381030995,789.8824904594309,547.9802244031076,109.46658079661222,20.143939283343183,19,19,18,19,19,18,19
2019-11-25,1451.6485631155679,553.7654690407744,649.0786772248125,20.684676200356645,1331.3885804228992,599.7412109085209,504.17215444274495,20.606256089602695,786.6615785271359,545.2839165266897,109.46461943706561,20.147130587961005,19,19,18,19,19,18,19
2019-12-02,1453.0192629899382,554.8962156106281,649.0781118852376,20.685236371448106,1334.2047447625441,602.0744051513739,504.1753664874957,20.606103519096536,805.7197942524228,561.2195710360293,109.46887873690571,20.133244358867866,19,19,18,19,19,18,19
2019-12-09,1449.046592265229,551.5642954931832,649.0598053820077,20.69111316430776,1334.3193206812705,602.1533385020681,504.1728860899615,20.608125435453363,795.8392420029405,552.9234919266194,109.46773042685629,20.146405197720483,19,19,18,19,19,18,19
2019-12-16,1444.1287477990352,547.4284488319839,649.0610006222599,20.697156874868167,1338.6135794782926,605.7323968815042,504.17322859660544,20.60607215155462,801.9553895843443,558.072507958884,109.46599766188206,20.136199310117618,19,19,18,19,19,18,19
2020-01-06,1473.2492142832848,570.4495003651189,650.2601842467875,20.687927101329343,1379.8298283569147,637.4936180355024,506.7363115756897,20.590258360553385,815.742256005967,575.8431904042782,103.07398508382721,20.15342746624309,19,19,17,19,19,18,19
2020-01-13,1468.191970878699,566.1767262981886,650.2619450087583,20.695930301300542,1377.7804086955464,635.7486804719464,506.7404566331642,20.59461783475922,817.0700104741355,577.0145254882043,103.06271140132833,20.14370811926692,19,19,17,19,19,18,19
2020-01-20,1463.8669651424425,562.6139523991541,650.2614552092363,20.693927501504053,1364.3421998923932,624.5520503795997,506.73807111545625,20.60055806810613,785.9053124607858,550.9747063246085,103.06885144097248,20.1610050476892,19,19,17,19,19,18,19
2020-01-27,1457.6098480161813,557.4296572980471,650.2522375123971,20.69484971826669,1350.8587107276842,613.3495355000779,506.7333991793606,20.603454342806522,767.6471897905166,535.7564421237489,103.07005731477341,20.165207683966997,19,19,17,19,19,18,19
2020-02-03,1448.9993038360476,550.3536975214008,650.2431581018145,20.689913275167573,1330.7707150490037,596.6561538243146,506.73230875504726,20.607633683072635,744.9540054580796,516.8585391301739,103.0731766947265,20.167106544439434,19,19,17,19,19,18,19
2020-02-10,1442.5711661385226,545.0686134743106,650.239003222205,20.686185379239173,1314.3783666591219,583.0661151702532,506.7314842449334,20.607566704537724,723.7382005619354,499.0936889760592,103.08857163307209,20.185905149355516,19,19,17,19,19,18,19
2020-02-17,1443.6042784281863,545.3790959947269,650.7898125827098,20.68565468275011,1309.9059110160724,578.6230849715685,507.4994969875738,20.6038740722314,733.9302517963403,507.58089992772574,103.15617951954192,20.171228585067322,19,19,17,19,19,18,19
2020-02-24,1450.6932644424696,551.2826168816134,650.7987939282064,20.681781732666902,1310.9357261028335,579.4836141120828,507.4999644002934,20.60308472156991,739.0017685959931,511.7951286685897,103.16166768753436,20.17133121788187,19,19,17,19,19,18,19
2020-03-02,1427.687105575797,532.1609033396867,650.7645511127307,20.691215173544578,1293.0798251764954,564.5871472561896,507.4972258618741,20.61362497204262,701.3534478613517,480.4619240199417,103.14872460442683,20.174888774650594,19,19,17,19,19,18,19
2020-03-09,1407.2968985450636,515.3008516267028,650.7478961071233,20.689370944404757,1271.157792996749,546.4257878656786,507.49244580311233,20.61256294729112,692.1562006066041,472.81563374125915,103.15855019852984,20.171393077395383,19,19,17,19,19,18,19
2020-03-16,1354.532958082862,471.5577378456008,650.6908877718563,20.698116902357814,1221.3990335123767,505.1147297844736,507.4767070028698,20.62111026610287,636.6660956036347,426.742231734747,103.14932958254127,20.150261314014784,19,19,17,19,19,18,19
2020-03-23,1315.4118133859365,439.11892766069536,650.6712800233624,20.703214628928734,1189.6805126693148,478.84982383431066,507.4684961690757,20.618312419182303,612.2904339958291,406.49053530390916,103.15753091056251,20.139852299206638,19,19,17,19,19,18,19
2020-03-30,1287.2418321390207,415.87878501253454,650.660825480104,20.693298164935385,1175.0577025874986,466.75926479516255,507.4750729104791,20.613455829816424,615.6781417447849,409.34745650095886,103.16648705376963,20.129051997009718,19,19,17,19,19,18,19
2020-04-06,1272.3039066257556,403.5375862668031,650.666012604434,20.68863244140356,1164.497080770917,458.05158745993185,507.4681778393117,20.608310945349146,590.9555089967329,389.0455055822938,102.87579727041202,20.132123892524437,19,19,17,19,19,18,19
2020-04-20,1252.6049706629422,386.82857800905725,650.9492146723408,20.70069137117263,1144.2498109278506,441.11290230752786,507.58649357897764,20.612473865719533,569.7700634239523,371.310953370872,102.87901226540197,20.156499444147386,19,19,17,19,19,18,19
2020-04-27,1227.2059335718254,365.8480282376681,650.8722098167011,20.702420158395665,1118.5039482692484,419.61006667908003,507.70521342424996,20.61743964195374,535.8267268048443,342.9934937942272,102.89628460649789,20.1702198078405,19,19,17,19,19,18,19
2020-05-04,1220.8001926609277,360.5607309685254,650.8859740973959,20.69842004985935,1103.4222495917616,407.12777347920536,507.70788732497834,20.614258589548356,520.2912740180896,329.98115567668276,102.9196989629321,20.18716720973589,19,19,17,19,19,18,19
2020-05-11,1227.5824524408015,366.186600977088,650.9993772002744,20.68416973663328,1099.0843005715483,403.76516566635223,507.5163872509298,20.60864142953998,546.7961403833149,351.738480104928,103.31806851047935,20.160042097414497,19,19,17,19,19,18,19
2020-05-18,1233.8711966497601,371.38959935002543,651.0046813458082,20.684477598015995,1098.2534477754261,403.06741107370607,507.52199477340156,20.609073718987265,545.2777061628262,350.445373126876,103.32449163460905,20.166134533733388,19,19,17,19,19,18,19
2020-05-25,1248.9321608336704,384.2171291051876,650.6864153053785,20.68102071725004,1109.8144149996035,412.98313997106294,507.20798354391223,20.606946387430828,568.1170484569593,369.45653000429326,103.32831807537644,20.163971151889587,19,19,17,19,19,18,19
2020-06-01,1256.8251252311566,390.7443339662496,650.6840927572282,20.682813430141884,1115.8863107387485,418.0253002336245,507.20538307726673,20.606280235498215,540.8446868919057,358.14009630631546,92.9961126004439,19.885009496918318,19,19,16,19,19,17,19
2020-06-08,1270.184224638855,402.2122293591246,650.3827407999431,20.67169810310849,1122.9390808829041,424.22170814339876,506.89690550110726,20.601077502638525,548.919612089231,364.85249081651943,92.99162467865006,19.892250115644977,19,19,16,19,19,17,19
2020-06-15,1284.1680803142442,413.81939240705606,650.3835309823348,20.669474974216755,1134.1436886649315,433.54071036711383,506.8960174102727,20.59755379241183,551.0058465304741,366.55197087549294,92.98985124785219,19.903308035058277,19,19,16,19,19,17,19
2020-06-22,1301.8701122590287,428.7347888154823,650.2072709506017,20.66172603756645,1142.6246205953794,440.7720332421778,506.72229481169165,20.59434940811759,557.4792811457756,371.91947381162646,92.98789390764824,19.91190500607395,19,19,16,19,19,17,19
2020-06-29,1311.3627411462792,436.56293824390633,650.2038989894343,20.666429653365988,1151.942596852203,448.46354332924074,506.72138678800985,20.598908183235274,556.7478891357964,371.3245968987147,92.98594464925799,19.90851796723059,19,19,16,19,19,17,19
2020-07-06,1311.4566993918036,446.9920288370777,649.1725223816263,19.640495392205505,1151.6163445274265,454.5264352982216,505.8280151369538,19.915760686648827,556.6791613243801,376.7113160306388,92.68793276828939,18.59396084437261,19,19,16,19,19,17,19
2020-07-13,1320.7900421194859,454.8285735821694,649.1705332996071,19.63687596179593,1159.501817140547,461.0342145976674,505.8282060630603,19.924178700437515,559.2078746767531,378.86767413586665,92.68389014031516,18.588913077856358,19,19,16,19,19,17,19
2020-07-20,1316.491189154414,451.19023081033254,649.1280761458901,19.646395123260664,1158.2183997545048,460.0238196456915,505.7262429121644,19.929414934427577,548.8192692550366,369.90862596545736,92.69508985606257,18.637021382417963,19,19,16,19,19,17,19
2020-07-27,1321.371221467806,455.34656866860183,649.1235371315895,19.63847772144717,1163.615647553368,464.59123857826904,505.7199472334982,19.921903876629155,548.8332120255706,369.9135189555333,92.69542979420572,18.638693330266058,19,19,16,19,19,17,19
2020-08-03,1313.19827263938,446.9528498255301,650.5441938737515,19.653923459606258,1158.122965664092,458.95817772448567,506.7021756739288,19.93067351148368,537.2087387065262,360.0779391713803,92.70403480680966,18.646229218569328,19,19,16,19,19,17,19
2020-08-10,1313.096421277386,446.8563608131084,650.5519106248543,19.65432150031105,1157.7868932652707,458.65636807138117,506.70866582865324,19.932549098848128,537.9355460218691,360.66339600792276,92.70457213090737,18.653187659067857,19,19,16,19,19,17,19
2020-08-17,1316.959438425212,450.0357842459922,650.6132464523338,19.65298671000001,1156.8538493932042,457.83795499085807,506.7449343399045,19.933067669885922,537.4369485433576,360.2577703781987,92.70275276401873,18.64984277550759,19,19,16,19,19,17,19
2020-08-24,1318.621668265674,451.43533254971084,650.6111918424037,19.65208719232806,1156.4550475397689,457.49140672179016,506.74460304982864,19.934853689365696,535.5010238306016,358.6579870300351,92.70539399925394,18.64077732877777,19,19,16,19,19,17,19
2020-08-31,1323.8872487129267,456.0103743731984,650.4837535701365,19.647019833143187,1152.8983393656445,454.4600152507712,506.7860988466043,19.937893371692148,530.6959325357677,354.5906168895674,92.70978452565998,18.64418875026327,19,19,16,19,19,17,19
2020-09-07,1321.0784798211105,453.8740742347824,650.5161062712516,19.620628935308837,1145.805613542664,448.8116207206168,506.78935612645944,19.904190274391706,523.3801083603016,348.50041794647086,92.71069295689705,18.62351047522238,19,19,16,19,19,17,19
2020-09-14,1313.5468432953664,447.6160137714861,650.483484192033,19.620020383526757,1132.3106110438657,437.39396762664666,506.89486860811684,19.91146856705584,515.5891770888032,342.0207042193767,92.71836723649369,18.597386556993616,19,19,16,19,19,17,19
2020-09-21,1314.110215026496,448.160552413567,650.4893347105731,19.611373052278864,1125.5165746045377,431.7729573369598,506.9015089548132,19.904888757748274,501.3316158823677,329.63564563229716,92.7406294531657,18.693128722944785,19,19,16,19,19,17,19
2020-09-28,1312.8502294573545,446.98087936602565,650.5604468343822,19.617384613873924,1121.5242793621644,428.1762739236376,507.1226392293237,19.910786123061314,500.1905857009692,328.7148379359843,92.74067233793835,18.681705069147906,19,19,16,19,19,17,19
2020-10-05,1314.1213686464266,448.5379982715459,650.1203773050789,19.6114641147406,1121.1505252897189,427.8950550515631,507.1335760457114,19.905475404964527,500.7592055186423,329.25268605306604,92.73641307084324,18.66638416922794,19,19,16,19,19,17,19
2020-10-12,1316.9452697299866,450.9152183735087,650.1227991011397,19.60942754279687,1125.2511089785125,431.3470514282084,507.1355138421634,19.90112023597731,510.3915515764018,337.44646875487825,92.63204719254793,18.67404035564364,19,19,16,19,19,17,19
2020-10-19,1312.3729614009837,446.7057943290047,650.4045291193427,19.62087434161045,1126.8453477542703,432.2552425486149,507.52600489093356,19.905068421441833,543.9058325800089,353.9870186278578,102.85970114518784,19.0565257533671,19,19,17,19,19,18,19
2020-10-26,1301.8579779954077,437.8419694281449,650.4046011388734,19.62895296027347,1123.3316334318367,429.30790595542,507.5249517809674,19.90736919134914,539.4973241214838,350.2916305462173,102.85978134070496,19.05453893986939,19,19,17,19,19,18,19
2020-11-02,1286.1137026754736,424.4877536572384,650.4132320083769,19.6495044498511,1116.8101893985995,423.7996533606594,507.53142316274324,19.91548629168244,532.2333691089004,343.89707351690845,103.15583183654297,19.05377702178294,19,19,17,19,19,18,19
2020-11-09,1280.2758236775103,419.680440908979,650.413776270169,19.64141130043833,1115.7525580861252,423.01909731127444,507.52774535874846,19.902890098975647,532.6585261810185,344.2070981714304,103.16845950552062,19.06294768245924,19,19,17,19,19,18,19
2020-11-16,1293.4631618592516,430.857644676538,650.4107480901728,19.624615915164643,1131.0955187616446,435.91240809604693,507.5228461011504,19.891165157288295,557.5146635633942,365.34434257652674,103.14729833019271,19.002051452696016,19,19,17,19,19,18,19
2020-11-23,1298.2872462866148,434.8648607822548,650.4041779309579,19.62814748921379,1139.0750107289552,442.58541173866763,507.513228253605,19.89018432214781,553.6319638412103,361.9211528189588,103.15164412287237,19.0420010548275,19,19,17,19,19,18,19
2020-11-30,1306.7657291276685,441.9606682447415,650.4089016561361,19.626705570555668,1152.1315119732838,453.47899256929554,507.5152063247119,19.889538698490906,578.5933433430414,383.05610487583994,103.12500402225675,19.007779766349216,19,19,17,19,19,18,19
2020-12-07,1307.4655274663287,442.4708120142062,650.4083211537637,19.634961249221504,1158.790134141125,459.0213540047262,507.51075109094114,19.891530558773116,579.9728020193147,384.17772976909754,103.12321679664637,19.017376450153897,19,19,17,19,19,18,19
2020-12-14,1307.881835126257,442.67089633058373,650.4206692563143,19.649796622850605,1166.657057901492,465.6200997631465,507.5063380414405,19.88751025339709,580.7414173895465,384.63631398062984,103.12978162476401,19.06145642795361,19,19,17,19,19,18,19
2020-12-21,1322.8792906889373,455.33587110424605,650.411334133664,19.636684083167978,1179.3551488174212,476.2173143093469,507.50096551383285,19.887489437464414,625.3930184346519,422.95049346806155,103.06354244881044,18.892838542712433,19,19,17,19,19,18,19
2021-01-11,1373.9808904466718,488.0113574281275,651.6574590161927,20.55966352868964,1225.26778401265,505.2894753381019,511.44092786080756,20.51058767964698,670.5378538644997,447.8710080928428,110.96465326926369,19.988379451327464,19,19,16,19,19,18,19
2021-01-18,1392.4545626885565,503.2826720835009,651.6810393965372,20.562624509144413,1241.2860312994392,518.554974682164,511.445176360104,20.51318924986261,686.1341770516409,460.84333362881523,110.98692172060998,19.9891349981768,19,19,16,19,19,18,19
2021-01-25,1398.5294796317683,508.2879612834694,651.6853580246744,20.56565925722406,1245.8304671885437,522.2872417845117,511.44680702372625,20.51750337766522,682.8277450076606,458.06707889690074,110.97948999576067,19.995055296864738,19,19,16,19,19,18,19
2021-02-01,1401.0316201592354,510.3597762214771,651.6800108208819,20.56657919821852,1247.3404917437801,523.559077231449,511.4349201672421,20.516688490830997,683.0892755540914,458.28835535246236,110.95955810645074,19.99855588463129,19,19,16,19,19,18,19
2021-02-08,1416.2777627913613,523.0003288519508,651.702999580451,20.56471864103182,1261.3539789747801,535.2018815186093,511.44719545107273,20.5135519372667,701.1199939937749,473.3081544562149,110.9883273612785,19.993875679842212,19,19,16,19,19,18,19
2021-02-15,1424.951691267997,530.1464008716539,651.712862131021,20.568644328065965,1278.408691911897,549.3622797130813,511.4524962153464,20.511961269867367,722.6216459346371,491.25691283389733,111.00865846365264,19.98388756936349,19,19,16,19,19,18,19
2021-02-22,1447.6664121315291,549.0291587815464,651.7447422011335,20.56111570602922,1296.7534627827376,564.5816854399259,511.4619011426985,20.511239410018636,744.78557201049,509.7558935105938,111.03346306631937,19.973959624131247,19,19,16,19,19,18,19
2021-03-01,1465.6628180716093,563.6731112922498,651.765647933895,20.58713834375162,1309.5651445556095,574.8800049091782,511.46152637220837,20.54819841149966,747.343420680088,511.8284861772755,111.03820184626466,19.984490268942324,19,19,16,19,19,18,19
2021-03-08,1481.9643554105971,577.1989606901891,651.7820815477612,20.58480191948032,1319.1231770840627,582.8004546233439,511.4641799584464,20.54882661799717,744.0433525732865,509.0296914538821,111.03473785578461,19.994522730750504,19,19,16,19,19,18,19
2021-03-15,1501.3774597336644,593.2557868692874,651.8090051996911,20.58629151650492,1331.6649626977617,593.1852107828879,511.4661784837665,20.550698223610148,765.3326905363142,526.8294190781894,111.06016408290463,19.978866364876097,19,19,16,19,19,18,19
2021-03-22,1500.455636903061,592.3957672744049,651.7987993393032,20.596543110360326,1330.1387484867803,591.8574203219417,511.46186532057015,20.557916987028964,755.853052036661,518.9791510059443,111.0412358860467,19.972792589367803,19,19,16,19,19,18,19
2021-03-29,1498.9518135691162,591.1769468825803,651.7953499731302,20.594144966942963,1323.661560389599,586.4840190175661,511.45957735596005,20.558247687915152,736.6922402103718,502.9644563014032,111.01754631514166,19.98596653825115,19,19,16,19,19,18,19
2021-04-12,1501.7152153483125,593.4688030028617,651.8030178307251,20.59336686371512,1319.6998552470798,583.1990373405738,511.45792276253496,20.558303043427742,738.0949869390539,504.49228303021385,110.6582551844188,19.986075129064517,19,19,16,19,19,18,19
2021-04-19,1507.2976173356285,598.1319772112247,651.8076441845283,20.589634213890676,1321.1709614399033,584.4297739504024,511.46056743254246,20.556857885312528,746.9384285540025,511.8335256699052,110.66733936113218,19.98994226566428,19,19,16,19,19,18,19
2021-04-26,1509.4719033915162,599.9120999406977,651.8024482033276,20.592343168790336,1323.8246090860832,586.6347581972087,511.46220167657805,20.556258459930625,748.6804497392712,513.3393359010929,110.67436362296519,19.978207258958875,19,19,16,19,19,18,19
2021-05-03,1512.1664925715522,602.1579878012734,651.8043493875329,20.591061447794406,1326.0017306839788,588.4486984044007,511.4639072329543,20.555189920349562,752.6809559034325,516.062825248897,111.27010247067267,19.98110136503085,19,19,16,19,19,18,19
2021-05-10,1527.6242344972825,615.0075515508743,651.8334094593981,20.585320613492186,1340.1390807768157,600.2137723942109,511.4745844394939,20.54988905288001,732.6091288462289,511.0801967924111,100.57355270565273,19.775139030443892,19,19,15,19,19,17,19
2021-05-17,1527.649598308238,614.9655949826694,651.8214249457043,20.59245747518111,1342.427768774705,602.0650670602661,511.4725761501038,20.555221187173913,730.6623990966694,509.43228615316485,100.57242912980581,19.77979526891488,19,19,15,19,19,17,19
2021-05-24,1526.513132818302,614.037212091035,651.8261610573105,20.590670778449898,1345.150474944315,604.3382900039763,511.4748958367205,20.553376856792266,727.0815317004558,506.47484069695105,100.5665912072862,19.77461396986742,19,19,15,19,19,17,19
2021-05-31,1526.8964422796055,614.3914737565749,651.8230920002502,20.58749627216373,1344.736276398191,604.0205178554332,511.4751039403451,20.550565158953287,731.08143027717,509.7758972731595,100.57234807463152,19.781032525223765,19,19,15,19,19,17,19
2021-06-07,1531.9124150549155,618.5304712961737,651.8332245382495,20.58849131773221,1353.8571352513882,611.5872325537138,511.48144247195603,20.54980833834078,742.2526015218393,519.104456574706,100.58437714222703,19.77827598889607,19,19,15,19,19,17,19
2021-06-14,1538.4130489407153,623.9149529711839,651.8424616619867,20.5882114651921,1362.1400917377196,618.4608834552258,511.48418059826224,20.549231557441455,749.4812785775944,525.1341349064705,100.58868800841549,19.778478765755775,19,19,15,19,19,17,19
2021-06-21,1547.911784956315,631.7816255496941,651.8447253422155,20.588969202819047,1372.4235024031964,626.985258501248,511.48529617176325,20.549758337612893,759.6062733544323,533.5403512364632,100.60251438810656,19.784722738509913,19,19,15,19,19,17,19
2021-06-28,1563.5671933388032,644.7670811512787,651.8805527083694,20.58535815814761,1383.1630184800078,635.883188244757,511.49371051735045,20.550014556880782,770.7049636095732,542.8520079687117,100.60478664468701,19.775713002242448,19,19,15,19,19,17,19
2021-07-05,1573.001764395081,652.5604887145281,651.8922046379229,20.587106946167385,1390.3225243295246,641.8063940116127,511.49695953398225,20.551329366663385,771.7197533205053,543.6971787404669,100.60176103505114,19.776660441096237,19,19,15,19,19,17,19
2021-07-12,1583.8020459323482,661.4871819807848,651.8993278234349,20.589181791461986,1396.2880683840324,646.7430191173414,511.4956540963458,20.55270650822301,777.0217188557192,548.1657579237277,100.60155797811467,19.768937153622204,19,19,15,19,19,17,19
2021-07-19,1591.717014898045,668.0620296523514,651.9169075242501,20.58654650222554,1401.1713737464472,650.8050461051425,511.49995991449873,20.551091709121426,782.2136217659303,552.4894272815696,100.60912283672303,19.769615416272412,19,19,15,19,19,17,19
2021-07-26,1590.2879096269762,666.8849259266275,651.9049234332348,20.58690855096423,1398.3888712709145,648.4875878998995,511.49604537661537,20.552465668933174,761.6702933820985,535.2697226590657,100.5898397325717,19.785930483966208,19,19,15,19,19,17,19
2021-08-02,1597.6250201802907,672.9669632883232,651.9225929551677,20.58552448025153,1400.332273943874,650.1001536669735,511.50163874603163,20.55183481035718,776.0421159634305,547.2868948102137,100.60435629029473,19.779687508551024,19,19,15,19,19,17,19
2021-08-09,1598.8381127573678,673.9680476925855,651.9140639593804,20.58674739681915,1399.638631361367,649.5184256659463,511.4929925332506,20.55339072653534,768.7623780616456,541.2418349257521,100.60051977419494,19.77432969829983,19,19,15,19,19,17,19
2021-08-16,1598.0939425110978,673.3679318287844,651.9090254500642,20.585658245535054,1396.109256601999,646.5919256201545,511.49529127507446,20.553032296211207,766.2637830182301,539.1486553031319,100.59596428315797,19.77651074482779,19,19,15,19,19,17,19
2021-08-23,1589.1098408939426,665.8759641290056,651.8866776815784,20.59150794490062,1388.3017050574178,640.0829671156707,511.48915676593674,20.557078125325337,755.1307067985532,529.9304043230512,100.5842730036843,19.764175831745312,19,19,15,19,19,17,19
2021-08-30,1591.369711951296,667.8028167957492,651.9013663648549,20.585335127154863,1392.8047763893169,643.8455536229277,511.4960658990366,20.55350147998699,770.2552130893498,542.5030798262738,100.6009441867144,19.771480869134393,19,19,15,19,19,17,19
2021-09-06,1596.906536190534,672.3973383132775,651.9136207832878,20.583955393673648,1396.677011056716,647.0716119745773,511.5000305584492,20.55163097235069,782.3127332896195,552.5548498554606,100.6091286978633,19.77279197520104,19,19,15,19,19,17,19
2021-09-13,1603.8363535311566,678.1107311220927,651.9272810772644,20.585753100322684,1403.62803893241,652.834395009819,511.50078362531826,20.551887865981843,779.4452278405527,550.1663716383115,100.60327912362254,19.77283005253283,19,19,15,19,19,17,19
2021-09-20,1610.9509527207654,684.010367612595,651.9293816358665,20.58559928522319,1415.638587108707,662.8412330608367,511.50629659181004,20.546818668527397,797.0501284237542,564.8516166490128,100.61992259572423,19.77223388521611,19,19,15,19,19,17,19
2021-09-27,1610.5009802670274,683.6304947186363,651.923155873812,20.586767858604045,1427.3469626188376,672.5762030363693,511.51390931966796,20.543778528711915,813.0698665001094,578.2308005650646,100.6268059193427,19.770310995076827,19,19,15,19,19,17,19
2021-10-04,1629.9231672524713,699.7872151628627,651.9559483893564,20.579353474903357,1454.433446928801,695.094087047552,511.5265943834868,20.537752195980847,840.1472061888088,600.8476409930053,100.64150460036853,19.766244633499966,19,19,15,19,19,17,19
2021-10-11,1662.0447866707775,726.426417832774,651.9936251507686,20.576075132608985,1491.8880109150523,726.2147743379323,511.5439830123312,20.53140420584192,883.3548561335577,636.9897533684407,100.66990615733278,19.751005050411564,19,19,15,19,19,17,19
2021-10-18,1686.2800678056326,746.7240859341954,651.8308482777985,20.57303052995595,1521.203190958263,750.4571683069678,511.6465930314114,20.529170228058398,951.1933419924571,681.9320394858328,111.14080611231623,19.93770146991365,19,19,16,19,19,18,19
2021-10-25,1695.1825949724207,754.0607679983381,651.8363486968111,20.57657525874272,1529.8982771063895,757.6410597639108,511.6490942893636,20.53180056749868,969.3037138568516,697.1148802979717,111.15831974147056,19.922782768196605,19,19,16,19,19,18,19
2021-11-01,1703.2126858930524,760.7010049408145,651.84831088282,20.577219273929323,1535.3276367475116,762.1305443406977,511.64612776896956,20.533502486323254,964.3015571369446,692.2088640207082,111.8693273947581,19.926341422023587,19,19,16,19,19,18,19
2021-11-08,1713.9007878651587,769.5344188981888,651.8432133202551,20.58025601473362,1537.2143871390547,763.6822913071031,511.6452692318286,20.534867645254533,956.5954334344626,685.7792389357928,111.85247387016557,19.929463444888842,19,19,16,19,19,18,19
2021-11-15,1717.825569205539,772.8659885017186,651.8342144312052,20.574529691873437,1539.9991519275227,765.9823415828832,511.6440428398025,20.535954071063887,966.7101345830863,694.2339474542943,111.86871884361835,19.923947035527817,19,19,16,19,19,18,19
2021-11-22,1712.9541857372883,768.7532824267147,651.8299739916757,20.58104852340937,1535.1514416089478,761.9370103279845,511.6398387662151,20.53857941126889,950.0975231314791,680.3749230369679,111.84654678871732,19.928272499422643,19,19,16,19,19,18,19
2021-11-29,1696.8465261722713,755.3303977576041,651.8148578229667,20.58787246325705,1529.487247607272,757.220518804474,511.63772463040084,20.540435113292006,942.1220058101911,673.6855417683057,111.83911891095556,19.935382422687596,19,19,16,19,19,18,19
2021-12-06,1665.1139456332753,728.9438329719034,651.7582446250173,20.599075836212744,1510.6334091571123,741.5824753373597,511.6184042167656,20.54200039299195,884.1179084113267,625.3160890302147,111.7659362175815,19.948374553578233,19,19,16,19,19,18,19
2021-12-13,1662.0457548437132,726.4853976480875,651.7591788790588,20.591496106712743,1503.4822551427997,735.6755465682498,511.6203083316192,20.539345114996546,904.2103857134117,642.0384135230574,111.7808365990835,19.95055652491005,19,19,16,19,19,18,19
2021-12-20,1658.5186468341967,723.515043511511,651.7538466824745,20.59595462820787,1501.37400395844,733.9039412002419,511.6176832674637,20.541785422639865,905.4473001069957,643.1404794412888,111.7781546769902,19.939720545450495,19,19,16,19,19,18,19
2022-01-03,1680.838712536738,741.5611809599168,651.3128143563124,20.67413981371168,1513.454603381305,746.555106857344,508.8150567523686,20.558433460732594,929.2912019161719,664.2838311825296,109.68968447867871,20.06757119102131,19,19,16,19,19,18,19
2022-01-10,1689.1514813041483,748.4436018045725,651.3172206248818,20.674293367664184,1535.8703115134942,765.2005297681604,508.82310839480726,20.552732736426066,955.2756494764478,686.1368694238492,109.68793078260023,20.035923639051497,19,19,16,19,19,18,19
2022-01-17,1700.1824721819132,757.5131055938153,651.3835674855776,20.67474532861686,1555.5638533671947,781.4925051902432,508.8517487375692,20.554173712329323,978.9329976141369,705.8068875160036,109.75704969241986,20.031422792541072,19,19,16,19,19,18,19
2022-01-24,1717.4886686500215,771.8069321736383,651.390381836508,20.678183674381017,1578.7321445128655,800.6625108112152,508.86010150242384,20.557837617144486,1008.2724019034168,730.3082805381255,109.74967475841743,20.024147803885004,19,19,16,19,19,18,19
2022-01-31,1737.9440793197334,788.7800923528401,651.4030510831216,20.675213235268057,1599.37360903356,817.779609397896,508.8670347386218,20.557619174814516,1016.3441355750073,736.909537426585,109.75905203348702,20.04037332046756,19,19,16,19,19,18,19
2022-02-07,1756.513943551844,804.2724030120796,651.2786188090183,20.67690635496921,1617.406504748008,833.0396320930568,508.5648369751141,20.557626486694637,1054.8502618905231,769.360326228475,109.3584045862882,20.04413072115213,19,19,16,19,19,18,19
2022-02-14,1773.3751890605706,818.2293591660317,651.2970175646573,20.676649098729722,1631.0889033366714,844.6086579707782,508.30386667552546,20.561298208329635,1045.5958545056603,761.7258057794061,109.37024655279822,20.03221133952611,19,19,16,19,19,18,19
2022-02-21,1782.1385797884438,825.4348756744228,651.2983406541412,20.681146742210814,1637.579853567632,849.9542952321117,508.3049272219557,20.56460405318621,1059.891084608967,773.717791598193,109.36407143336612,20.021838175957342,19,19,16,19,19,18,19
2022-02-28,1820.9546731281346,857.7380728731765,651.3264774851881,20.66777877034511,1676.122869550841,882.0534311998202,508.32035898361517,20.551961018317662,1092.9083172230144,801.110956372006,109.35974665888273,20.037724836703106,19,19,16,19,19,18,19
2022-03-07,1939.6475902005836,956.4517348250604,651.4053390638187,20.635572757049378,1833.2343348030197,1012.8775540596729,508.3796214372916,20.507851291096703,1338.476054140005,1006.6722115121746,109.24864008325233,19.94363688306318,19,19,16,19,19,18,19
2022-03-14,2112.921939056256,1103.686536468653,647.8693052363751,20.63114910452761,2089.7385471191687,1228.778575226751,505.2203880407126,20.51555920087559,1750.4802588599623,1351.93966491891,109.00422347543758,19.818445647753794,19,19,16,19,19,18,19
2022-03-21,2030.9298116876948,1042.0957958777883,641.2891462328434,20.645596909124688,1990.4656405054807,1151.6638642859423,499.73380801968324,20.532181550580713,1510.5246454345718,1150.5678115986098,109.08585281113392,19.915869584865842,19,19,16,19,19,18,19
2022-03-28,1985.5563584269155,1052.722273716107,593.3735473659447,20.622161419602,2000.648740573524,1199.4073489121824,460.8939946212063,20.49913398948537,1556.4550011994334,1188.1862873894868,109.12765064984296,19.975200725257857,19,19,16,19,19,18,19
2022-04-04,1921.7447663296352,1016.294159662095,576.79677541323,20.629947984656045,1910.650344183996,1128.353240850924,456.91111526752684,20.52566102364522,1425.4935188730415,1079.9070107389653,108.18098083329869,19.982150226651605,19,19,16,19,19,18,19
2022-04-11,1896.090606193925,995.1418065678909,576.6418121489887,20.633055569175113,1859.894901773365,1086.3531437970184,456.73517632339644,20.53068366353962,1356.0181898486198,1021.7893986802844,108.20006407741766,20.00272874574443,19,19,16,19,19,18,19
2022-04-25,1902.1539018966641,1000.5734349268439,576.2015670879566,20.635721613172127,1891.815254966354,1113.4416177861333,456.2427149860423,20.522019330171446,1413.6517767845737,1069.9020398248285,108.17562745757209,19.996483767118473,19,19,16,19,19,18,19
2022-05-02,1921.9651495035548,1020.1401967159155,573.1599528107675,20.62794006982973,1912.8005468349618,1134.2640756000205,452.92532609756404,20.5149520774974,1439.0457882462626,1090.869055147757,108.18312996601458,20.015275908088963,19,19,16,19,19,18,19
2022-05-09,1960.8750952445394,1052.82405178853,572.6913097610743,20.63097904994491,1946.0639265196073,1162.1064584499888,452.5770388666074,20.52293404581916,1473.4146715994327,1120.0718284883021,107.8637569529053,19.991202231509778,19,19,16,19,19,18,19
2022-05-16,1989.429777055928,1076.5131233791756,572.7057985659649,20.628604885853004,1915.5149706365412,1136.6494809012715,452.5656277740454,20.532139430338663,1404.380028273355,1062.4492425273218,107.87372033778115,19.99935683012234,19,19,16,19,19,18,19
2022-05-23,2031.5222385834672,1111.5273693799884,572.428582273958,20.639868078980843,1891.0900041539835,1116.3617286608783,452.55590248387944,20.534690070004086,1360.9111624590291,1026.0945202947971,107.88524508130877,20.011944129149185,19,19,16,19,19,18,19
2022-05-30,2054.6437969195454,1130.8853822650228,572.3279262371748,20.633380837447472,1887.821784698014,1113.7354236763908,452.5661313224932,20.527351752476484,1371.542385181535,1034.7377946013196,107.89299160463838,20.03373283295344,19,19,16,19,19,18,19
2022-06-06,2058.057096422637,1220.1892293806256,484.85824292633447,20.703800325163304,1937.9867649711462,1186.6915749714015,420.99849466902265,20.544799123166573,1497.627962430811,1140.1990245396662,107.8572403669466,19.99683063510545,19,19,16,19,19,18,19
2022-06-13,2097.900076722595,1252.9818985001732,484.8727205453065,20.717812280228067,2025.2709234323022,1258.9845133839926,421.01808602904384,20.55165415457669,1593.303672513482,1220.0516607432496,107.84192343642485,19.987301053025917,19,19,16,19,19,18,19
2022-06-20,2100.193434644768,1254.9227088167481,484.6312501223722,20.731721131869108,2077.4998887062725,1302.2523209293886,420.94635958982985,20.56067081483019,1600.078853806807,1225.5115884319946,107.85541153076883,20.002883966041757,19,19,16,19,19,18,19
2022-06-27,2078.9025631421428,1237.5258046321076,484.2349852417872,20.742821846605406,2085.805863034997,1309.5478952645856,420.4213841971607,20.568953899803574,1613.3693186935807,1237.0730384326446,107.58215933685005,19.983868085277727,19,19,16,19,19,18,19
2022-07-04,2059.120181454145,1221.2095515739065,484.14130761591764,20.744664967793717,2047.0722876348527,1277.488135910205,420.2774938351188,20.57449224849292,1536.4608893448146,1172.7143881764666,107.61051534551257,20.005545867165768,19,19,16,19,19,18,19
2022-07-11,2026.5337936867502,1194.3293366749501,484.130693939941,20.73768554049779,2000.199116749225,1238.6630799802936,420.2675075090485,20.571597861509407,1491.8835184554757,1135.6589412975864,107.60114952178924,19.99770035827691,19,19,16,19,19,18,19
2022-07-18,1984.9772122259556,1160.03235239011,484.1145379724808,20.729919197681898,1975.089935845172,1217.9669493426281,420.26570599604247,20.562236957537834,1529.6929111979134,1167.4003377375504,107.59157883946637,19.976675248631746,19,19,16,19,19,18,19
2022-07-25,1931.7755027781998,1116.0188720177111,484.0913323581026,20.727653476328225,1933.147579751739,1183.230549877816,420.2483453416987,20.559589871439684,1502.6596284160823,1144.9382375958028,107.59633928527137,19.969512710606555,19,19,16,19,19,18,19
2022-08-01,1901.621480614657,1091.205503676266,484.07928877569884,20.716043837047522,1904.841099279942,1159.8787297957338,420.24803420335616,20.549891482063337,1484.9277717310265,1129.9898551676379,107.60483479808067,19.98498246402131,19,19,16,19,19,18,19
2022-08-08,1851.2299648890203,1049.053216651986,484.4483313297974,20.719145495835605,1860.9390343561324,1123.0042333146432,420.70907786572093,20.549523080370978,1452.0703659848969,1102.5858334335385,107.85636427217605,19.961974949086137,19,19,16,19,19,18,19
2022-08-15,1816.9465423097336,1020.8558927328849,484.43952608449206,20.70365189427087,1828.2358977943172,1096.0394556700533,420.70497301342584,20.536846104073707,1390.5458502092192,1050.9541560136547,107.87577771963902,19.995679239094898,19,19,16,19,19,18,19
2022-08-22,1814.230948264647,1018.746986892882,484.4455747942318,20.691852428303545,1853.063815078767,1116.7989906173718,420.7199388656079,20.522991915416313,1472.3774485038962,1119.39712794356,107.8601436351039,19.97300668749965,19,19,16,19,19,18,19
2022-08-29,1832.2965770191392,1033.7745497297071,484.5229645832783,20.680996955213697,1937.9969356498486,1187.267438700425,420.8250726724814,20.515264012720706,1543.3380619697252,1178.5438883082033,107.83991616189064,19.97492945781292,19,19,16,19,19,18,19
2022-09-05,1877.8589493239272,984.6530898435846,572.357137108167,20.60671900661307,1936.4413747352387,1153.9596328166353,452.83824038914213,20.515555007038824,1556.8111917823562,1190.2756179840571,107.82187752239452,19.93022074008143,19,19,16,19,19,18,19
2022-09-12,1844.5140563888676,955.4452409257166,573.8262626976594,20.613903549407183,1923.3619848987923,1143.0832627847237,452.8375198518813,20.517384435662574,1492.7319526807146,1136.453398643587,107.8486949368662,19.965397501294053,19,19,16,19,19,18,19
2022-09-19,1814.0978567351808,930.6507602599737,573.4188026159421,20.612629994749902,1867.3434126400434,1096.9391769380118,452.3354318575771,20.53017599583086,1467.258994647351,1115.7590291396623,107.59464419963251,19.937433190704922,19,19,16,19,19,18,19
2022-09-26,1788.806452861858,909.6755944924155,573.4015288173127,20.614526699046163,1833.0851090937301,1068.6072051876774,452.3256988788364,20.523732782203343,1480.0598900165899,1126.2538467699999,107.59413440115759,19.954800964356274,19,19,16,19,19,18,19
2022-10-03,1785.5671921207122,903.0840876508186,577.2991943669089,20.615195659804137,1837.6336285763416,1069.44086613796,455.3183452749172,20.51959514798063,1472.2188643841969,1119.4545630354628,107.61219129118467,19.97871013888534,19,19,16,19,19,18,19
2022-10-10,1831.1056429517243,940.4429242874005,577.7748583966261,20.608891809615706,1920.5762192887908,1138.4081803874503,455.35279280417853,20.505913470994905,1567.64303323979,1198.9904001038215,107.59154827686757,19.980460099165363,19,19,16,19,19,18,19
2022-10-17,1865.4851110989362,968.8491726055648,577.7578689881915,20.61791139762176,1998.9437848533323,1203.175858775312,455.39241458355673,20.522249036221357,1607.705785808917,1233.2544605433025,106.95571328651067,19.959228574925874,19,19,16,19,19,18,19
2022-10-24,1848.3693190626316,953.1503041090514,579.1049574178376,20.630639389727772,1999.1371859945984,1203.242579763826,455.3875422981366,20.52941517240304,1588.0650883417652,1217.0158194479252,106.94530282405799,19.948015211849025,19,19,16,19,19,18,19
2022-10-31,1836.7781091789004,942.7306758242316,579.8618618513078,20.63490814049381,1986.0064994974123,1192.3338526648083,455.3838224469837,20.530751687340405,1539.0707800949956,1173.30093789257,109.48715496425757,19.97856767343505,19,19,16,19,19,18,19
2022-11-07,1852.898386536289,956.3939281851782,579.5992364346763,20.6319421997471,1957.390570643196,1169.3840378913637,454.48211776895687,20.53891041575731,1510.9631391294847,1149.557730506354,109.79375033822157,19.979462613262463,19,19,16,19,19,18,19
2022-11-14,1838.3333225047807,942.711860996541,581.0034942810648,20.6480801113837,1910.3890757647298,1130.1987621044784,454.46282186272015,20.555019134247743,1457.8095350587143,1105.4160720739687,109.79985929450982,19.963003893229615,19,19,16,19,19,18,19
2022-11-21,1794.7944153033193,905.9753412711023,581.5448553222882,20.65680986474173,1876.1088390671991,1101.8445489854257,454.444031711208,20.550189877214528,1383.4148033743038,1043.441199984038,109.80005203117685,19.95883783699861,19,19,16,19,19,18,19
2022-11-28,1754.217610998482,872.3990543891497,581.5249849468383,20.65400691769559,1826.25716547309,1060.5814225622028,454.4282535423056,20.544257523746086,1317.9996560887412,988.7801797361813,109.81162688541212,19.971735465775446,19,19,16,19,19,18,19
2022-12-05,1739.5960196349868,859.6649012345047,582.0894961290196,20.658277360978605,1798.7935193692945,1036.6435305319787,455.5556362983823,20.546476593347965,1299.6906192964327,973.4549431110773,109.81038277173877,19.978973594233615,19,19,16,19,19,18,19
2022-12-12,1689.5512421318508,798.878510422447,601.2140651866188,20.67425194343776,1739.7868392666387,972.1611814176931,470.92365304243776,20.560260749847494,1198.0639975448396,888.8406394201246,109.81138026341296,19.968114411313515,19,19,16,19,19,18,19
2022-12-19,1669.974750735653,782.8629847445329,601.2152241351091,20.656097323245433,1732.257874917345,966.1937034692315,470.9308447779805,20.536377798993968,1272.8733673318325,951.2085467877961,109.80361143116659,19.967839903786253,19,19,16,19,19,18,19
2022-12-26,1665.2527586292408,779.0622123409526,601.2106044096386,20.64663872389688,1724.5046264936336,959.8033892315432,470.92394047703215,20.533423153725426,1252.9605275815384,934.6567315565039,109.80130052506661,19.96274518416305,19,19,16,19,19,18,19
2023-01-02,1708.3660488448782,769.746360479339,644.5622429684126,20.79160408699229,1772.2518006620328,960.3554429237048,508.6902209783233,20.639667248643512,1255.2236661992195,904.946029924402,141.1236185308735,19.994272661748724,20,20,19,20,20,19,20
2023-01-09,1734.9658855618209,790.6734806944332,645.8856878848055,20.77232344545246,1791.2073653600726,975.8018664381881,509.0384815311612,20.632993830596497,1238.4987944028774,890.218036863787,141.8026640948284,20.00716586910226,20,20,19,20,20,19,20
2023-01-16,1742.0160680007334,795.9697728376657,646.5185115590941,20.764659709471,1790.165933581096,991.1990343752063,492.8198952088278,20.62958887477762,1243.628587329208,895.5471762002259,140.70272124098994,20.012420787694833,20,20,19,20,20,19,20
2023-01-23,1766.0068786120228,815.6320668838782,646.7134466033094,20.76536374777176,1807.4418539980245,989.1300646294113,509.23474029726333,20.62762339685862,1250.7314704816804,901.6556348494923,140.4299873387772,20.02194866245988,20,20,19,20,20,19,20
2023-01-30,1792.2519504884847,837.6975198537609,646.3438876776984,20.76832502064077,1824.7362615527281,1003.4578524826061,509.18375713659566,20.63242541715445,1254.7657986863578,904.7579531023371,140.67152875143347,20.023953835833012,20,20,19,20,20,19,20
2023-02-06,1775.5495627903476,825.3411546352793,644.697984114471,20.782468710352173,1782.6998211436833,968.9032403313827,508.6893097490872,20.648944869585122,1191.2766689306372,851.9510680968665,140.6987234548177,20.009763671885207,20,20,19,20,20,19,20
2023-02-13,1771.7770507319883,821.168798678672,645.8926989016035,20.770468971771205,1746.3013701776438,937.4687507663026,510.0661366892799,20.63967406320831,1157.2364556954153,823.3344465954424,140.9062173575236,20.015313495621605,20,20,19,20,20,19,20
2023-02-20,1770.9667821678634,820.5988967521862,645.7602643077435,20.773056778787673,1732.9714465263105,925.29040654557,511.2145574508663,20.63804093687835,1156.6302028065668,822.3184621045173,141.36952073382395,20.02123336642162,20,20,19,20,20,19,20
2023-02-27,1767.0093624673132,817.2562078541082,645.8290168834617,20.77282530033459,1713.772430367011,909.0345564226102,511.54108707432056,20.639294233451636,1134.030915157169,803.537120165202,141.3029840274943,20.023579664426258,20,20,19,20,20,19,20
2023-03-06,1775.5184559507888,823.2122739032452,646.9993010611825,20.76618673021591,1721.610095989322,914.3488872056214,512.8093762844594,20.632037807717715,1158.1359896187898,822.8833809566722,142.14844929872527,20.010133687744474,20,20,18,20,20,18,20
2023-03-13,1779.6153447342067,827.0617470512245,646.4843940049429,20.770927706319625,1719.8263168542178,912.8413509212953,512.7575215481033,20.638866238380444,1145.9996663272398,812.6641257589889,142.29166247403293,20.005520721300734,20,20,18,20,20,18,20
2023-03-20,1757.4207717860713,809.2554618444573,645.803069951546,20.78007402333549,1696.5493898865434,892.1025207520801,514.1510023299162,20.643209921943818,1116.7724222000438,788.4548377042888,142.17868441423616,20.00131046835558,20,20,18,20,20,18,20
2023-03-27,1762.4315063358044,812.5315062342361,646.7670474367164,20.772511005530898,1687.545971314515,884.2005503009742,514.5948789081464,20.642799945997407,1111.1547529871686,783.9300680127787,141.95890684731467,20.0095025599662,20,20,18,20,20,18,20
2023-04-03,1779.7353942276827,826.5519079010968,647.1347546750309,20.767557949975345,1671.2023037138822,868.9861149791816,516.3149741542882,20.638200375576744,1104.4766425275163,778.9795573095896,141.31896249048611,20.012867429956454,20,20,18,20,20,18,20
2023-04-10,1808.6313104417961,850.1082183120111,647.5982912264762,20.76006206310201,1677.671176737774,874.2357239259424,516.4979810908575,20.632093022977973,1110.482639718484,784.4570213139315,140.72756249129395,20.02822562727316,20,20,18,20,20,18,20
2023-04-17,1814.0998754818797,854.9365572197914,647.2485761485289,20.76406796904979,1669.157674435687,866.918753770841,516.7243746945546,20.634984563321385,1108.0632089656083,782.2580114353779,140.9541970110531,20.022590562384583,20,20,18,20,20,18,20
2023-04-24,1790.7016013645025,836.1026184070713,646.6031130344054,20.77255542970042,1638.0555983126799,841.2404199053234,516.5296018368007,20.6430818240432,1064.0643748546136,745.330026860348,141.13507991364645,20.03454695774036,20,20,18,20,20,18,20
2023-05-01,1778.2049447545949,824.6228481797108,647.8406275403275,20.763942473007564,1608.1954594349672,815.8186599485331,517.2105692750298,20.64217529361136,999.3606670059811,690.4049340099491,141.88149850586103,20.074126882633895,20,20,18,20,20,18,20
2023-05-08,1755.2100888726875,805.301937025563,648.1399813651277,20.762313695763407,1573.0830132882759,786.6339850167789,517.2742766600433,20.643687866912945,995.3482292455905,687.2846566890295,141.82558667425144,20.050166695319803,20,20,18,20,20,18,20
2023-05-15,1748.1170152961865,798.5136098249886,649.180837024514,20.751793936936664,1558.149689575948,773.6158883672629,517.9819907949179,20.637368233112234,1013.4981027806665,702.3539777901552,141.8843139534954,20.048819473401824,20,20,18,20,20,18,20
2023-05-22,1751.131928206603,800.5377623298826,649.7222397345867,20.74606799565855,1559.8861224839823,775.0403756423898,518.0422950213374,20.633131807675316,1015.3518022303841,703.9360134517992,141.80990751147203,20.053999323335606,20,20,18,20,20,18,20
2023-05-29,1765.5617859321194,812.4054602154619,649.8126069798446,20.74545004895604,1565.8115076132274,779.9640482358893,518.0156787713906,20.634511852005634,1017.8350596152061,706.18407423063,141.6756310241177,20.047580195993365,20,20,18,20,20,18,20
2023-06-05,1759.5479574682652,806.6392228589499,650.5179288829116,20.7521066183514,1561.2573697494543,774.7742800424729,519.3878297478299,20.63847009107922,1006.9384864968829,696.7323088368122,141.95855390114662,20.060743622467662,20,20,18,20,20,18,20
2023-06-12,1773.7143809595225,818.4499390241093,650.403584266672,20.755021030670157,1574.7129516135396,785.8415818665654,519.4577351137394,20.63998893805441,1013.4243125022931,701.7272211900151,142.3856379376573,20.057916609586005,20,20,18,20,20,18,20
2023-06-19,1771.9897301178064,816.9500458552111,650.4466052330545,20.75737864084979,1579.551830088933,789.9377493098195,519.3971047827481,20.63772877898671,1018.3730778333297,705.8184492345521,142.38527436166692,20.062321056034254,20,20,18,20,20,18,20
2023-06-26,1771.603191520923,816.9871449117816,650.0295807377267,20.76230356109687,1594.5705491939018,802.360082769356,519.4078988679009,20.63921742291925,1020.4279510781482,707.6517622630223,142.26483922262094,20.06212718923873,20,20,18,20,20,18,20
2023-07-03,1784.369486012402,826.4682074366651,651.0718364193149,20.766235299835262,1592.2825007404101,796.0097032360362,523.7845781458733,20.64626458853785,1004.2662856420307,693.6682659427079,142.7509775780669,20.067333866534483,20,20,18,20,20,18,20
2023-07-10,1783.2518755632582,824.6966086128082,651.9762280933844,20.761473444646587,1596.854820579768,799.3158867168773,524.3340769314453,20.640264755375508,1024.44817039135,710.1938450733003,143.10023402933405,20.058042763956557,20,20,18,20,20,18,20
2023-07-17,1789.9644951107866,830.3601752936255,651.8531996686755,20.762943132685805,1612.4094617581688,812.2115216677905,524.3363716542895,20.63985658983131,1034.2988792517424,718.3888835462736,143.10762544359,20.058394718801114,20,20,18,20,20,18,20
2023-07-24,1802.5728942746364,840.469112615869,652.222311439166,20.759914958027938,1623.7499424028001,821.6527410864908,524.3341383441593,20.636387116168866,1040.7182020685743,723.9260040073461,142.91345278139715,20.05893293366858,20,20,18,20,20,18,20
2023-07-31,1842.6933990337302,859.9887750259626,665.906470950424,20.761461436668377,1668.4514806236716,857.9296252902614,525.1562060873607,20.632533626767838,1093.4329636551586,768.169535705301,142.6411009159059,20.050526387286986,20,20,18,20,20,18,20
2023-08-07,1858.2451450911242,873.6971703991811,664.9700762075935,20.769786267246243,1719.0644699524619,899.8578434068784,525.1713845109239,20.633628859970305,1163.5554939025515,826.778785962549,142.72945104386474,20.0150189022947,20,20,18,20,20,18,20
2023-08-14,1870.9777727726657,884.3106144649262,664.8947760541084,20.77015637970551,1748.4312208488163,924.1598954039387,525.1781468683312,20.6365368087371,1179.585943836066,839.4231242379885,143.39111163126893,20.02125129910968,20,20,18,20,20,18,20
2023-08-21,1874.0973821853047,887.0618106730019,664.6691577961683,20.774632991578358,1751.694185768289,927.0241634120475,524.9046768016294,20.646008072303065,1172.6004435523482,833.2625416353167,143.717706174697,20.02294275455765,20,20,18,20,20,18,20
2023-08-28,1885.3491460354999,896.3302232965339,664.77111311219,20.770452376442144,1759.954645183926,934.6294862725621,524.1754516974567,20.643589788842384,1186.9360344229963,845.5191502347222,143.3878494915897,20.02504125782208,20,20,18,20,20,18,20
2023-09-04,1894.2715840638398,902.9136524547118,665.4970763335773,20.776500013316145,1774.4328398011055,945.6574585471656,525.1006990659416,20.647492629300242,1192.3173808674965,850.5525706662247,142.95113924789564,20.011366738687034,20,20,18,20,20,18,20
2023-09-11,1902.7322875872287,909.9406527518439,665.4923678222043,20.775194041186275,1799.9147889543647,966.692381366411,525.2804933735218,20.63991372953812,1221.7858378068397,874.80868617542,143.21265057503615,20.015739719837686,20,20,18,20,20,18,20
2023-09-18,1916.9783383770457,921.7255488948304,665.4636071646735,20.778190240179413,1839.5059476009658,999.4296344453604,525.3277309900433,20.642535612588013,1263.8163642596364,910.3117573904218,142.76747875998933,20.01151678572511,20,20,18,20,20,18,20
2023-09-25,1919.1187509271185,924.2338278479876,664.6552611838104,20.78368239639361,1849.6714293150435,1008.5190333180741,524.6154970023368,20.646387693614827,1263.9367282743242,910.330305007283,142.81232172320256,20.01572210577551,20,20,18,20,20,18,20
2023-10-02,1902.5680652997723,910.7430131576685,664.4193456248407,20.785521231622436,1843.191528903357,1003.3054030325459,524.4377956801768,20.647994404847058,1263.0101512490498,909.1165856563237,143.28472250534105,20.012217910986532,20,20,18,20,20,18,20
2023-10-09,1863.847623146688,878.9050749107915,664.1522740218633,20.789264536144838,1823.2331858436878,986.8503523930466,524.2067323744576,20.659451202944847,1227.8926333493098,879.758174637738,143.54864805606644,19.992616693099286,20,20,18,20,20,18,20
2023-10-16,1834.9712495285821,853.4460192415914,665.8123033871001,20.7807271612394,1802.3225051285324,969.0894236312307,524.7586980341474,20.64964831359559,1225.7698364690698,878.5305189379055,142.7618460699539,20.02144326807308,20,20,18,20,20,18,20
2023-10-23,1827.5310506540736,847.0669195535645,666.0632292630014,20.778179727857758,1806.8551585937935,972.7155621373655,524.9227795494456,20.646961839846266,1249.5962812636217,898.4261225319526,142.757887033408,20.01685290818693,20,20,18,20,20,18,20
2023-10-30,1808.5790551758134,831.4835217626213,665.8869629951927,20.78367201610326,1785.8086997325297,955.02248463766,525.0915075632547,20.653457040633054,1222.0354719464215,874.8952343583445,143.19656959606039,20.031952639228816,20,20,18,20,20,18,20
2023-11-06,1809.052092631836,831.6360334998852,666.2677018353623,20.772253246764883,1783.0618684860278,952.8681657622998,525.0628130793506,20.645814588955176,1223.5104266836877,876.2832457959937,143.08933542303066,20.02583248026385,20,20,18,20,20,18,20
2023-11-13,1788.963953644382,814.95641579076,666.2987156985416,20.773519403487214,1747.1896775280743,923.2031979060467,524.8964250382923,20.653969509059902,1172.5914091299892,833.3771679826715,143.60906212538987,20.021283104501123,20,20,18,20,20,18,20
2023-11-20,1768.6434114327967,798.2209291513439,666.1926152142344,20.774860232463833,1725.011934335374,904.7887501861754,524.9866410896833,20.649155445042407,1161.1493493477492,824.4460837981569,143.01309848243704,20.020500152840437,20,20,18,20,20,18,20
2023-11-27,1787.2685102884082,803.2452518959697,676.3463459149332,20.794718821918266,1746.976119214388,912.5465495685607,535.1839520400733,20.66998086130322,1159.873218066513,824.9901694868761,141.40440381288795,20.020667552603697,19,19,17,19,19,17,20
2023-12-04,1747.177834481219,780.0280693502675,666.675559563474,20.769575714210983,1703.0504605400206,886.5407657283291,525.0987274052558,20.643441106876075,1152.2845999055062,816.7545407163651,143.41967374018282,20.007867588663736,20,20,18,20,20,18,20
2023-12-11,1727.0017337021886,763.7599633630679,666.2214883040657,20.770918510081103,1677.820817419761,865.9944497405228,524.7324487236773,20.64344331533408,1134.3447158743165,802.3328421423155,142.94679186733458,20.000968503118774,20,20,18,20,20,18,20
2023-12-18,1709.7930757391684,749.5757227831842,666.1000181251603,20.775755798577766,1656.4106878089035,848.1961059713884,524.7218884967737,20.64891672212077,1103.398434214566,776.6029835805531,142.82314391450825,20.009471257982362,20,20,18,20,20,18,20
2023-12-25,1711.8214826344122,750.8951881785365,666.5563929554573,20.767545461053103,1660.5129525324344,851.530289298318,524.8960981594645,20.639430314856945,1131.4866664822814,800.6802969932156,142.20139318497831,20.003037313031648,20,20,18,20,20,18,20
2024-01-01,1711.5311966719062,745.1511974616166,672.393265950583,20.73915428035641,1658.9922761542541,843.1603561693429,531.7660108982813,20.66044523478532,1109.2819284128757,778.6801634687608,145.96768375407396,19.968043157682835,20,20,18,20,20,18,20
2024-01-08,1717.7814890746067,749.4343528651931,673.3796344921883,20.73127649420103,1658.5524971894192,841.6916431840917,532.9184779897647,20.65621165171462,1117.3356465827526,765.4831351329976,165.944901528056,19.959417432626694,20,20,18,20,20,18,20
2024-01-15,1714.2670612867494,746.4453013533605,673.4381205816453,20.732944325144654,1655.644805655867,839.1947030302401,533.0169961849886,20.65520259029524,1120.8496319231017,768.1058935040086,166.19157796713455,19.96710535438076,20,20,18,20,20,18,20
2024-01-22,1716.3218545831996,748.12017932679,673.4353425207131,20.73547801725029,1660.6396898213786,842.8574029425682,533.4751053705796,20.656867420553894,1126.549618004197,772.7707268999649,166.19506203246817,19.97770645989556,20,20,18,20,20,18,20
2024-01-29,1738.532358224387,766.3981591950323,673.4471436335468,20.744385164783782,1681.9423181197362,860.4515486980292,533.4758913852736,20.662114092482547,1141.8766107644283,785.5036909359522,166.19643109277933,19.982816470623003,20,20,18,20,20,18,20
2024-02-05,1743.6218116649175,770.4383912238872,673.6022879154604,20.74603138632639,1697.4726418851524,873.1822638057707,533.6192952514308,20.66183968567325,1166.9096210243158,806.4383710152916,166.18517141795292,19.975465338317782,20,20,18,20,20,18,20
2024-02-12,1763.938839571014,787.2559911030482,673.6194148514282,20.745330668259705,1720.3457628780322,892.1687092463773,533.6245112417229,20.658854184276205,1177.9262502858946,815.554498059687,166.1839726414147,19.983711083939376,20,20,18,20,20,18,20
2024-02-19,1781.8761679181616,802.0521478933742,673.6249506874299,20.74973377521661,1742.3684309392463,910.3385981605267,533.6293725712954,20.66531019079259,1196.1329720835568,830.8273072930891,166.18119315955005,19.972193972319758,20,20,18,20,20,18,20
2024-02-26,1779.460909647112,800.0739748650565,673.6235779753849,20.74803993650765,1733.3122617422507,902.8199817018175,533.625835539429,20.666734584611664,1163.3853829843736,803.4543417680666,166.18480258200418,19.981272390170165,20,20,18,20,20,18,20
2024-03-04,1783.3013337894795,803.2639257773778,673.628038863953,20.74690474889012,1720.4534836126977,892.1604599982335,533.6261282742433,20.666970622668536,1149.8678880964521,792.1863895593922,166.18138111832627,19.981902905949422,20,20,18,20,20,18,20
2024-03-11,1783.072245822994,803.0284475945098,673.62387436111,20.75098649230875,1709.4304572843073,883.0108070342759,533.6227401347791,20.668500382499495,1138.3497261098425,782.5212740744959,166.19118668646774,19.98890846197704,20,20,18,20,20,18,20
2024-03-18,1790.3180571089695,809.0388452674904,673.6110604315052,20.7512340052336,1703.7794624090516,878.0112517915363,533.9488892285867,20.667674172310058,1137.8090146206125,781.7959679019802,166.44863379057995,19.991088015654515,20,20,18,20,20,18,20
2024-03-25,1808.0653075553441,826.7945521051838,670.5395774916396,20.752293814486745,1707.7043581959383,884.780210040492,530.4085442275948,20.669723600166385,1187.2363558517209,796.8815936296871,192.42622935008444,20.006769205139125,20,20,18,20,20,18,20
2024-04-01,1828.3024477656973,841.4875944686063,672.7059922257862,20.74430005723572,1706.018576852056,880.6642220876718,533.1422598242091,20.66846479194371,1146.9962575781274,789.6002868322108,166.3562783514102,19.984139379576433,20,20,18,20,20,18,20
2024-04-08,1848.328002912743,856.1164861608339,674.7156800429999,20.740081356941765,1722.2280026729982,892.7155443212531,534.6100563664335,20.66118633640617,1176.645116459383,813.6037963924894,167.13744244898976,19.97508311665566,20,20,18,20,20,18,20
2024-04-15,1862.8421928636383,868.0773230951797,674.7196237438322,20.744482718892897,1725.5674562413963,895.3978336612884,534.6096828561417,20.668418613893618,1160.6641220009783,800.2342187274877,167.1336953863066,19.98166417006528,20,20,18,20,20,18,20
2024-04-22,1866.028110488001,870.3959722578028,674.9800864149375,20.749127697154528,1707.8461730142337,880.6480241115701,534.606657180735,20.674122869161327,1149.1317902729263,790.6685659920483,167.13441997371467,19.97579952355696,20,20,18,20,20,18,20
2024-04-29,1857.8801522836407,863.8869904013688,674.7141838617099,20.751250119998282,1688.2399092972494,864.3748387510487,534.6046424684672,20.67653114008361,1131.2564246983368,775.7181929554638,167.1361765720252,19.982094930022477,20,20,18,20,20,18,20
2024-05-06,1846.4001125071675,854.3759491396615,674.7052497026086,20.75226050161054,1671.427641407607,850.4424927248225,534.6018469215593,20.676832760050296,1119.7323174570192,766.1646964264752,167.13400573763988,19.97577140743961,20,20,18,20,20,18,20
2024-05-13,1833.623003053517,843.8173181247718,674.6977282073907,20.75105923266744,1655.9862935288552,837.6828237686116,534.5992696999685,20.673897984282817,1090.2082929962623,746.1178274122495,163.55352800709386,19.84639139194336,20,20,17,20,20,17,20
2024-05-20,1819.7340707653245,832.3545168792558,674.6918040638897,20.748383475465538,1642.2786476905542,826.3573048522977,534.5978948418855,20.671029293218943,1078.754535080026,736.5921672775013,163.55237499169561,19.842368022425227,20,20,17,20,20,17,20
2024-05-27,1803.9054859815537,819.244558447746,674.6810869076256,20.74934864328169,1630.2140543755868,816.3609126625387,534.5946960613768,20.671178523434463,1073.7168035965678,732.5637928075497,163.38071762728157,19.84188653329187,20,20,17,20,20,17,20
2024-06-03,1793.2741354732284,810.4205475687469,674.6720482990437,20.75167167777555,1623.77009754227,811.030384435251,534.592835983607,20.670487317901074,1078.3713768680575,736.5038320389901,163.38399779259476,19.833977204678508,20,20,17,20,20,17,20
2024-06-10,1777.1982466635955,794.9619925247474,676.82015248291,20.751447671241397,1607.5566411622488,797.4173242263447,534.7704573176776,20.670423752053214,1045.1929179776773,711.983095876586,160.13994608548467,19.844662701061115,20,20,17,20,20,17,20
2024-06-17,1778.6872088860255,798.362056022512,674.6627039670695,20.75066605795587,1620.1860606672155,808.1260185356465,534.5937953913846,20.664493356114516,1085.0231698939367,741.973666343279,163.3921709254564,19.843617378714328,20,20,17,20,20,17,20
2024-06-24,1781.130891872695,800.41275656428,674.6670527898505,20.748103294327535,1638.6812997129769,823.4551356665943,534.5957055459273,20.664208583671087,1108.991625744161,762.0030992536176,163.3818110025669,19.841118377124463,20,20,17,20,20,17,20
2024-07-01,1789.2328625309312,807.0841799907836,674.6929333111854,20.749122554864712,1651.6887501905217,834.1856493077279,534.628424526729,20.665675621207512,1107.3135223630825,760.5325604632375,163.40997234498582,19.846579526707465,20,20,17,20,20,17,20
2024-07-08,1796.8617166517363,812.6157972618778,675.4398316135989,20.752321471316506,1657.739790154761,838.821965308507,534.9455829372399,20.671054740784694,1112.5056374644048,764.8779616205471,163.40111680629548,19.846031578108104,20,20,17,20,20,17,20
2024-07-15,1790.9924186841458,807.7397965988009,675.4357714291641,20.75390515402403,1651.9835948730206,834.0065601703424,534.9488605055309,20.674754628416768,1095.0655559477284,750.3221571187112,163.40190079536262,19.846418233491224,20,20,17,20,20,17,20
2024-07-22,1781.517844281069,799.8387091132054,675.4286204880243,20.758984391162535,1636.9987003894312,821.5326502379372,534.9423938730073,20.68034037901128,1074.5183811045586,733.1991582183337,163.40950620205,19.842515887261186,20,20,17,20,20,17,20
2024-07-29,1777.4179149615647,796.4422774504775,675.4255949223842,20.759339090411185,1629.3792391447632,815.2147151515449,534.9396174593874,20.680962152961058,1070.723078675216,730.0442661847774,163.40457936851135,19.841564965271854,20,20,17,20,20,17,20
2024-08-05,1766.0439795937473,775.732061124675,686.7414773927298,20.757328805011372,1614.6241578051868,808.6045995369444,529.3400554970027,20.67944303452668,1064.374023765956,720.9193468524352,167.26711242406657,19.836776686842654,20,20,17,20,20,17,20
2024-08-12,1751.9360218306424,774.6373199666501,676.1693855423615,20.755991489299067,1601.8450002626278,791.6835576048996,535.6851807156817,20.678222563032502,1044.2240809386542,707.1547025084816,164.21651094053732,19.836880633852658,20,20,17,20,20,17,20
2024-08-19,1745.021729406838,768.6659900416578,676.3678991620286,20.759917289446104,1594.2908859637337,785.0952623922834,535.9853551454529,20.680817264219165,1055.3616190723526,716.2609861417267,164.4294791311114,19.83343304907942,20,20,17,20,20,17,20
2024-08-26,1725.8450521809816,752.0164987862142,677.0846437607538,20.764374248917864,1578.162862416548,770.7724685114972,536.9095046782711,20.683996168197382,1019.6615152945451,686.3590027748289,164.51686744978429,19.836694278964096,20,20,17,20,20,17,20
2024-09-02,1713.5282755594235,741.8164916380426,677.077890241759,20.76503349666384,1566.9243992431154,761.3645640574233,536.9928297557566,20.68513698228912,1018.9891463197725,685.7280473504536,164.52121950249204,19.845930604725982,20,20,17,20,20,17,20
2024-09-09,1689.4103189655943,721.4635049677379,677.4274234905968,20.7678371913835,1554.477763481149,750.5984330079515,537.4517858921341,20.684561880558956,1008.9452070254994,677.3602380220659,164.56847326834747,19.83736787870102,20,20,17,20,20,17,20
2024-09-16,1672.6444034613282,706.8674330701048,678.1092817068292,20.77057943394568,1537.8640107676367,736.114400799399,538.1246451856244,20.688815463100475,981.6390701993203,654.2978610238456,164.75923046799448,19.849895739422927,20,20,17,20,20,17,20
2024-09-23,1669.5099213779347,704.3245557856422,678.1095027296627,20.765971519172563,1529.8152418391126,729.4602908455154,538.1258651732426,20.6872790914635,989.8659296161204,661.1993247874442,164.76398406558963,19.843813763433204,20,20,17,20,20,17,20
2024-09-30,1661.303566310774,697.5942625688022,678.1095015635051,20.76026900737617,1526.5171835690865,726.8148881572947,538.1094733984942,20.680511022141484,1002.7039356444328,672.03609649524,164.74931630838762,19.8280849907385,20,20,17,20,20,17,20
2024-10-07,1672.5261765370205,706.9251967595176,678.1208582775673,20.755997279255705,1538.8835964495956,737.1474966751379,538.1095895467555,20.672420728021876,1013.8535709030617,681.2638810493565,164.7412151223764,19.840125726294296,20,20,17,20,20,17,20
2024-10-14,1692.2227991381271,722.9178586739607,678.4459671567707,20.75542182166533,1561.3018520867613,755.2974054148957,538.5187170767152,20.67416883629727,1044.5644796003908,706.9885903722509,164.72879745521266,19.828340490454714,20,20,17,20,20,17,20
2024-10-21,1691.8297507244338,722.8746315108152,678.1260003188119,20.75867150145397,1556.866102229794,751.9712121171988,538.1134604656256,20.679373634666756,1035.6366679402863,711.2880873011893,151.98429480978416,19.966384816786075,20,20,18,20,20,18,20
2024-10-28,1691.8237580170935,722.548661478008,678.4433656324047,20.75898543880581,1551.5891707602232,747.2079032336169,538.519308917445,20.67794444238028,1035.6326459145628,711.2627807042053,152.02247343176157,19.964130158934864,20,20,18,20,20,18,20
2024-11-04,1680.604971067303,713.2299142266075,678.4346192891584,20.76221895384415,1550.1850036886412,746.0626316573042,538.5171180669505,20.67643165178345,1022.2718883855372,700.0291542991934,152.0570532574477,19.972824265857316,20,20,18,20,20,18,20
2024-11-11,1681.546262024276,714.0385509273171,678.4240255357079,20.7606071752067,1560.9217618175996,753.8681909185849,539.6260612643085,20.674812368388736,1036.415390476608,711.5866969419301,152.31546971050932,19.969069471447824,20,20,18,20,20,18,20
2024-11-18,1688.5976966089454,719.7792570654348,678.4364209469053,20.768041952540784,1571.2469221994927,763.481268924138,538.5216872101894,20.67921311519567,1036.3832046616585,711.8831721199225,151.98732091792476,19.9697423414893,20,20,18,20,20,18,20
2024-11-25,1695.12101293275,725.301221773114,678.4375750363998,20.75758088224846,1586.8589573732986,776.4811241254109,538.5231873707093,20.67328931932407,1052.6543915042048,725.4798737961653,151.92006483726925,19.974295090985766,20,20,18,20,20,18,20
2024-12-02,1691.147316861159,721.9618334715644,678.4355043261974,20.761963138306516,1592.328014370039,780.9531735111084,538.5251263827652,20.67860566544451,1048.2588950848535,721.9645146594715,151.89486275885258,19.957389274892755,20,20,18,20,20,18,20
2024-12-09,1687.7525399386777,719.1272887082596,678.4324145983908,20.764253287027824,1584.7027469262468,774.606733468093,538.5237728384585,20.68128333896894,1043.6836295937069,718.0533415654099,151.92646922986103,19.966419524109266,20,20,18,20,20,18,20
2024-12-16,1694.1633102525007,724.5402696556068,678.4434688360454,20.754308390908033,1588.5981625783597,777.9218503334063,538.5241844238748,20.67324604546031,1039.4093782174168,714.4632477303737,151.9342226229585,19.969115075269922,20,20,18,20,20,18,20
2024-12-23,1702.5905270453916,731.4276738097668,678.4451634362553,20.761992292237526,1594.7830091782046,782.9793057626193,538.5230780862294,20.679540852089243,1053.9847151177712,726.6783465492649,151.89646064021815,19.965278595844982,20,20,18,20,20,18,20
2024-12-30,1703.9412930198123,732.6234456217414,678.4485951563543,20.75508859776019,1598.5317691630078,786.1592824523461,538.5260410229421,20.672565841470053,1054.4937801309907,727.1154700762652,151.8823326263274,19.965462585778145,20,20,18,20,20,18,20
2025-01-06,1723.0497358685957,740.6352480352892,684.8500506186593,20.874605826915925,1619.7625954757807,795.4856404955867,546.1959819688705,20.726301110134674,1077.9295064756916,730.8994867466073,167.86107027332844,19.93511487084336,20,20,18,20,20,18,20
2025-01-13,1731.3478690247553,747.4110739895217,684.8482088107284,20.88229343780191,1634.5019746023145,807.6559425712048,546.1964246354305,20.72970540907171,1090.6516351881648,741.6485271922749,167.74857208604544,19.93128590949813,20,20,18,20,20,18,20
2025-01-20,1754.8981122999367,766.8723655005628,684.8513574439988,20.883752504949094,1666.9755216129142,834.5634678787703,546.1985182973526,20.728665642760767,1136.1882308751954,779.8390726004036,167.49654664977174,19.935132574715027,20,20,18,20,20,18,20
2025-01-27,1753.832679717034,765.9447351520862,684.8503908221892,20.88768760780437,1664.4208390533297,832.368757829341,546.1965278069059,20.735728397886653,1116.7407400163563,763.6769938233009,167.50376113172445,19.927386178668737,20,20,18,20,20,18,20
2025-02-03,1750.7335649254549,763.4372273306924,684.8489527708425,20.88312303047153,1653.9384984663923,823.6922758513861,546.1961806126069,20.735267945508486,1092.9255947951922,743.6660430298481,167.61076033113864,19.933437432429464,20,20,18,20,20,18,20
2025-02-10,1757.0726355633562,768.6529989749356,684.8494670564512,20.885425145567943,1654.4859712232123,824.1061592990513,546.1967569380727,20.73870321800527,1094.5882812010775,745.0907818427022,167.61030639992055,19.928451417612823,20,20,18,20,20,18,20
2025-02-17,1759.1499358766835,770.3427857875864,684.8484044193982,20.887890726335698,1657.4669165192452,826.5888096473105,546.1982354162568,20.737365819364634,1106.3584801953994,754.9446346530542,167.57087699461124,19.928441985694086,20,20,18,20,20,18,20
2025-02-24,1754.8040015056013,766.7641680442963,684.8478900236106,20.88656826406101,1655.29067229431,824.767199288768,546.1966919210953,20.739188165891893,1107.3290758221908,755.7166460199771,167.56491711294655,19.93406129163331,20,20,18,20,20,18,20
2025-03-03,1742.5616078760427,756.6615908475419,684.8510116238433,20.88424373734419,1644.2263254412637,815.6301305163717,546.196997694765,20.73678746590104,1084.7425662646458,736.9171837751941,167.6019597976874,19.924777045610732,20,20,18,20,20,18,20
2025-03-10,1712.1233275761126,731.3991331169534,684.848758190217,20.891500568862593,1618.2546217463578,794.0465322940613,546.1946610266816,20.743537044759485,1056.1611643322874,712.8895593724583,167.79946157520078,19.924415907423587,20,20,18,20,20,18,20
2025-03-17,1695.8454799961387,718.0478607741251,684.7716972669508,20.888354476911456,1595.9185343766098,775.6438581904129,546.1030597257329,20.743125082729208,1042.4317298502522,701.3709288100274,167.9225676557495,19.917120522400186,20,20,18,20,20,18,20
2025-03-24,1688.9192047859185,712.3467485620966,684.7718677005818,20.885885072794515,1585.5784643955171,767.1052467139556,546.1036060623586,20.740768769824687,1036.538830286872,696.3886522281842,167.97337810830788,19.91952375364664,20,20,18,20,20,18,20
2025-03-31,1701.362461498113,722.697685119461,684.77009794664,20.88109454212704,1586.939870958446,768.2546514328305,546.1039895273125,20.738725451615057,1012.4318509638756,676.0773682728866,167.94988568126053,19.95250700978872,20,20,18,20,20,18,20
2025-04-07,1703.8731576088626,724.7249701318847,684.7695104905856,20.885408281725724,1582.7666171101025,764.7724524522936,546.1025637086381,20.74122991110478,1001.1196190684742,666.6981178680396,167.95774228442474,19.943999301173342,20,20,18,20,20,18,20
2025-04-14,1678.4164707941056,703.7123839212952,684.7703851545759,20.881332356123142,1550.0176772519746,737.6525478480006,546.1027199536378,20.740901021290163,948.4101169691489,623.8215531996137,166.87757705517686,19.94576453670039,20,20,18,20,20,18,20
2025-04-21,1669.7521702837107,696.6427757220612,684.7700645702286,20.872784846158794,1532.1498781989537,722.9227733401844,546.1034872170021,20.734292569031506,952.9876293330374,626.1343643896364,168.38559939531638,19.94508291436413,20,20,18,20,20,18,20
2025-04-28,1664.7247273173007,692.5175728954778,684.7696925202717,20.86982644211011,1530.1992977180466,721.3480130719919,546.1042963521292,20.730325420552298,957.9623480128629,593.3497665503555,205.3707956332961,19.937108592002964,20,20,18,20,20,18,20
2025-05-05,1656.4920168502663,685.6040828484709,684.8589884805151,20.870970659859356,1520.5714228500353,713.035616758463,546.4289478453109,20.731576384477744,900.9108640148818,576.5462600120715,175.57637955545613,19.782441934324407,20,20,17,20,20,17,20
2025-05-12,1654.7493532281987,684.1654894041209,684.8612276499754,20.87049380518498,1512.3831709710578,706.2274751529346,546.4293170759418,20.734041467179953,899.5016055564156,575.2422752207683,175.57614321014455,19.8028156310052,20,20,17,20,20,17,20
2025-05-19,1659.0127690235797,690.6306741729069,681.9369285667677,20.86929384841623,1517.3724886094428,708.0487000891953,548.7999717023172,20.728336088908733,915.8643421367377,589.0019680506906,175.57503168358153,19.787064279339468,20,20,17,20,20,17,20
2025-05-26,1656.120254086084,688.298991410179,681.7936272675088,20.876518237464037,1514.221551121325,705.3634177901334,548.7929689871343,20.736262804699464,910.8851848580124,584.8989537366085,175.57438286584033,19.77871425809029,20,20,17,20,20,17,20
2025-06-02,1654.913137507238,687.1697304497636,681.9349089407735,20.87557735864,1511.486610930183,703.1218467972735,548.7968719975966,20.733605803512525,896.4138209895885,572.7283516427863,175.57640065141698,19.792613669938955,20,20,17,20,20,17,20
2025-06-09,1653.3156207635188,685.859698317489,681.9356196902098,20.87449042973058,1510.833985836447,702.596053544935,548.7982943285521,20.73204489087151,898.6404021689598,574.5989232227704,175.57363729970427,19.791158655960615,20,20,17,20,20,17,20
2025-06-16,1673.5218379935136,702.559144563175,681.9361038754679,20.87595388144662,1531.5481925321203,719.7878159373031,548.7983023993627,20.72875230104542,912.5311870577062,586.1556895931501,175.5748952355774,19.797104807454428,20,20,17,20,20,17,20
2025-06-23,1695.2624746382728,720.5194439752775,681.9363164843064,20.878142643354156,1586.207910163598,765.1289429941219,548.7978040560226,20.72270495480385,1003.888927902624,662.4408787798708,175.5769612478689,19.79326452875915,20,20,17,20,20,17,20
2025-06-30,1685.0950242147803,712.100636986729,681.9363351529954,20.87879001001727,1585.0691485831294,764.0973847904881,548.7971407414302,20.730882622954024,960.1418446352374,625.9180293624407,175.5735230763113,19.794381077847845,20,20,17,20,20,17,20
2025-07-07,1674.191611719631,703.0429689849302,681.9620766467913,20.879820402098776,1572.3450631198612,753.7701932323145,548.5587620766142,20.733325993422397,964.8659935254683,630.0481075697871,175.3877754661645,19.794264676732837,20,20,17,20,20,17,20
2025-07-14,1675.8012417843336,704.3578786930891,681.9618398423779,20.881295950596453,1589.2064635171278,767.7559634773294,548.5614196277671,20.73125250145264,973.3513298741432,637.0733670338985,175.39062203322646,19.802396533506638,20,20,17,20,20,17,20
2025-07-21,1673.8510449130843,702.7694527165153,681.961694624575,20.879135861654564,1590.416576041709,768.7681387633596,548.5623921259763,20.730260078919716,965.6827843600828,630.5923114994681,175.38812315696885,19.814668301684243,20,20,17,20,20,17,20
2025-07-28,1668.6332192425446,698.4353076883369,681.9603999336671,20.88078874984949,1587.525232569855,766.3470164059639,548.5604696596237,20.732846180683254,957.2435356095041,623.6239689868906,175.391104115433,19.802938371716714,20,20,17,20,20,17,20
2025-08-04,1669.7010496846112,699.3847624310393,681.9615844595615,20.87490247779597,1580.3658069955318,760.425234097844,548.5608539962187,20.732055242589254,961.9856457587845,627.8532066655043,175.1222842820639,19.802616219776873,20,20,17,20,20,17,20
2025-08-11,1663.8286089339654,694.4614051171566,681.9610571464536,20.88066378964044,1566.7769724354098,749.1431023562213,548.5599277336091,20.734631584157853,934.2781022504092,604.755713162056,175.12131535377864,19.79813074228016,20,20,17,20,20,17,20
2025-08-18,1656.5669275848065,688.4507498879972,681.9623755103418,20.88084219882899,1549.990374256195,735.2247342036997,548.5597056948427,20.736030604849123,917.60246497313,590.8575334896249,175.1192817143458,19.795070393714614,20,20,17,20,20,17,20
2025-08-25,1661.5383687172016,692.5534014063868,681.9624938690487,20.881713658484152,1549.58495002101,734.9052441877279,548.5588951216948,20.73457314162089,926.2640544838147,598.0265684530883,175.12064783676965,19.804357432563307,20,20,17,20,20,17,20
2025-09-01,1658.1981603273325,689.7505098943082,682.0088545618162,20.881125603598527,1543.7300433332632,729.8898395813127,548.7409889204563,20.73305358530446,924.9781579963266,596.8216070374244,175.26558169760665,19.802293250298366,20,20,17,20,20,17,20
2025-09-08,1668.0962640231655,697.8937180089924,682.0069423742127,20.88524282319909,1552.564014728386,737.1777793335698,548.7407099788254,20.735803056892916,942.7663292757788,611.7016459805521,175.2665186019749,19.797263943440456,20,20,17,20,20,17,20
2025-09-15,1674.0819231840046,702.8157604469503,682.0091986589313,20.887619202421316,1562.340950275944,745.2806537718105,548.7421851820362,20.73519131540359,936.6921139071599,606.6137569424272,175.2672058771384,19.79983634968229,20,20,17,20,20,17,20
2025-09-22,1674.8421764622408,703.4519028637808,682.0079069944393,20.887099325792388,1563.9433673853446,746.624058631286,548.7416325096657,20.733733962633448,943.9492568324612,612.6720054286454,175.26731038835533,19.79974065054698,20,20,17,20,20,17,20
2025-09-29,1673.553035169362,702.4170907384687,682.0092801189614,20.88422110399876,1567.7369543868226,749.793561814902,548.7391243500965,20.731420247639228,949.0929174854141,616.9288794553411,175.26680200587907,19.805363712005352,20,20,17,20,20,17,20
2025-10-06,1670.7965577528194,700.2180617488044,682.0086012213293,20.877176118322435,1565.5574217047417,748.0235165442989,548.740939609819,20.72797139642439,939.7689925161803,609.2367431560181,175.26708390378542,19.79151153899226,20,20,17,20,20,17,20
2025-10-13,1667.2827874703569,697.3121440906245,682.008601221329,20.877090635889516,1556.0993378127234,740.1796782817473,548.7409396098187,20.728873152654817,936.9645547738315,606.867975878951,175.26708390378553,19.7957492193361,20,20,17,20,20,17,20
2025-10-20,1656.6884063995806,688.5107755680722,682.008601221329,20.88033445251707,1533.946153267275,721.7217027283762,548.7409396098187,20.73917816616454,913.4082516938463,587.210127176217,174.2678422894279,19.95202597060241,20,20,18,20,20,18,20
2025-10-27,1662.4726091013008,693.411460536118,682.0086012213287,20.870173071132303,1550.4742724799441,735.5925530474723,548.7409396098184,20.722092925569303,934.376773313347,604.6462688101453,174.26271758559915,19.959685872543428,20,20,18,20,20,18,20
2025-11-03,1669.5025262412519,699.1631984037564,682.0085345467575,20.875810473965775,1573.5209900511586,754.6450272318951,548.7408875304703,20.725640213631152,964.390465092749,629.7278737199567,174.23869147142284,19.95405118161618,20,20,18,20,20,18,20
2025-11-10,1674.1570088664623,703.0300384981376,682.0087932334245,20.874373375759266,1598.4436514747727,775.3475005794024,548.7396275727195,20.720428247462763,981.9338101251362,644.313396828921,174.22997959550855,19.961120987189542,20,20,18,20,20,18,20
2025-11-17,1687.9025632794983,714.4204914481163,682.0085345467576,20.872778484174418,1612.9114215518425,787.2589740614491,548.7408875304703,20.726915317937785,988.8645681379783,650.2056624382642,174.22224809690874,19.945547148696384,20,20,18,20,20,18,20
2025-11-24,1690.0943191670092,716.3007213202134,681.8655417901243,20.87935203122791,1631.4241437464816,802.9967502438433,548.3541751034011,20.725424695089416,1015.784761458915,672.9662461199821,173.91640461098382,19.943980500977972,20,20,18,20,20,18,20
2025-12-01,1680.715035065354,708.0845393247397,682.2956994945249,20.881683164070772,1614.9446873360425,788.4843828494131,549.1058436670371,20.735383327517255,958.7549940946567,625.4033916013927,173.9323023178066,19.94397365064648,20,20,18,20,20,18,20
2025-12-08,1671.7635546370716,700.6473644682775,682.2955842776231,20.88449173937966,1592.7516129610026,770.0792623568136,549.1058436670369,20.737537566786788,935.7695385719228,606.1904322957605,173.94280028376215,19.949964889687667,20,20,18,20,20,18,20
2025-12-15,1658.1140622518437,689.3409613405333,682.295699494525,20.88580814414633,1571.4385353057908,752.4078338881327,549.1059687626177,20.739290824676115,929.8827755192768,601.3653361532735,173.94724354572895,19.93650043448061,20,20,18,20,20,18,20
2025-12-22,1640.2777728053975,674.4199651214204,682.4152686754277,20.88997484354741,1543.5634665735988,728.9879884670072,549.3744856751582,20.745367436524155,911.2411218317706,585.5510075757526,174.1898528011062,19.94104428972822,20,20,18,20,20,18,20
2025-12-29,1639.23910969896,673.66534347496,682.4151534585259,20.880664046550535,1545.9544886765466,731.0768020008778,549.3744856751576,20.735127025596423,914.5594150571455,588.2919344475201,174.19619368618908,19.944085856871112,20,20,18,20,20,18,20
2026-01-05,1655.210889332916,688.7676848526743,680.4676711404753,20.885783593598436,1568.8617950364592,740.9678144689954,558.3943156456353,20.740920385147213,930.5791595407345,590.1843526699532,185.05569643443005,20.037549739053215,21,21,18,21,21,18,21
2026-01-12,1653.041928110988,686.7419527116093,680.8678841596901,20.870871468186838,1577.5000494994201,747.9631391008393,558.6469850155913,20.732268974739014,918.3165248666072,579.2476751181271,185.73976364698,20.043346901096054,21,21,18,21,21,18,21
2026-01-19,1662.5155117824581,694.4498699799858,680.8680154998981,20.882272333887652,1588.8306913610256,757.2857869461618,558.6466983923281,20.738009667140307,941.3724280713085,598.4551165237991,185.7303672313609,20.04461285912118,21,21,18,21,21,18,21
2026-01-26,1665.3425039135532,696.7922316461068,680.8688778675571,20.881869453471428,1599.1986907449239,789.3387949030015,535.178321043236,20.738242752148466,960.8029722570103,613.9673957184191,186.3581703747061,20.051515653469952,21,21,18,21,21,18,21
2026-02-02,1672.7713602173424,702.9239617425151,680.8426505092843,20.885367908627753,1611.5539367137692,795.8394499669257,538.9138942544205,20.737958341951167,961.7735995383114,615.5126640188503,185.61469563371975,20.052521980451374,21,21,18,21,21,18,21
2026-02-09,1673.9861290555214,704.0086410965671,680.842870243911,20.87838409730824,1614.8067616346052,778.8378792704139,558.604877364389,20.738383278375952,966.0888461076306,617.7866860581174,186.96542180781694,20.04800443077232,21,21,18,21,21,18,21
2026-02-16,1682.3014099360196,710.8193523793578,680.8433204328184,20.88428056610447,1618.5271220901109,781.8564712230855,558.6048135656138,20.744040910159065,950.0823372878631,604.4052155517127,186.9649364094048,20.055366623752022,21,21,18,21,21,18,21
2026-02-23,1686.230974145598,714.2179965811738,680.8436758491559,20.87142865935266,1620.687361690579,783.7597393289172,558.6059349751552,20.733671362000376,975.582712998289,625.6451921146904,186.96250777500154,20.05580468050208,21,21,18,21,21,18,21
2026-03-02,1719.955342136824,742.1521611792379,680.8437789491999,20.868605006812814,1661.815028872277,817.9149675852318,558.6059477218655,20.72573764718508,1009.0945866371586,654.1387238022267,186.9159517774907,19.979665524315127,21,21,18,21,21,18,21
2026-03-09,1832.5047278947395,835.7392895640552,680.8436471601877,20.83115822553528,1892.9304849229288,1011.121134617568,557.529583010635,20.672528540007693,1250.9735396530539,855.6351876928856,186.7437811353292,20.011394805799842,21,21,18,21,21,18,21
2026-03-16,1890.2967351767113,884.283080166177,679.9037521526171,20.848526283428864,1981.9112889979292,1085.813878898311,556.0618038059758,20.710192000260292,1309.1913778774765,903.9397129178659,186.22463015685491,20.09119415747972,21,21,18,21,21,18,21
2026-03-23,1931.984711786373,967.2672445671736,651.1273666139949,19.376615470582532,2078.483401350305,1207.3435456902926,540.937828824198,18.88723586771115,1395.5412378652793,978.0554484297902,189.0871567214383,19.56904252368175,21,21,18,21,21,18,21
2026-03-30,1907.6938378599423,974.3105546349252,622.0829683130685,19.50022412625948,2090.282212354372,1245.3102307491235,511.2051467284839,19.001646051972543,1376.2612679448584,969.2828538970857,181.12397162240336,19.63257148821074,21,21,18,21,21,18,21
2026-04-06,1945.947462900365,1008.5222555447565,619.7810824550431,19.50767510498125,2158.2529639185195,1304.6941809135005,508.98134545063135,18.99884695721515,1575.328898898645,1136.1486824950528,181.01895775879098,19.5997267739624,21,21,18,21,21,18,21
2026-04-13,1915.4312889665782,982.8625460397387,619.7812218792429,19.516971101678333,2154.2233466307835,1302.1480400966798,508.63198544763645,18.96659540317322,1466.7120776797524,1045.9102253933543,180.9751569267421,19.547603942116652,21,21,18,21,21,18,21
2026-04-20,1887.4682709377553,959.3051594370871,619.7814853593021,19.52911369097984,2067.039967424813,1228.7551751612802,508.49757626028463,18.983260537845663,1388.6325938965767,980.5061769149831,181.01081135641584,19.553360641171274,21,21,18,21,21,18,21
2026-04-27,1896.4979433395613,966.7314229648284,619.7817013824842,19.5387491118156,2030.096480779862,1196.9951350548185,508.75145939541835,19.015127298798067,1345.2770772838605,943.8256218151292,181.06497783543102,19.591814324145112,21,21,18,21,21,18,21
2026-05-04,1909.03492484478,984.5143764631879,612.1810994204371,19.561616706423223,2016.2309122227186,1214.5620346316737,479.57050551004795,19.012583989092835,1460.6575386703234,1034.1521349295374,188.90989523298686,19.426284411447774,21,21,17,21,21,17,21
2026-05-11,1930.3757833450643,1002.4157734608938,611.7202861391366,19.591887676643275,1974.4731925180706,1179.0710745858087,480.0138933380781,19.009769281970428,1395.9364108880159,980.5545068379566,188.90988581456952,19.36544794851051,21,21,17,21,21,17,21
2026-05-18,1938.4002040028004,1009.3525467848006,611.6346434807019,19.581463422009442,1947.3789078322595,1155.6413617884177,480.7244183520779,19.006332903457608,1391.1127598874184,975.7543158313982,189.44313953425637,19.38858546947894,21,21,17,21,21,17,21
2026-05-25,1950.878227494715,1019.7513900302266,611.553335137803,19.590055579209373,1943.2341985081216,1136.6257016664802,496.15650056679806,19.013680811207713,1341.156393471052,933.7180222152446,189.4431035537508,19.409082339170325,21,21,17,21,21,17,21
2026-06-01,1905.0594869964277,981.1498186370138,611.8709420010205,19.587863138294335,1895.419298924815,1095.5916410815107,496.84642732589396,19.026248902754592,1297.3299979708984,897.3404389056208,189.44317858952274,19.373348759252497,21,21,17,21,21,17,21
2026-06-08,1875.3721507389243,956.2471655709069,611.9826899060918,19.58528554913299,1872.3950106764423,1068.502171533634,504.5249600910636,19.031323302258837,1320.4862476191129,916.355710402214,189.54505121015552,19.40368371696248,21,21,17,21,21,17,21
2026-06-15,1856.5018864645951,940.2938841507357,612.0004895943769,19.597282439769625,1847.7565223994086,1047.3284670360408,504.7677948651517,19.04909300767569,1252.0301872118325,858.9505896821116,189.54451506333214,19.4121156641741,21,21,17,21,21,17,21
2026-06-22,1814.7626223794368,904.9090896694481,612.4376199520248,19.601051682654603,1774.4711846953057,984.5404044547905,506.0450893675876,19.04524712265557,1184.2300021277986,802.3586032269761,189.5449340836708,19.38963392938463,21,21,17,21,21,17,21
2026-06-29,1806.644451290449,899.0306268809804,611.5422332895034,19.599954356822657,1757.580438364051,972.4954098322046,503.826798682147,19.051276762457846,1188.0350436241765,805.3934068979966,189.54480938756615,19.407921434509674,21,21,17,21,21,17,21
2026-07-06,1864.3517351121357,889.0752310222646,653.4105581655487,20.86670413306037,1800.3101142767837,964.2350527063795,526.9390005880823,20.73105150262943,1212.895403510243,810.3128135216301,201.35045244641412,19.891217197615948,21,21,17,21,21,17,21
2026-07-13,1905.7064459226394,921.8501141376129,654.8959438354728,20.86324467317418,1864.6791281929861,1017.494620543267,527.1349868073214,20.720146714742803,1292.8805904230783,887.7023863896027,190.50182627411732,19.91054897003204,21,21,17,21,21,17,21
2026-07-20,1958.9314937100864,966.3907189188044,654.6142013950064,20.846733354199603,1967.169708975376,1103.264295799293,526.4691770351628,20.70499512745763,1395.6673760791923,973.4453767491925,190.50158406559967,19.908159311846138,21,21,17,21,21,17,21
2026-07-27,1991.9399576960163,993.7808317726692,654.3934984319565,20.857358423287135,2047.9930250684884,1170.5250003111562,526.0204841059699,20.715480008018016,1430.3865995056824,1002.0056264600078,190.50199837357536,19.947794858359565,21,21,17,21,21,17,21
2026-08-03,2001.9678529826535,1000.1606784388848,656.1691058225294,20.867708351653228,2076.720310353706,1214.3863228001976,505.94798627404543,20.716089855305125,1422.091162126409,995.0074597825709,190.50462755965157,19.955855137214897,21,21,17,21,21,17,21
2026-08-10,1973.220389765473,971.0773454716497,661.3860753059265,20.873788940740088,2049.22861177225,1185.864628482806,511.53691958671516,20.727391470973195,1399.60655767903,977.3292953659019,189.95362586441672,19.902941456887046,21,21,17,21,21,17,21
