fit_key,candidate_id,model_id,block,mode,frequency,missing_data_method,score_variable,is_baseline,status,error,candidate__lambda1,candidate__lambda2,origin,horizon,realized_date,actual,crps,log_score,predictive_sd,predictive_mean,predictive_median,error_mean,abs_error_mean,sq_error_mean,spectral_radius_median,instability_rejection_rate,retained_draws
ac925fe228abb0d0d557de06d10054d2959fbf165a5bf60f8882c1e95b0553d3,97c24c4110264baad6aef961b094559b50e64d61123908e7e8beb47e4835ab0c,gas,minnesota,screen,monthly,linear,gas_pre_tax,False,ok,,0.1,0.25,2025-07-01,1,2025-08-01,79.12480579972177,0.5714751477918076,-1.5350713649788812,8.338961594251046,80.73946037129843,79.9467198045542,1.614654571576665,1.614654571576665,2.6071093855134233,0.75715947897753,0.0,600
ac925fe228abb0d0d557de06d10054d2959fbf165a5bf60f8882c1e95b0553d3,97c24c4110264baad6aef961b094559b50e64d61123908e7e8beb47e4835ab0c,gas,minnesota,screen,monthly,linear,gas_pre_tax,False,ok,,0.1,0.25,2025-07-01,3,2025-10-01,77.3699546975646,1.5987759959329373,-2.5308450120113095,11.475500750251781,80.80397354009664,79.85411679726342,3.4340188425320406,3.4340188425320406,11.792485410865096,0.75715947897753,0.0,600
ac925fe228abb0d0d557de06d10054d2959fbf165a5bf60f8882c1e95b0553d3,97c24c4110264baad6aef961b094559b50e64d61123908e7e8beb47e4835ab0c,gas,minnesota,screen,monthly,linear,gas_pre_tax,False,ok,,0.1,0.25,2025-07-01,6,2026-01-01,76.82534573482619,2.28634591663831,-2.975685794352445,16.8498199183441,80.79529493445077,79.91886551308903,3.9699491996245797,3.9699491996245797,15.76049664759984,0.75715947897753,0.0,600
7e9f4af0cb963584fb3781806a45ae42fb0ff48e130cfcb8798e515a7f2536d7,97c24c4110264baad6aef961b094559b50e64d61123908e7e8beb47e4835ab0c,gas,minnesota,screen,monthly,linear,gas_pre_tax,False,ok,,0.1,0.25,2025-08-01,1,2025-09-01,78.49951402768875,0.4481516114043915,-1.34753380350576,4.928618436129071,79.38811263425725,79.0059250359808,0.8885986065685074,0.8885986065685074,0.789607483595493,0.7580557394785765,0.0,600
7e9f4af0cb963584fb3781806a45ae42fb0ff48e130cfcb8798e515a7f2536d7,97c24c4110264baad6aef961b094559b50e64d61123908e7e8beb47e4835ab0c,gas,minnesota,screen,monthly,linear,gas_pre_tax,False,ok,,0.1,0.25,2025-08-01,3,2025-11-01,77.1985037278136,1.3165139556126624,-2.387281432367988,11.95313454330467,79.8443745978397,78.89813590914892,2.6458708700261013,2.6458708700261013,7.000632660852679,0.7580557394785765,0.0,600
7e9f4af0cb963584fb3781806a45ae42fb0ff48e130cfcb8798e515a7f2536d7,97c24c4110264baad6aef961b094559b50e64d61123908e7e8beb47e4835ab0c,gas,minnesota,screen,monthly,linear,gas_pre_tax,False,ok,,0.1,0.25,2025-08-01,6,2026-02-01,77.34978399524095,1.9391789798068801,-2.8077958100217133,17.120946937649087,79.35939622022285,78.42148347260945,2.0096122249818933,2.0096122249818933,4.0385412947966755,0.7580557394785765,0.0,600
036cc760054b606d68458588b0e5bdd44f871413a72b58a3891a2682daaa6ce9,97c24c4110264baad6aef961b094559b50e64d61123908e7e8beb47e4835ab0c,gas,minnesota,screen,monthly,linear,gas_pre_tax,False,ok,,0.1,0.25,2025-09-01,1,2025-10-01,77.3699546975646,0.4424183650937452,-1.2952971462415794,4.510047179478269,77.62645078953912,78.04085620964108,0.25649609197452605,0.25649609197452605,0.06579024519820453,0.7651758087531453,0.0,600
036cc760054b606d68458588b0e5bdd44f871413a72b58a3891a2682daaa6ce9,97c24c4110264baad6aef961b094559b50e64d61123908e7e8beb47e4835ab0c,gas,minnesota,screen,monthly,linear,gas_pre_tax,False,ok,,0.1,0.25,2025-09-01,3,2025-12-01,77.44055215569736,0.6628262433808692,-1.7964173572682531,8.859331343107554,77.54722149107253,77.80504224179109,0.10666933537517309,0.10666933537517309,0.011378347109381154,0.7651758087531453,0.0,600
036cc760054b606d68458588b0e5bdd44f871413a72b58a3891a2682daaa6ce9,97c24c4110264baad6aef961b094559b50e64d61123908e7e8beb47e4835ab0c,gas,minnesota,screen,monthly,linear,gas_pre_tax,False,ok,,0.1,0.25,2025-09-01,6,2026-03-01,79.38702492992914,1.6636433455697484,-2.5583415164448096,17.625331210593625,77.21644424904025,77.28363236338946,-2.1705806808888894,2.1705806808888894,4.711420492248075,0.7651758087531453,0.0,600
131badc68e358b8f5bf1e6cd3ae90c44c336d45fcf563b4fac4d937c21729531,97c24c4110264baad6aef961b094559b50e64d61123908e7e8beb47e4835ab0c,gas,minnesota,screen,monthly,linear,gas_pre_tax,False,ok,,0.1,0.25,2025-10-01,1,2025-11-01,77.1985037278136,0.28723190901874607,-0.9711755051967188,4.295193713814894,76.83430952107611,77.05531320131075,-0.36419420673749414,0.36419420673749414,0.13263742022115263,0.7605665544279387,0.0,600
131badc68e358b8f5bf1e6cd3ae90c44c336d45fcf563b4fac4d937c21729531,97c24c4110264baad6aef961b094559b50e64d61123908e7e8beb47e4835ab0c,gas,minnesota,screen,monthly,linear,gas_pre_tax,False,ok,,0.1,0.25,2025-10-01,3,2026-01-01,76.82534573482619,0.702180640375377,-1.8561994858060906,8.519254457256395,76.21038422788394,76.8786267299485,-0.6149615069422509,0.6149615069422509,0.3781776550206841,0.7605665544279387,0.0,600
131badc68e358b8f5bf1e6cd3ae90c44c336d45fcf563b4fac4d937c21729531,97c24c4110264baad6aef961b094559b50e64d61123908e7e8beb47e4835ab0c,gas,minnesota,screen,monthly,linear,gas_pre_tax,False,ok,,0.1,0.25,2025-10-01,6,2026-04-01,82.84630037843436,3.963581534211378,-3.766704609704548,14.4417377062112,76.04153604309998,76.81316341408564,-6.804764335334383,6.804764335334383,46.30481765943879,0.7605665544279387,0.0,600
40e8869fbf1916726966956773561893e5451b613dbd6c1f9f15d7ba05076211,97c24c4110264baad6aef961b094559b50e64d61123908e7e8beb47e4835ab0c,gas,minnesota,screen,monthly,linear,gas_pre_tax,False,ok,,0.1,0.25,2025-11-01,1,2025-12-01,77.44055215569736,0.35716004373134436,-1.0648489632600189,2.040186840853369,76.89538113609974,76.91961198956099,-0.5451710195976176,0.5451710195976176,0.297211440609106,0.7625156819898777,0.0,600
40e8869fbf1916726966956773561893e5451b613dbd6c1f9f15d7ba05076211,97c24c4110264baad6aef961b094559b50e64d61123908e7e8beb47e4835ab0c,gas,minnesota,screen,monthly,linear,gas_pre_tax,False,ok,,0.1,0.25,2025-11-01,3,2026-02-01,77.34978399524095,0.696680118346857,-1.8326745418484318,4.267941842259659,76.78146144823698,76.46913668409061,-0.568322547003973,0.568322547003973,0.3229905174330831,0.7625156819898777,0.0,600
40e8869fbf1916726966956773561893e5451b613dbd6c1f9f15d7ba05076211,97c24c4110264baad6aef961b094559b50e64d61123908e7e8beb47e4835ab0c,gas,minnesota,screen,monthly,linear,gas_pre_tax,False,ok,,0.1,0.25,2025-11-01,6,2026-05-01,84.42970051084055,5.360674465945314,-4.13906969518105,8.44731870019712,76.98328178265821,76.59774404165927,-7.446418728182337,7.446418728182337,55.449151875424654,0.7625156819898777,0.0,600
befdaf7c0aed76c32e2047f27c48aa051412fe31ba61e194d8996eb49e428fda,97c24c4110264baad6aef961b094559b50e64d61123908e7e8beb47e4835ab0c,gas,minnesota,screen,monthly,linear,gas_pre_tax,False,ok,,0.1,0.25,2025-12-01,1,2026-01-01,76.82534573482619,0.2977346028670591,-0.9421968863277188,1.7444995981123477,77.27840050129068,77.30351669830846,0.45305476646448994,0.45305476646448994,0.20525862141619353,0.7656003737510353,0.0,600
befdaf7c0aed76c32e2047f27c48aa051412fe31ba61e194d8996eb49e428fda,97c24c4110264baad6aef961b094559b50e64d61123908e7e8beb47e4835ab0c,gas,minnesota,screen,monthly,linear,gas_pre_tax,False,ok,,0.1,0.25,2025-12-01,3,2026-03-01,79.38702492992914,1.3848096687129092,-2.4522858743760247,5.682726006180286,77.0733950104736,77.2037484487739,-2.3136299194555363,2.3136299194555363,5.352883404199831,0.7656003737510353,0.0,600
befdaf7c0aed76c32e2047f27c48aa051412fe31ba61e194d8996eb49e428fda,97c24c4110264baad6aef961b094559b50e64d61123908e7e8beb47e4835ab0c,gas,minnesota,screen,monthly,linear,gas_pre_tax,False,ok,,0.1,0.25,2025-12-01,6,2026-06-01,84.631407534077,4.736454961684384,-4.1189277712864865,9.960140209030856,77.78655225436344,77.37446775385595,-6.844855279713556,6.844855279713556,46.852043800222546,0.7656003737510353,0.0,600
2036ca9250fd94abfa137689922edfc26faa7f2359a9806492c4f794173c6005,c861fec472571bb699f5490a27a4f975e3c1746a4a80b7d7e4a1b8fb0b7cd6a9,gas,minnesota,screen,monthly,linear,gas_pre_tax,False,ok,,0.1,0.5,2025-07-01,1,2025-08-01,79.12480579972177,0.5242210568007488,-1.4101784962774246,4.720510914850121,80.09883301484547,79.93983172967609,0.9740272151236979,0.9740272151236979,0.9487290158016265,0.7549299546937249,0.0,600
2036ca9250fd94abfa137689922edfc26faa7f2359a9806492c4f794173c6005,c861fec472571bb699f5490a27a4f975e3c1746a4a80b7d7e4a1b8fb0b7cd6a9,gas,minnesota,screen,monthly,linear,gas_pre_tax,False,ok,,0.1,0.5,2025-07-01,3,2025-10-01,77.3699546975646,1.776704070722988,-2.584607351289305,9.54735021397054,81.06428689997209,79.99771117076838,3.6943322024074945,3.6943322024074945,13.648090421745009,0.7549299546937249,0.0,600
2036ca9250fd94abfa137689922edfc26faa7f2359a9806492c4f794173c6005,c861fec472571bb699f5490a27a4f975e3c1746a4a80b7d7e4a1b8fb0b7cd6a9,gas,minnesota,screen,monthly,linear,gas_pre_tax,False,ok,,0.1,0.5,2025-07-01,6,2026-01-01,76.82534573482619,2.5848400357469457,-2.940546691302684,14.251457366160798,81.34737374368734,80.23893215350952,4.522028008861156,4.522028008861156,20.44873731292479,0.7549299546937249,0.0,600
bd6bdfedc72c2e8ba22bb366b268721929cc44fbe45badb8a419ff84a85cd42d,c861fec472571bb699f5490a27a4f975e3c1746a4a80b7d7e4a1b8fb0b7cd6a9,gas,minnesota,screen,monthly,linear,gas_pre_tax,False,ok,,0.1,0.5,2025-08-01,1,2025-09-01,78.49951402768875,0.3648261900728824,-1.1637697002888912,4.9163498686310065,79.28448166897938,78.89191445331204,0.7849676412906348,0.7849676412906348,0.6161741978733827,0.7525760019578044,0.0,600
bd6bdfedc72c2e8ba22bb366b268721929cc44fbe45badb8a419ff84a85cd42d,c861fec472571bb699f5490a27a4f975e3c1746a4a80b7d7e4a1b8fb0b7cd6a9,gas,minnesota,screen,monthly,linear,gas_pre_tax,False,ok,,0.1,0.5,2025-08-01,3,2025-11-01,77.1985037278136,0.9997876562976518,-2.092398536858105,8.633879940411624,78.53205490051074,78.34290759563915,1.3335511726971419,1.3335511726971419,1.7783587302019221,0.7525760019578044,0.0,600
bd6bdfedc72c2e8ba22bb366b268721929cc44fbe45badb8a419ff84a85cd42d,c861fec472571bb699f5490a27a4f975e3c1746a4a80b7d7e4a1b8fb0b7cd6a9,gas,minnesota,screen,monthly,linear,gas_pre_tax,False,ok,,0.1,0.5,2025-08-01,6,2026-02-01,77.34978399524095,1.4461167162002173,-2.51211964426779,12.910015405613086,77.30760168754641,77.83794777824407,-0.042182307694545784,0.042182307694545784,0.0017793470824373364,0.7525760019578044,0.0,600
815ef3b42fc3be62eaaf43af1f59b7f1a61f13a9e4a8bfa27e71cae2e750349e,c861fec472571bb699f5490a27a4f975e3c1746a4a80b7d7e4a1b8fb0b7cd6a9,gas,minnesota,screen,monthly,linear,gas_pre_tax,False,ok,,0.1,0.5,2025-09-01,1,2025-10-01,77.3699546975646,0.5391087556234533,-1.3618958430373942,4.004182255529718,78.74160003108052,78.21181409724566,1.3716453335159287,1.3716453335159287,1.8814109209560232,0.7608211152510624,0.0,600
815ef3b42fc3be62eaaf43af1f59b7f1a61f13a9e4a8bfa27e71cae2e750349e,c861fec472571bb699f5490a27a4f975e3c1746a4a80b7d7e4a1b8fb0b7cd6a9,gas,minnesota,screen,monthly,linear,gas_pre_tax,False,ok,,0.1,0.5,2025-09-01,3,2025-12-01,77.44055215569736,0.7067679546321046,-1.840015491920541,7.26820584106629,78.76545212134896,77.9576942373935,1.3248999656515963,1.3248999656515963,1.755359918983601,0.7608211152510624,0.0,600
815ef3b42fc3be62eaaf43af1f59b7f1a61f13a9e4a8bfa27e71cae2e750349e,c861fec472571bb699f5490a27a4f975e3c1746a4a80b7d7e4a1b8fb0b7cd6a9,gas,minnesota,screen,monthly,linear,gas_pre_tax,False,ok,,0.1,0.5,2025-09-01,6,2026-03-01,79.38702492992914,1.5837549563022488,-2.6592184140625976,11.266881048447452,78.60391752918449,77.36746986887749,-0.7831074007446546,0.7831074007446546,0.613257201101049,0.7608211152510624,0.0,600
c58cb5abebda4da4f956233374d69d07eccdc43af790fe2056c283db0b0a8f5a,c861fec472571bb699f5490a27a4f975e3c1746a4a80b7d7e4a1b8fb0b7cd6a9,gas,minnesota,screen,monthly,linear,gas_pre_tax,False,ok,,0.1,0.5,2025-10-01,1,2025-11-01,77.1985037278136,0.2905481748545924,-1.0781781026334496,2.6113419364146053,77.07645846332316,77.11013638681521,-0.1220452644904384,0.1220452644904384,0.014895046584541063,0.7537186450901382,0.0,600
c58cb5abebda4da4f956233374d69d07eccdc43af790fe2056c283db0b0a8f5a,c861fec472571bb699f5490a27a4f975e3c1746a4a80b7d7e4a1b8fb0b7cd6a9,gas,minnesota,screen,monthly,linear,gas_pre_tax,False,ok,,0.1,0.5,2025-10-01,3,2026-01-01,76.82534573482619,0.7081180327314263,-1.8197894031631359,8.344939011919212,77.26478345189315,76.80460462894766,0.43943771706696566,0.43943771706696566,0.19310550718102656,0.7537186450901382,0.0,600
c58cb5abebda4da4f956233374d69d07eccdc43af790fe2056c283db0b0a8f5a,c861fec472571bb699f5490a27a4f975e3c1746a4a80b7d7e4a1b8fb0b7cd6a9,gas,minnesota,screen,monthly,linear,gas_pre_tax,False,ok,,0.1,0.5,2025-10-01,6,2026-04-01,82.84630037843436,4.2044094749040815,-3.8344900738368324,14.23406186917867,76.09481355616501,76.9225738555046,-6.7514868222693565,6.7514868222693565,45.58257431127677,0.7537186450901382,0.0,600
30a4116e2aa587c3ee44b1ec1a1a91eaa8d849391fad308c3e8a7d4964f53e3a,c861fec472571bb699f5490a27a4f975e3c1746a4a80b7d7e4a1b8fb0b7cd6a9,gas,minnesota,screen,monthly,linear,gas_pre_tax,False,ok,,0.1,0.5,2025-11-01,1,2025-12-01,77.44055215569736,0.3617113634073199,-1.1302796738520424,4.233544180122995,77.12801138354341,76.89066334851782,-0.3125407721539517,0.3125407721539517,0.09768173425858835,0.753712062416889,0.0,600
30a4116e2aa587c3ee44b1ec1a1a91eaa8d849391fad308c3e8a7d4964f53e3a,c861fec472571bb699f5490a27a4f975e3c1746a4a80b7d7e4a1b8fb0b7cd6a9,gas,minnesota,screen,monthly,linear,gas_pre_tax,False,ok,,0.1,0.5,2025-11-01,3,2026-02-01,77.34978399524095,0.6271513030913956,-1.701152937557385,6.806047206230184,77.35061571759846,76.8687773870442,0.000831722357503395,0.000831722357503395,6.917620799710052e-07,0.753712062416889,0.0,600
30a4116e2aa587c3ee44b1ec1a1a91eaa8d849391fad308c3e8a7d4964f53e3a,c861fec472571bb699f5490a27a4f975e3c1746a4a80b7d7e4a1b8fb0b7cd6a9,gas,minnesota,screen,monthly,linear,gas_pre_tax,False,ok,,0.1,0.5,2025-11-01,6,2026-05-01,84.42970051084055,4.851674322668017,-3.980430281271464,11.308073598495158,77.8962329520498,77.15331326647738,-6.533467558790747,6.533467558790747,42.686198341771124,0.753712062416889,0.0,600
023f459beccc6e044821b5321721266d54fe4808e27338416cfc80a5ebbe3bc8,c861fec472571bb699f5490a27a4f975e3c1746a4a80b7d7e4a1b8fb0b7cd6a9,gas,minnesota,screen,monthly,linear,gas_pre_tax,False,ok,,0.1,0.5,2025-12-01,1,2026-01-01,76.82534573482619,0.3682807145185225,-1.1137714098133547,5.5599261495994154,77.02011449372027,77.36343599505767,0.19476875889408518,0.19476875889408518,0.037934869441142285,0.7596755650690354,0.0,600
023f459beccc6e044821b5321721266d54fe4808e27338416cfc80a5ebbe3bc8,c861fec472571bb699f5490a27a4f975e3c1746a4a80b7d7e4a1b8fb0b7cd6a9,gas,minnesota,screen,monthly,linear,gas_pre_tax,False,ok,,0.1,0.5,2025-12-01,3,2026-03-01,79.38702492992914,1.4571347575699969,-2.415854178734106,9.12945233392056,76.45008491549626,77.2048181550098,-2.936940014432878,2.936940014432878,8.625616648376994,0.7596755650690354,0.0,600
023f459beccc6e044821b5321721266d54fe4808e27338416cfc80a5ebbe3bc8,c861fec472571bb699f5490a27a4f975e3c1746a4a80b7d7e4a1b8fb0b7cd6a9,gas,minnesota,screen,monthly,linear,gas_pre_tax,False,ok,,0.1,0.5,2025-12-01,6,2026-06-01,84.631407534077,5.2578730438167405,-4.156227994366095,12.810046591907664,76.28627413109574,77.24266619364505,-8.345133402981261,8.345133402981261,69.64125151355361,0.7596755650690354,0.0,600
80200505108d67935b8cb27ef9667268d381be49ca24dc454413c59cfde7de31,7d7fa615e99da34b262233964695615aed3d767908a01bb89f0095d0e0d21fb8,gas,minnesota,screen,monthly,linear,gas_pre_tax,False,ok,,0.1,0.75,2025-07-01,1,2025-08-01,79.12480579972177,0.5452136291199241,-1.4611735879255647,4.900293276079417,80.40507912849132,80.01943466510644,1.2802733287695531,1.2802733287695531,1.6390997963586722,0.7575118213022746,0.0,600
80200505108d67935b8cb27ef9667268d381be49ca24dc454413c59cfde7de31,7d7fa615e99da34b262233964695615aed3d767908a01bb89f0095d0e0d21fb8,gas,minnesota,screen,monthly,linear,gas_pre_tax,False,ok,,0.1,0.75,2025-07-01,3,2025-10-01,77.3699546975646,1.9006298557644503,-2.692221462037068,9.045856886340989,81.6927527169312,80.20526687027149,4.322798019366601,4.322798019366601,18.686582716239812,0.7575118213022746,0.0,600
80200505108d67935b8cb27ef9667268d381be49ca24dc454413c59cfde7de31,7d7fa615e99da34b262233964695615aed3d767908a01bb89f0095d0e0d21fb8,gas,minnesota,screen,monthly,linear,gas_pre_tax,False,ok,,0.1,0.75,2025-07-01,6,2026-01-01,76.82534573482619,2.702556392002861,-2.8977706362117788,13.889450507892011,82.69995061697992,80.4605257423178,5.874604882153733,5.874604882153733,34.510982521424474,0.7575118213022746,0.0,600
66c32af204b8dc79edb60d7457ec3732ec59dba7e1a32fa460133ec1c940f9d1,7d7fa615e99da34b262233964695615aed3d767908a01bb89f0095d0e0d21fb8,gas,minnesota,screen,monthly,linear,gas_pre_tax,False,ok,,0.1,0.75,2025-08-01,1,2025-09-01,78.49951402768875,0.33178296625663584,-1.12746902331323,3.452980602705018,79.13295838019957,78.95579221852003,0.6334443525108213,0.6334443525108213,0.40125174772785366,0.755962593464248,0.0,600
66c32af204b8dc79edb60d7457ec3732ec59dba7e1a32fa460133ec1c940f9d1,7d7fa615e99da34b262233964695615aed3d767908a01bb89f0095d0e0d21fb8,gas,minnesota,screen,monthly,linear,gas_pre_tax,False,ok,,0.1,0.75,2025-08-01,3,2025-11-01,77.1985037278136,1.0693682702613398,-2.153837127502445,6.7392297742844525,79.1097602554879,78.81741282740869,1.911256527674297,1.911256527674297,3.6529015145776107,0.755962593464248,0.0,600
66c32af204b8dc79edb60d7457ec3732ec59dba7e1a32fa460133ec1c940f9d1,7d7fa615e99da34b262233964695615aed3d767908a01bb89f0095d0e0d21fb8,gas,minnesota,screen,monthly,linear,gas_pre_tax,False,ok,,0.1,0.75,2025-08-01,6,2026-02-01,77.34978399524095,1.4691883811041961,-2.5895563231325363,12.26673432734411,79.11172772864404,78.6805784225153,1.7619437334030863,1.7619437334030863,3.104445719678406,0.755962593464248,0.0,600
fa57f1deacb39211b749e005366f324abfd315d41f5de3795652bcc2cbb2a836,7d7fa615e99da34b262233964695615aed3d767908a01bb89f0095d0e0d21fb8,gas,minnesota,screen,monthly,linear,gas_pre_tax,False,ok,,0.1,0.75,2025-09-01,1,2025-10-01,77.3699546975646,0.5416472943693891,-1.3942296940079153,3.7120813289555277,78.25068130301626,78.20938884582057,0.8807266054516703,0.8807266054516703,0.7756793535504221,0.763563004429115,0.0,600
fa57f1deacb39211b749e005366f324abfd315d41f5de3795652bcc2cbb2a836,7d7fa615e99da34b262233964695615aed3d767908a01bb89f0095d0e0d21fb8,gas,minnesota,screen,monthly,linear,gas_pre_tax,False,ok,,0.1,0.75,2025-09-01,3,2025-12-01,77.44055215569736,0.7118284288858305,-1.8752362576695134,7.3262196742571515,77.8558891310989,78.08053182193856,0.41533697540154435,0.41533697540154435,0.17250480313570304,0.763563004429115,0.0,600
fa57f1deacb39211b749e005366f324abfd315d41f5de3795652bcc2cbb2a836,7d7fa615e99da34b262233964695615aed3d767908a01bb89f0095d0e0d21fb8,gas,minnesota,screen,monthly,linear,gas_pre_tax,False,ok,,0.1,0.75,2025-09-01,6,2026-03-01,79.38702492992914,1.7151072141314563,-2.695744318298245,11.73512747953805,77.5282704736549,77.4035520376274,-1.8587544562742409,1.8587544562742409,3.4549681287193486,0.763563004429115,0.0,600
749d5250cf7066feae9cd1c7eb6d7e33670fa9950c679d9d06156d231c5b8f5a,7d7fa615e99da34b262233964695615aed3d767908a01bb89f0095d0e0d21fb8,gas,minnesota,screen,monthly,linear,gas_pre_tax,False,ok,,0.1,0.75,2025-10-01,1,2025-11-01,77.1985037278136,0.25862603361926984,-0.9786577474337399,3.4177381613785953,77.07808509744153,77.09614270291024,-0.12041863037207179,0.12041863037207179,0.01450064654068565,0.7594576951149383,0.0,600
749d5250cf7066feae9cd1c7eb6d7e33670fa9950c679d9d06156d231c5b8f5a,7d7fa615e99da34b262233964695615aed3d767908a01bb89f0095d0e0d21fb8,gas,minnesota,screen,monthly,linear,gas_pre_tax,False,ok,,0.1,0.75,2025-10-01,3,2026-01-01,76.82534573482619,0.6682128310143716,-1.7263872428213625,7.562765700247889,76.91856579210439,76.73232849033855,0.09322005727820226,0.09322005727820226,0.008689979078951311,0.7594576951149383,0.0,600
749d5250cf7066feae9cd1c7eb6d7e33670fa9950c679d9d06156d231c5b8f5a,7d7fa615e99da34b262233964695615aed3d767908a01bb89f0095d0e0d21fb8,gas,minnesota,screen,monthly,linear,gas_pre_tax,False,ok,,0.1,0.75,2025-10-01,6,2026-04-01,82.84630037843436,3.898537849811344,-3.7584851841802926,12.206875684347851,76.6211971359342,77.11384724856464,-6.225103242500168,6.225103242500168,38.75191037978611,0.7594576951149383,0.0,600
580bede8dcd44ce6015707890971f9cc40d04f9f18678baea0d289226d0499c6,7d7fa615e99da34b262233964695615aed3d767908a01bb89f0095d0e0d21fb8,gas,minnesota,screen,monthly,linear,gas_pre_tax,False,ok,,0.1,0.75,2025-11-01,1,2025-12-01,77.44055215569736,0.3613618908355545,-1.1327191508740775,2.2181853429660725,76.92217374027125,76.87799005094098,-0.5183784154261133,0.5183784154261133,0.2687161815796881,0.7588255392877901,0.0,600
580bede8dcd44ce6015707890971f9cc40d04f9f18678baea0d289226d0499c6,7d7fa615e99da34b262233964695615aed3d767908a01bb89f0095d0e0d21fb8,gas,minnesota,screen,monthly,linear,gas_pre_tax,False,ok,,0.1,0.75,2025-11-01,3,2026-02-01,77.34978399524095,0.5997778274996683,-1.6904776607058265,5.177250648975027,76.86030949030352,76.71921269988391,-0.4894745049374336,0.4894745049374336,0.23958529098374573,0.7588255392877901,0.0,600
580bede8dcd44ce6015707890971f9cc40d04f9f18678baea0d289226d0499c6,7d7fa615e99da34b262233964695615aed3d767908a01bb89f0095d0e0d21fb8,gas,minnesota,screen,monthly,linear,gas_pre_tax,False,ok,,0.1,0.75,2025-11-01,6,2026-05-01,84.42970051084055,4.89246436432656,-4.3423221254817985,9.85698635120318,77.44678531229688,77.16786680775512,-6.982915198543665,6.982915198543665,48.76110467005211,0.7588255392877901,0.0,600
38920001dc0ff2286017603f9e42c595a8dc68627eea2ba871d11a887f634658,7d7fa615e99da34b262233964695615aed3d767908a01bb89f0095d0e0d21fb8,gas,minnesota,screen,monthly,linear,gas_pre_tax,False,ok,,0.1,0.75,2025-12-01,1,2026-01-01,76.82534573482619,0.36049579268011356,-1.063628424142487,3.934509762938403,77.70788787577112,77.32108388948816,0.8825421409449348,0.8825421409449348,0.7788806305436691,0.7626894090389649,0.0,600
38920001dc0ff2286017603f9e42c595a8dc68627eea2ba871d11a887f634658,7d7fa615e99da34b262233964695615aed3d767908a01bb89f0095d0e0d21fb8,gas,minnesota,screen,monthly,linear,gas_pre_tax,False,ok,,0.1,0.75,2025-12-01,3,2026-03-01,79.38702492992914,1.4085790318835936,-2.4047371842336718,7.560949588735538,77.2225923913237,77.29731360212831,-2.164432538605439,2.164432538605439,4.684768214173985,0.7626894090389649,0.0,600
38920001dc0ff2286017603f9e42c595a8dc68627eea2ba871d11a887f634658,7d7fa615e99da34b262233964695615aed3d767908a01bb89f0095d0e0d21fb8,gas,minnesota,screen,monthly,linear,gas_pre_tax,False,ok,,0.1,0.75,2025-12-01,6,2026-06-01,84.631407534077,4.718812745562012,-4.334302391069302,12.302839919015717,77.98378666628814,77.7203369722159,-6.647620867788859,6.647620867788859,44.19086320186191,0.7626894090389649,0.0,600
1a8dc24325539c61006a39dfcde0a6572b5b55da1f783068ef5c5f62e65ab579,4f62d174409f302dfd688c966d6e428d3e7647640d0fa126de88b9ef92faa942,gas,minnesota,screen,monthly,linear,gas_pre_tax,False,ok,,0.1,1.0,2025-07-01,1,2025-08-01,79.12480579972177,0.5408374380387029,-1.3423601880281195,4.681449577722173,80.484533976655,79.97064267343416,1.3597281769332312,1.3597281769332312,1.8488607151461685,0.7627617270750052,0.0,600
1a8dc24325539c61006a39dfcde0a6572b5b55da1f783068ef5c5f62e65ab579,4f62d174409f302dfd688c966d6e428d3e7647640d0fa126de88b9ef92faa942,gas,minnesota,screen,monthly,linear,gas_pre_tax,False,ok,,0.1,1.0,2025-07-01,3,2025-10-01,77.3699546975646,1.9756221970902637,-2.7811570279084594,7.613359407277185,81.4804548752352,80.20690966325984,4.110500177670602,4.110500177670602,16.89621171063005,0.7627617270750052,0.0,600
1a8dc24325539c61006a39dfcde0a6572b5b55da1f783068ef5c5f62e65ab579,4f62d174409f302dfd688c966d6e428d3e7647640d0fa126de88b9ef92faa942,gas,minnesota,screen,monthly,linear,gas_pre_tax,False,ok,,0.1,1.0,2025-07-01,6,2026-01-01,76.82534573482619,2.7328807866308837,-2.9729739933787096,12.44258272151064,82.24116252994449,80.36487509402059,5.415816795118303,5.415816795118303,29.331071558285487,0.7627617270750052,0.0,600
37ffadb10a9c2f1b5398c7b4a9f7ebb387ee825297cba07ec946c4e6222d7b48,4f62d174409f302dfd688c966d6e428d3e7647640d0fa126de88b9ef92faa942,gas,minnesota,screen,monthly,linear,gas_pre_tax,False,ok,,0.1,1.0,2025-08-01,1,2025-09-01,78.49951402768875,0.34897082778553257,-1.1706116599841332,4.31213193793803,78.9553765928224,78.99135596752453,0.45586256513365697,0.45586256513365697,0.20781067829023764,0.7621495740749522,0.0,600
37ffadb10a9c2f1b5398c7b4a9f7ebb387ee825297cba07ec946c4e6222d7b48,4f62d174409f302dfd688c966d6e428d3e7647640d0fa126de88b9ef92faa942,gas,minnesota,screen,monthly,linear,gas_pre_tax,False,ok,,0.1,1.0,2025-08-01,3,2025-11-01,77.1985037278136,0.9444185120124713,-2.097881578583784,7.50251409122821,77.91390327919676,78.37993833563714,0.7153995513831575,0.7153995513831575,0.511796518119223,0.7621495740749522,0.0,600
37ffadb10a9c2f1b5398c7b4a9f7ebb387ee825297cba07ec946c4e6222d7b48,4f62d174409f302dfd688c966d6e428d3e7647640d0fa126de88b9ef92faa942,gas,minnesota,screen,monthly,linear,gas_pre_tax,False,ok,,0.1,1.0,2025-08-01,6,2026-02-01,77.34978399524095,1.2631933464392846,-2.468058595036895,10.010964525080645,76.69673947390261,77.75767212785203,-0.6530445213383445,0.6530445213383445,0.4264671468500274,0.7621495740749522,0.0,600
86fccce1cc79fd900eb21bd646d57124269cfcde5cc35ba66e738a1da4145f68,4f62d174409f302dfd688c966d6e428d3e7647640d0fa126de88b9ef92faa942,gas,minnesota,screen,monthly,linear,gas_pre_tax,False,ok,,0.1,1.0,2025-09-01,1,2025-10-01,77.3699546975646,0.5537821829779317,-1.3622947746429155,3.4173335105616793,78.50329891943302,78.2384911860597,1.1333442218684269,1.1333442218684269,1.28446912524255,0.7705767491403122,0.0,600
86fccce1cc79fd900eb21bd646d57124269cfcde5cc35ba66e738a1da4145f68,4f62d174409f302dfd688c966d6e428d3e7647640d0fa126de88b9ef92faa942,gas,minnesota,screen,monthly,linear,gas_pre_tax,False,ok,,0.1,1.0,2025-09-01,3,2025-12-01,77.44055215569736,0.6403915464389609,-1.7737754345555423,7.047337145917159,77.84558787078252,77.70782858367097,0.40503571508516245,0.40503571508516245,0.1640539304945489,0.7705767491403122,0.0,600
86fccce1cc79fd900eb21bd646d57124269cfcde5cc35ba66e738a1da4145f68,4f62d174409f302dfd688c966d6e428d3e7647640d0fa126de88b9ef92faa942,gas,minnesota,screen,monthly,linear,gas_pre_tax,False,ok,,0.1,1.0,2025-09-01,6,2026-03-01,79.38702492992914,1.6676167503101595,-2.7064022645922376,10.813237371513143,77.62686252781577,77.39803989821331,-1.760162402113366,1.760162402113366,3.0981716818134943,0.7705767491403122,0.0,600
215a237b06ba22388ab3185a5237b2d8d76cba5b001f7445a945a618be60bb32,4f62d174409f302dfd688c966d6e428d3e7647640d0fa126de88b9ef92faa942,gas,minnesota,screen,monthly,linear,gas_pre_tax,False,ok,,0.1,1.0,2025-10-01,1,2025-11-01,77.1985037278136,0.24552483669564884,-0.9200803592536584,3.640255598371645,77.07858182747108,77.11650493607412,-0.11992190034251848,0.11992190034251848,0.014381262181760935,0.7649160498292499,0.0,600
215a237b06ba22388ab3185a5237b2d8d76cba5b001f7445a945a618be60bb32,4f62d174409f302dfd688c966d6e428d3e7647640d0fa126de88b9ef92faa942,gas,minnesota,screen,monthly,linear,gas_pre_tax,False,ok,,0.1,1.0,2025-10-01,3,2026-01-01,76.82534573482619,0.662876523509055,-1.7468582306776321,7.427798173089478,77.04654223397156,76.69379518942267,0.2211964991453783,0.2211964991453783,0.04892789123417135,0.7649160498292499,0.0,600
215a237b06ba22388ab3185a5237b2d8d76cba5b001f7445a945a618be60bb32,4f62d174409f302dfd688c966d6e428d3e7647640d0fa126de88b9ef92faa942,gas,minnesota,screen,monthly,linear,gas_pre_tax,False,ok,,0.1,1.0,2025-10-01,6,2026-04-01,82.84630037843436,3.9659286346308473,-3.7169066043076047,11.535177813060868,76.61107477542384,77.02736465885178,-6.2352256030105195,6.2352256030105195,38.878038320437895,0.7649160498292499,0.0,600
9dce77fa58858f7565aca9448ce1aa977bcdd4e2f98105e0f7257aa5c4ca8a4c,4f62d174409f302dfd688c966d6e428d3e7647640d0fa126de88b9ef92faa942,gas,minnesota,screen,monthly,linear,gas_pre_tax,False,ok,,0.1,1.0,2025-11-01,1,2025-12-01,77.44055215569736,0.36610450197947075,-1.1499123658228605,2.725065183860195,77.04937142860801,76.89993434952507,-0.39118072708934903,0.39118072708934903,0.15302236124615176,0.7660839730786314,0.0,600
9dce77fa58858f7565aca9448ce1aa977bcdd4e2f98105e0f7257aa5c4ca8a4c,4f62d174409f302dfd688c966d6e428d3e7647640d0fa126de88b9ef92faa942,gas,minnesota,screen,monthly,linear,gas_pre_tax,False,ok,,0.1,1.0,2025-11-01,3,2026-02-01,77.34978399524095,0.6395605356382363,-1.6646967367195886,5.742441992354864,77.00968614119985,76.63730562753742,-0.3400978540411046,0.3400978540411046,0.11566655032336448,0.7660839730786314,0.0,600
9dce77fa58858f7565aca9448ce1aa977bcdd4e2f98105e0f7257aa5c4ca8a4c,4f62d174409f302dfd688c966d6e428d3e7647640d0fa126de88b9ef92faa942,gas,minnesota,screen,monthly,linear,gas_pre_tax,False,ok,,0.1,1.0,2025-11-01,6,2026-05-01,84.42970051084055,5.2849431945311,-4.4914619674559,10.526205681626234,77.13036827169158,76.69065857886582,-7.299332239148967,7.299332239148967,53.280251137479475,0.7660839730786314,0.0,600
51b1b5dd16b48ff6387794bf21d0e3c441cbbc3c20bf82227754428b8c76de85,4f62d174409f302dfd688c966d6e428d3e7647640d0fa126de88b9ef92faa942,gas,minnesota,screen,monthly,linear,gas_pre_tax,False,ok,,0.1,1.0,2025-12-01,1,2026-01-01,76.82534573482619,0.3704297620224031,-1.0583385924032633,3.679045900375571,77.77452627956445,77.36609536095688,0.9491805447382688,0.9491805447382688,0.9009437065096368,0.7684645767385692,0.0,600
51b1b5dd16b48ff6387794bf21d0e3c441cbbc3c20bf82227754428b8c76de85,4f62d174409f302dfd688c966d6e428d3e7647640d0fa126de88b9ef92faa942,gas,minnesota,screen,monthly,linear,gas_pre_tax,False,ok,,0.1,1.0,2025-12-01,3,2026-03-01,79.38702492992914,1.436841208306907,-2.442900095440953,6.500377372777336,77.43711549418992,77.15815542714222,-1.9499094357392153,1.9499094357392153,3.802146807584825,0.7684645767385692,0.0,600
51b1b5dd16b48ff6387794bf21d0e3c441cbbc3c20bf82227754428b8c76de85,4f62d174409f302dfd688c966d6e428d3e7647640d0fa126de88b9ef92faa942,gas,minnesota,screen,monthly,linear,gas_pre_tax,False,ok,,0.1,1.0,2025-12-01,6,2026-06-01,84.631407534077,5.009743304081246,-4.758408122892712,10.775012893210018,77.37880215126172,77.38377033462729,-7.2526053828152754,7.2526053828152754,52.600284838841105,0.7684645767385692,0.0,600
bfe5c3f501132738b2a2cadc9a3b66c892954856485133f2545ba7dfcff0f55b,5270d04f8abed89de349ee2c2c19d3aae3e219e72eb662190e11c71ea29a69b9,gas,minnesota,screen,monthly,linear,gas_pre_tax,False,ok,,0.15,0.25,2025-07-01,1,2025-08-01,79.12480579972177,0.532386328406933,-1.4578242765995588,6.360865745241826,80.33867390364964,79.85769677362944,1.2138681039278651,1.2138681039278651,1.4734757737334305,0.8229122157454656,0.0,600
bfe5c3f501132738b2a2cadc9a3b66c892954856485133f2545ba7dfcff0f55b,5270d04f8abed89de349ee2c2c19d3aae3e219e72eb662190e11c71ea29a69b9,gas,minnesota,screen,monthly,linear,gas_pre_tax,False,ok,,0.15,0.25,2025-07-01,3,2025-10-01,77.3699546975646,1.4648143696277902,-2.395135951659853,12.10878993895316,80.79592077482667,79.40330569697842,3.425966077262075,3.425966077262075,11.73724356255049,0.8229122157454656,0.0,600
bfe5c3f501132738b2a2cadc9a3b66c892954856485133f2545ba7dfcff0f55b,5270d04f8abed89de349ee2c2c19d3aae3e219e72eb662190e11c71ea29a69b9,gas,minnesota,screen,monthly,linear,gas_pre_tax,False,ok,,0.15,0.25,2025-07-01,6,2026-01-01,76.82534573482619,2.207669936333998,-2.827008715300102,19.58860642623403,81.63828865594755,79.04607214609642,4.812942921121362,4.812942921121362,23.164419561972228,0.8229122157454656,0.0,600
223e97aa031aab4bb00200fa8819f3066cf0aba02b3aac7267de1bf3061349f2,5270d04f8abed89de349ee2c2c19d3aae3e219e72eb662190e11c71ea29a69b9,gas,minnesota,screen,monthly,linear,gas_pre_tax,False,ok,,0.15,0.25,2025-08-01,1,2025-09-01,78.49951402768875,0.3946612872012083,-1.3142607240761581,5.422291075326184,78.92780073488146,78.88340880357308,0.42828670719271145,0.42828670719271145,0.18342950355797535,0.8203842987210346,0.0,600
223e97aa031aab4bb00200fa8819f3066cf0aba02b3aac7267de1bf3061349f2,5270d04f8abed89de349ee2c2c19d3aae3e219e72eb662190e11c71ea29a69b9,gas,minnesota,screen,monthly,linear,gas_pre_tax,False,ok,,0.15,0.25,2025-08-01,3,2025-11-01,77.1985037278136,1.041516315381564,-2.299684003941736,9.892875146746617,78.21243832700034,78.30189938843206,1.0139345991867401,1.0139345991867401,1.0280633714279754,0.8203842987210346,0.0,600
223e97aa031aab4bb00200fa8819f3066cf0aba02b3aac7267de1bf3061349f2,5270d04f8abed89de349ee2c2c19d3aae3e219e72eb662190e11c71ea29a69b9,gas,minnesota,screen,monthly,linear,gas_pre_tax,False,ok,,0.15,0.25,2025-08-01,6,2026-02-01,77.34978399524095,1.7706546394497735,-2.781620223233589,14.8758595116862,76.51794227538532,76.86796586052766,-0.8318417198556318,0.8318417198556318,0.6919606468923755,0.8203842987210346,0.0,600
d6d2430001c0107e2f2540cd3f020171a5315348f50c8c6c051f08851e303982,5270d04f8abed89de349ee2c2c19d3aae3e219e72eb662190e11c71ea29a69b9,gas,minnesota,screen,monthly,linear,gas_pre_tax,False,ok,,0.15,0.25,2025-09-01,1,2025-10-01,77.3699546975646,0.4936697993117092,-1.3490331718035309,5.210726883547779,78.36448968672083,78.1202643041866,0.9945349891562358,0.9945349891562358,0.9890998446559941,0.8258018586810979,0.0,600
d6d2430001c0107e2f2540cd3f020171a5315348f50c8c6c051f08851e303982,5270d04f8abed89de349ee2c2c19d3aae3e219e72eb662190e11c71ea29a69b9,gas,minnesota,screen,monthly,linear,gas_pre_tax,False,ok,,0.15,0.25,2025-09-01,3,2025-12-01,77.44055215569736,0.7288626596486103,-1.8462926343541977,8.68762975440162,77.50858370682158,77.45160725793204,0.06803155112422132,0.06803155112422132,0.0046282919483675395,0.8258018586810979,0.0,600
d6d2430001c0107e2f2540cd3f020171a5315348f50c8c6c051f08851e303982,5270d04f8abed89de349ee2c2c19d3aae3e219e72eb662190e11c71ea29a69b9,gas,minnesota,screen,monthly,linear,gas_pre_tax,False,ok,,0.15,0.25,2025-09-01,6,2026-03-01,79.38702492992914,2.109763383316575,-2.824399792796611,14.920017543268802,76.74475060593149,76.69455665258499,-2.642274323997654,2.642274323997654,6.9816136032572595,0.8258018586810979,0.0,600
5a485bcaff11919b204eab3ca71caaebad1a3a5a8a5e9cb2b10278d6691dda10,5270d04f8abed89de349ee2c2c19d3aae3e219e72eb662190e11c71ea29a69b9,gas,minnesota,screen,monthly,linear,gas_pre_tax,False,ok,,0.15,0.25,2025-10-01,1,2025-11-01,77.1985037278136,0.2950365119950966,-0.9276075228291294,3.9649361435362764,76.77479561971751,76.90554513001061,-0.4237081080960934,0.4237081080960934,0.17952856086637076,0.8305692667812867,0.0,600
5a485bcaff11919b204eab3ca71caaebad1a3a5a8a5e9cb2b10278d6691dda10,5270d04f8abed89de349ee2c2c19d3aae3e219e72eb662190e11c71ea29a69b9,gas,minnesota,screen,monthly,linear,gas_pre_tax,False,ok,,0.15,0.25,2025-10-01,3,2026-01-01,76.82534573482619,0.7645202153996387,-1.7838157880599241,7.388718793692479,76.21261624407784,76.11995297683306,-0.6127294907483503,0.6127294907483503,0.3754374288327326,0.8305692667812867,0.0,600
5a485bcaff11919b204eab3ca71caaebad1a3a5a8a5e9cb2b10278d6691dda10,5270d04f8abed89de349ee2c2c19d3aae3e219e72eb662190e11c71ea29a69b9,gas,minnesota,screen,monthly,linear,gas_pre_tax,False,ok,,0.15,0.25,2025-10-01,6,2026-04-01,82.84630037843436,4.804000419718319,-4.057662453183746,18.357826492407863,75.67734467834322,75.71733156781372,-7.168955700091146,7.168955700091146,51.39392582986934,0.8305692667812867,0.0,600
0c1131f1e6e642b3b19289c469e9918e7915996f847b0e50df1d0c8d8840ee90,5270d04f8abed89de349ee2c2c19d3aae3e219e72eb662190e11c71ea29a69b9,gas,minnesota,screen,monthly,linear,gas_pre_tax,False,ok,,0.15,0.25,2025-11-01,1,2025-12-01,77.44055215569736,0.42558490930559767,-1.266538979473106,4.365555037663459,76.90730456170097,76.78399679481095,-0.5332475939963928,0.5332475939963928,0.2843529965029417,0.8322880535134919,0.0,600
0c1131f1e6e642b3b19289c469e9918e7915996f847b0e50df1d0c8d8840ee90,5270d04f8abed89de349ee2c2c19d3aae3e219e72eb662190e11c71ea29a69b9,gas,minnesota,screen,monthly,linear,gas_pre_tax,False,ok,,0.15,0.25,2025-11-01,3,2026-02-01,77.34978399524095,0.8347890294150697,-1.9390845022601013,7.17705471585769,76.56446638495368,76.12677573545835,-0.7853176102872794,0.7853176102872794,0.6167237490273233,0.8322880535134919,0.0,600
0c1131f1e6e642b3b19289c469e9918e7915996f847b0e50df1d0c8d8840ee90,5270d04f8abed89de349ee2c2c19d3aae3e219e72eb662190e11c71ea29a69b9,gas,minnesota,screen,monthly,linear,gas_pre_tax,False,ok,,0.15,0.25,2025-11-01,6,2026-05-01,84.42970051084055,6.122587467411754,-4.078234217538589,10.86603863446824,76.81291358382884,75.57330896391518,-7.616786927011702,7.616786927011702,58.01544309149637,0.8322880535134919,0.0,600
6c33fc647e7250930725817eb70aa7d08248a96250edfbe743fa64eef0cb53dd,5270d04f8abed89de349ee2c2c19d3aae3e219e72eb662190e11c71ea29a69b9,gas,minnesota,screen,monthly,linear,gas_pre_tax,False,ok,,0.15,0.25,2025-12-01,1,2026-01-01,76.82534573482619,0.2552392625382144,-0.7142865697236402,2.955565386364952,77.34254090726353,77.12632029658174,0.51719517243734,0.51719517243734,0.2674908463924899,0.8292365531088848,0.0,600
6c33fc647e7250930725817eb70aa7d08248a96250edfbe743fa64eef0cb53dd,5270d04f8abed89de349ee2c2c19d3aae3e219e72eb662190e11c71ea29a69b9,gas,minnesota,screen,monthly,linear,gas_pre_tax,False,ok,,0.15,0.25,2025-12-01,3,2026-03-01,79.38702492992914,1.56725280607314,-2.849360737567288,7.314781755155742,77.17156780844641,77.0008580539117,-2.2154571214827286,2.2154571214827286,4.908250257128538,0.8292365531088848,0.0,600
6c33fc647e7250930725817eb70aa7d08248a96250edfbe743fa64eef0cb53dd,5270d04f8abed89de349ee2c2c19d3aae3e219e72eb662190e11c71ea29a69b9,gas,minnesota,screen,monthly,linear,gas_pre_tax,False,ok,,0.15,0.25,2025-12-01,6,2026-06-01,84.631407534077,5.367600973583524,-4.2436980399504804,14.49221323449924,77.17093106181986,76.57217269083594,-7.460476472257142,7.460476472257142,55.65870919310237,0.8292365531088848,0.0,600
1c42a97408fb0994172e16fa1bb720b6fd64beee46bc3bce94f662f78e016309,79dc5fc212b949b95c66e29a02b905b5016b375aa739c5c2a5acf5a55cf45771,gas,minnesota,screen,monthly,linear,gas_pre_tax,False,ok,,0.15,0.5,2025-07-01,1,2025-08-01,79.12480579972177,0.5124908909519688,-1.3615225654261867,5.0823019774257485,80.4890689237652,79.94431140124522,1.3642631240434326,1.3642631240434326,1.8612138716247464,0.7910675198563892,0.0,600
1c42a97408fb0994172e16fa1bb720b6fd64beee46bc3bce94f662f78e016309,79dc5fc212b949b95c66e29a02b905b5016b375aa739c5c2a5acf5a55cf45771,gas,minnesota,screen,monthly,linear,gas_pre_tax,False,ok,,0.15,0.5,2025-07-01,3,2025-10-01,77.3699546975646,1.7551739232200005,-2.62231071362963,8.469498211140182,81.08543924250225,80.08474689565926,3.7154845449376523,3.7154845449376523,13.804825403670554,0.7910675198563892,0.0,600
1c42a97408fb0994172e16fa1bb720b6fd64beee46bc3bce94f662f78e016309,79dc5fc212b949b95c66e29a02b905b5016b375aa739c5c2a5acf5a55cf45771,gas,minnesota,screen,monthly,linear,gas_pre_tax,False,ok,,0.15,0.5,2025-07-01,6,2026-01-01,76.82534573482619,2.330229220978114,-2.8492644602354114,13.276111518663521,80.90791944120168,79.83235707550608,4.0825737063754985,4.0825737063754985,16.667408067988575,0.7910675198563892,0.0,600
639a3ed478bfa38d4dc35e88f68ed680865050d1c030eab5bf868f7eb10b20cd,79dc5fc212b949b95c66e29a02b905b5016b375aa739c5c2a5acf5a55cf45771,gas,minnesota,screen,monthly,linear,gas_pre_tax,False,ok,,0.15,0.5,2025-08-01,1,2025-09-01,78.49951402768875,0.36061373683436515,-1.1858742667677857,5.702098818826249,78.69299955011783,79.02441157582399,0.19348552242908568,0.19348552242908568,0.037436647389656214,0.7918558980838333,0.0,600
639a3ed478bfa38d4dc35e88f68ed680865050d1c030eab5bf868f7eb10b20cd,79dc5fc212b949b95c66e29a02b905b5016b375aa739c5c2a5acf5a55cf45771,gas,minnesota,screen,monthly,linear,gas_pre_tax,False,ok,,0.15,0.5,2025-08-01,3,2025-11-01,77.1985037278136,1.0085217953717525,-2.159531700091356,9.209524875097165,78.1770323520619,78.695281570756,0.9785286242482982,0.9785286242482982,0.9575182684732673,0.7918558980838333,0.0,600
639a3ed478bfa38d4dc35e88f68ed680865050d1c030eab5bf868f7eb10b20cd,79dc5fc212b949b95c66e29a02b905b5016b375aa739c5c2a5acf5a55cf45771,gas,minnesota,screen,monthly,linear,gas_pre_tax,False,ok,,0.15,0.5,2025-08-01,6,2026-02-01,77.34978399524095,1.455341795800507,-2.5354673893624255,14.414557717949602,77.13198244765624,77.76979585914435,-0.21780154758471326,0.21780154758471326,0.047437514130296114,0.7918558980838333,0.0,600
ab39f3528581717d887a5780845c74dd2f29ddad6f81a94418c82046533da5a0,79dc5fc212b949b95c66e29a02b905b5016b375aa739c5c2a5acf5a55cf45771,gas,minnesota,screen,monthly,linear,gas_pre_tax,False,ok,,0.15,0.5,2025-09-01,1,2025-10-01,77.3699546975646,0.5290677888715705,-1.3638719260607344,5.054282993502518,78.35345085861316,78.18454855678677,0.9834961610485635,0.9834961610485635,0.967264698797262,0.8017259299019124,0.0,600
ab39f3528581717d887a5780845c74dd2f29ddad6f81a94418c82046533da5a0,79dc5fc212b949b95c66e29a02b905b5016b375aa739c5c2a5acf5a55cf45771,gas,minnesota,screen,monthly,linear,gas_pre_tax,False,ok,,0.15,0.5,2025-09-01,3,2025-12-01,77.44055215569736,0.7339947902145774,-1.834991265519054,8.802259150278356,77.54227207534517,77.854264427694,0.10171991964780602,0.10171991964780602,0.010346942053156115,0.8017259299019124,0.0,600
ab39f3528581717d887a5780845c74dd2f29ddad6f81a94418c82046533da5a0,79dc5fc212b949b95c66e29a02b905b5016b375aa739c5c2a5acf5a55cf45771,gas,minnesota,screen,monthly,linear,gas_pre_tax,False,ok,,0.15,0.5,2025-09-01,6,2026-03-01,79.38702492992914,1.816996032665985,-2.7262097683523603,13.517562111418654,77.61274425775335,77.20772269063849,-1.7742806721757916,1.7742806721757916,3.1480719036565787,0.8017259299019124,0.0,600
f29722c59f9688999eb2e813ce7a534694240426220e84da58f1f282ffb02d33,79dc5fc212b949b95c66e29a02b905b5016b375aa739c5c2a5acf5a55cf45771,gas,minnesota,screen,monthly,linear,gas_pre_tax,False,ok,,0.15,0.5,2025-10-01,1,2025-11-01,77.1985037278136,0.27952299084449406,-1.0627205113978802,4.158725338710701,77.25769437522307,76.94875372650733,0.05919064740946567,0.05919064740946567,0.003503532740751685,0.7947568988953543,0.0,600
f29722c59f9688999eb2e813ce7a534694240426220e84da58f1f282ffb02d33,79dc5fc212b949b95c66e29a02b905b5016b375aa739c5c2a5acf5a55cf45771,gas,minnesota,screen,monthly,linear,gas_pre_tax,False,ok,,0.15,0.5,2025-10-01,3,2026-01-01,76.82534573482619,0.7534339171063777,-1.8611584176369211,8.720855590388965,76.78054493570833,76.70255514674226,-0.0448007991178514,0.0448007991178514,0.0020071116015980745,0.7947568988953543,0.0,600
f29722c59f9688999eb2e813ce7a534694240426220e84da58f1f282ffb02d33,79dc5fc212b949b95c66e29a02b905b5016b375aa739c5c2a5acf5a55cf45771,gas,minnesota,screen,monthly,linear,gas_pre_tax,False,ok,,0.15,0.5,2025-10-01,6,2026-04-01,82.84630037843436,3.952442243964305,-3.861039254853752,13.814975477262722,76.61955449638873,76.25025495937201,-6.226745882045634,6.226745882045634,38.77236427957226,0.7947568988953543,0.0,600
c0e0a205c9eeac055f1692ec1d8298e324cbd91a3eb87b9906d4fb52c9ae50fd,79dc5fc212b949b95c66e29a02b905b5016b375aa739c5c2a5acf5a55cf45771,gas,minnesota,screen,monthly,linear,gas_pre_tax,False,ok,,0.15,0.5,2025-11-01,1,2025-12-01,77.44055215569736,0.4154239068527592,-1.2475093165312092,2.8757362174002385,76.99358629535418,76.77022116000533,-0.44696586034318386,0.44696586034318386,0.19977848031232254,0.7944700149187707,0.0,600
c0e0a205c9eeac055f1692ec1d8298e324cbd91a3eb87b9906d4fb52c9ae50fd,79dc5fc212b949b95c66e29a02b905b5016b375aa739c5c2a5acf5a55cf45771,gas,minnesota,screen,monthly,linear,gas_pre_tax,False,ok,,0.15,0.5,2025-11-01,3,2026-02-01,77.34978399524095,0.7881866548459993,-1.8902150140997431,6.955146646732407,76.7719302188642,76.33849126158076,-0.577853776376756,0.577853776376756,0.33391498687287785,0.7944700149187707,0.0,600
c0e0a205c9eeac055f1692ec1d8298e324cbd91a3eb87b9906d4fb52c9ae50fd,79dc5fc212b949b95c66e29a02b905b5016b375aa739c5c2a5acf5a55cf45771,gas,minnesota,screen,monthly,linear,gas_pre_tax,False,ok,,0.15,0.5,2025-11-01,6,2026-05-01,84.42970051084055,5.1149614685659985,-4.50850130662282,11.649488842840796,77.11594511693443,76.88166171129185,-7.313755393906121,7.313755393906121,53.491017961890876,0.7944700149187707,0.0,600
f49287d5a5a2ce993caff70e74f2a11a6bb55d374e33a380786143773b9606ea,79dc5fc212b949b95c66e29a02b905b5016b375aa739c5c2a5acf5a55cf45771,gas,minnesota,screen,monthly,linear,gas_pre_tax,False,ok,,0.15,0.5,2025-12-01,1,2026-01-01,76.82534573482619,0.30229602606508377,-0.9804131208998843,4.645540164286376,77.30778201377892,77.06733626057694,0.4824362789527328,0.4824362789527328,0.23274476324975898,0.8066185342093379,0.0,600
f49287d5a5a2ce993caff70e74f2a11a6bb55d374e33a380786143773b9606ea,79dc5fc212b949b95c66e29a02b905b5016b375aa739c5c2a5acf5a55cf45771,gas,minnesota,screen,monthly,linear,gas_pre_tax,False,ok,,0.15,0.5,2025-12-01,3,2026-03-01,79.38702492992914,1.7566423924963814,-2.9373967306718116,8.62522854225193,77.13466392775369,76.72566503772211,-2.252361002175448,2.252361002175448,5.073130084120788,0.8066185342093379,0.0,600
f49287d5a5a2ce993caff70e74f2a11a6bb55d374e33a380786143773b9606ea,79dc5fc212b949b95c66e29a02b905b5016b375aa739c5c2a5acf5a55cf45771,gas,minnesota,screen,monthly,linear,gas_pre_tax,False,ok,,0.15,0.5,2025-12-01,6,2026-06-01,84.631407534077,5.2703916816906915,-4.180892678044354,13.572444358445342,76.99606567993622,76.64226815171244,-7.635341854140776,7.635341854140776,58.29844522959391,0.8066185342093379,0.0,600
98224b8b3d56507161535972803ba4fe148eb57bdf391d65465f35b042b35e16,9edc7e613a3a669a07491dc0168dadcbfcea79efc585e08d7f05a25380db1250,gas,minnesota,screen,monthly,linear,gas_pre_tax,False,ok,,0.15,0.75,2025-07-01,1,2025-08-01,79.12480579972177,0.5381644013797076,-1.324976833264186,5.748922085202299,80.46734794740907,79.98151190365822,1.342542147687297,1.342542147687297,1.8024194183168198,0.7944699729151834,0.0,600
98224b8b3d56507161535972803ba4fe148eb57bdf391d65465f35b042b35e16,9edc7e613a3a669a07491dc0168dadcbfcea79efc585e08d7f05a25380db1250,gas,minnesota,screen,monthly,linear,gas_pre_tax,False,ok,,0.15,0.75,2025-07-01,3,2025-10-01,77.3699546975646,1.9140940498025683,-2.6924716925999848,8.491750308496716,81.27053424458863,80.25364120363506,3.900579547024037,3.900579547024037,15.214520802662243,0.7944699729151834,0.0,600
98224b8b3d56507161535972803ba4fe148eb57bdf391d65465f35b042b35e16,9edc7e613a3a669a07491dc0168dadcbfcea79efc585e08d7f05a25380db1250,gas,minnesota,screen,monthly,linear,gas_pre_tax,False,ok,,0.15,0.75,2025-07-01,6,2026-01-01,76.82534573482619,2.4903989925645202,-2.9426675373322713,12.118100609075217,81.51297924995313,80.22129051271625,4.687633515126947,4.687633515126947,21.97390797214142,0.7944699729151834,0.0,600
3a0f785ab1ef32b77f224e350bd5e467767cd98067a90efe135260f5f8782ddb,9edc7e613a3a669a07491dc0168dadcbfcea79efc585e08d7f05a25380db1250,gas,minnesota,screen,monthly,linear,gas_pre_tax,False,ok,,0.15,0.75,2025-08-01,1,2025-09-01,78.49951402768875,0.313403054621453,-1.1008470100638013,3.404922360205077,79.03294370587635,78.93340327591103,0.533429678187602,0.533429678187602,0.28454722157132867,0.7931975721787496,0.0,600
3a0f785ab1ef32b77f224e350bd5e467767cd98067a90efe135260f5f8782ddb,9edc7e613a3a669a07491dc0168dadcbfcea79efc585e08d7f05a25380db1250,gas,minnesota,screen,monthly,linear,gas_pre_tax,False,ok,,0.15,0.75,2025-08-01,3,2025-11-01,77.1985037278136,0.9248500072620511,-2.03544939787285,6.019770187175123,78.30310948399219,78.39997967952914,1.1046057561785858,1.1046057561785858,1.2201538765828654,0.7931975721787496,0.0,600
3a0f785ab1ef32b77f224e350bd5e467767cd98067a90efe135260f5f8782ddb,9edc7e613a3a669a07491dc0168dadcbfcea79efc585e08d7f05a25380db1250,gas,minnesota,screen,monthly,linear,gas_pre_tax,False,ok,,0.15,0.75,2025-08-01,6,2026-02-01,77.34978399524095,1.2144596423699152,-2.3943573216597627,8.801739550184646,77.26617764937083,77.40646259652263,-0.08360634587012328,0.08360634587012328,0.006990021069754679,0.7931975721787496,0.0,600
7caffe5b5c194753d6c677aac93089ed7d79040861b9d5415ea1ff44a1dd87fd,9edc7e613a3a669a07491dc0168dadcbfcea79efc585e08d7f05a25380db1250,gas,minnesota,screen,monthly,linear,gas_pre_tax,False,ok,,0.15,0.75,2025-09-01,1,2025-10-01,77.3699546975646,0.5327317455133502,-1.387557574735247,3.7744502515306344,78.33552926613079,78.2553679934556,0.965574568566197,0.965574568566197,0.9323342474617974,0.8036921769865727,0.0,600
7caffe5b5c194753d6c677aac93089ed7d79040861b9d5415ea1ff44a1dd87fd,9edc7e613a3a669a07491dc0168dadcbfcea79efc585e08d7f05a25380db1250,gas,minnesota,screen,monthly,linear,gas_pre_tax,False,ok,,0.15,0.75,2025-09-01,3,2025-12-01,77.44055215569736,0.6586811455237878,-1.8350678478145115,8.056618272064888,77.43934104782723,77.9529117911305,-0.0012111078701337874,0.0012111078701337874,1.4667822730999989e-06,0.8036921769865727,0.0,600
7caffe5b5c194753d6c677aac93089ed7d79040861b9d5415ea1ff44a1dd87fd,9edc7e613a3a669a07491dc0168dadcbfcea79efc585e08d7f05a25380db1250,gas,minnesota,screen,monthly,linear,gas_pre_tax,False,ok,,0.15,0.75,2025-09-01,6,2026-03-01,79.38702492992914,1.9298652381611578,-2.8118549987349164,11.037663901978668,76.40447637860824,76.75814378339595,-2.982548551320903,2.982548551320903,8.895595860986418,0.8036921769865727,0.0,600
5cb41d17f61ee8d070e20b0cd21b35c5f78e1e29b032733b62718b7419bf8bdc,9edc7e613a3a669a07491dc0168dadcbfcea79efc585e08d7f05a25380db1250,gas,minnesota,screen,monthly,linear,gas_pre_tax,False,ok,,0.15,0.75,2025-10-01,1,2025-11-01,77.1985037278136,0.2529406607436937,-0.934585667155142,3.9726990170866143,77.1318369341019,77.07150796966168,-0.06666679371170403,0.06666679371170403,0.0044444613837989,0.7952433676665216,0.0,600
5cb41d17f61ee8d070e20b0cd21b35c5f78e1e29b032733b62718b7419bf8bdc,9edc7e613a3a669a07491dc0168dadcbfcea79efc585e08d7f05a25380db1250,gas,minnesota,screen,monthly,linear,gas_pre_tax,False,ok,,0.15,0.75,2025-10-01,3,2026-01-01,76.82534573482619,0.653403014380264,-1.7322693490193428,7.981316253108398,76.83250135593096,76.62229891447674,0.007155621104772081,0.007155621104772081,5.1202913395059615e-05,0.7952433676665216,0.0,600
5cb41d17f61ee8d070e20b0cd21b35c5f78e1e29b032733b62718b7419bf8bdc,9edc7e613a3a669a07491dc0168dadcbfcea79efc585e08d7f05a25380db1250,gas,minnesota,screen,monthly,linear,gas_pre_tax,False,ok,,0.15,0.75,2025-10-01,6,2026-04-01,82.84630037843436,4.251160142799505,-3.9274839196072713,11.57388458039478,76.44993150881024,76.48194275467144,-6.396368869624126,6.396368869624126,40.913534716296624,0.7952433676665216,0.0,600
1839285d8ff1a341bf70deb0aa6df95feb9c32ac5a89a9af73742f7ecfc545ee,9edc7e613a3a669a07491dc0168dadcbfcea79efc585e08d7f05a25380db1250,gas,minnesota,screen,monthly,linear,gas_pre_tax,False,ok,,0.15,0.75,2025-11-01,1,2025-12-01,77.44055215569736,0.4267578884659834,-1.28783444475836,2.5763347432912482,76.68145895698365,76.75070461617341,-0.759093198713714,0.759093198713714,0.576222484333418,0.7951009735239037,0.0,600
1839285d8ff1a341bf70deb0aa6df95feb9c32ac5a89a9af73742f7ecfc545ee,9edc7e613a3a669a07491dc0168dadcbfcea79efc585e08d7f05a25380db1250,gas,minnesota,screen,monthly,linear,gas_pre_tax,False,ok,,0.15,0.75,2025-11-01,3,2026-02-01,77.34978399524095,0.7201780539412481,-1.8269487704299037,4.895436785316256,76.35864140271208,76.47018303998539,-0.9911425925288739,0.9911425925288739,0.9823636387248574,0.7951009735239037,0.0,600
1839285d8ff1a341bf70deb0aa6df95feb9c32ac5a89a9af73742f7ecfc545ee,9edc7e613a3a669a07491dc0168dadcbfcea79efc585e08d7f05a25380db1250,gas,minnesota,screen,monthly,linear,gas_pre_tax,False,ok,,0.15,0.75,2025-11-01,6,2026-05-01,84.42970051084055,5.374798414538701,-4.250034034089164,9.58671659183059,76.53135617867197,76.39417184303716,-7.898344332168577,7.898344332168577,62.38384318949948,0.7951009735239037,0.0,600
0e455347d377e32ea8519cbd28de3d9ca4dff1624e7a29c2a199e628fb71f18c,9edc7e613a3a669a07491dc0168dadcbfcea79efc585e08d7f05a25380db1250,gas,minnesota,screen,monthly,linear,gas_pre_tax,False,ok,,0.15,0.75,2025-12-01,1,2026-01-01,76.82534573482619,0.26155293093363463,-0.8607998934318717,3.643546232274721,77.24072928875074,76.98954731081506,0.4153835539245563,0.4153835539245563,0.17254349687099477,0.8004059087076714,0.0,600
0e455347d377e32ea8519cbd28de3d9ca4dff1624e7a29c2a199e628fb71f18c,9edc7e613a3a669a07491dc0168dadcbfcea79efc585e08d7f05a25380db1250,gas,minnesota,screen,monthly,linear,gas_pre_tax,False,ok,,0.15,0.75,2025-12-01,3,2026-03-01,79.38702492992914,1.7839416986038472,-3.0497810632038216,7.688158148525853,77.03856356795201,76.7408259015034,-2.3484613619771295,2.3484613619771295,5.515270768699474,0.8004059087076714,0.0,600
0e455347d377e32ea8519cbd28de3d9ca4dff1624e7a29c2a199e628fb71f18c,9edc7e613a3a669a07491dc0168dadcbfcea79efc585e08d7f05a25380db1250,gas,minnesota,screen,monthly,linear,gas_pre_tax,False,ok,,0.15,0.75,2025-12-01,6,2026-06-01,84.631407534077,4.892312478292238,-4.259104964085467,11.292746387194294,77.8671104714337,76.92549702211716,-6.764297062643294,6.764297062643294,45.7557147516847,0.8004059087076714,0.0,600
9acc11c8635bc0dae49ceb4d767289f73cb63448a1e89f7ab807d0f7c86e1930,e9d011ca7c1fbc8d287d20fa60248d9c8c49fe26b0c3c32eabeae1b5addf0045,gas,minnesota,screen,monthly,linear,gas_pre_tax,False,ok,,0.15,1.0,2025-07-01,1,2025-08-01,79.12480579972177,0.49605219104814724,-1.2656554923927725,5.9198856395521355,80.28701291678662,79.87920967310328,1.1622071170648525,1.1622071170648525,1.3507253829561956,0.7983489269166283,0.0,600
9acc11c8635bc0dae49ceb4d767289f73cb63448a1e89f7ab807d0f7c86e1930,e9d011ca7c1fbc8d287d20fa60248d9c8c49fe26b0c3c32eabeae1b5addf0045,gas,minnesota,screen,monthly,linear,gas_pre_tax,False,ok,,0.15,1.0,2025-07-01,3,2025-10-01,77.3699546975646,1.706503603897004,-2.4809278212238732,8.63698130134473,80.77415147072806,80.04301378560908,3.404196773163463,3.404196773163463,11.588555670416532,0.7983489269166283,0.0,600
9acc11c8635bc0dae49ceb4d767289f73cb63448a1e89f7ab807d0f7c86e1930,e9d011ca7c1fbc8d287d20fa60248d9c8c49fe26b0c3c32eabeae1b5addf0045,gas,minnesota,screen,monthly,linear,gas_pre_tax,False,ok,,0.15,1.0,2025-07-01,6,2026-01-01,76.82534573482619,2.1135655943080494,-2.8201577416537034,12.277766734659238,80.00087886133379,79.67800554902736,3.1755331265076023,3.1755331265076023,10.084010637547149,0.7983489269166283,0.0,600
7047341849814f9f446bf106d4b86d015f8f7a34c92d412d0bb609ff54cec568,e9d011ca7c1fbc8d287d20fa60248d9c8c49fe26b0c3c32eabeae1b5addf0045,gas,minnesota,screen,monthly,linear,gas_pre_tax,False,ok,,0.15,1.0,2025-08-01,1,2025-09-01,78.49951402768875,0.345143592696868,-1.1255382290629967,3.5772716259943964,78.82839241679743,79.01290467853474,0.32887838910868084,0.32887838910868084,0.10816099482272087,0.7956353419369899,0.0,600
7047341849814f9f446bf106d4b86d015f8f7a34c92d412d0bb609ff54cec568,e9d011ca7c1fbc8d287d20fa60248d9c8c49fe26b0c3c32eabeae1b5addf0045,gas,minnesota,screen,monthly,linear,gas_pre_tax,False,ok,,0.15,1.0,2025-08-01,3,2025-11-01,77.1985037278136,0.8606159662497745,-2.001903285174741,7.14981363580328,78.13994698515147,78.21256927144279,0.9414432573378662,0.9414432573378662,0.8863154067869317,0.7956353419369899,0.0,600
7047341849814f9f446bf106d4b86d015f8f7a34c92d412d0bb609ff54cec568,e9d011ca7c1fbc8d287d20fa60248d9c8c49fe26b0c3c32eabeae1b5addf0045,gas,minnesota,screen,monthly,linear,gas_pre_tax,False,ok,,0.15,1.0,2025-08-01,6,2026-02-01,77.34978399524095,1.1725742684819416,-2.469533421828534,9.633386027276892,76.9134829767398,77.54493859361855,-0.43630101850115466,0.43630101850115466,0.1903585787451449,0.7956353419369899,0.0,600
0d93c95e01b7c3f1189b23fe71ad6f9b4b73139880cbc33bcd924472fe62744b,e9d011ca7c1fbc8d287d20fa60248d9c8c49fe26b0c3c32eabeae1b5addf0045,gas,minnesota,screen,monthly,linear,gas_pre_tax,False,ok,,0.15,1.0,2025-09-01,1,2025-10-01,77.3699546975646,0.5705846544909043,-1.4455298711174551,3.8865134239700514,78.21747221389502,78.28694261406035,0.8475175163304272,0.8475175163304272,0.7182859404868959,0.8013351400075583,0.0,600
0d93c95e01b7c3f1189b23fe71ad6f9b4b73139880cbc33bcd924472fe62744b,e9d011ca7c1fbc8d287d20fa60248d9c8c49fe26b0c3c32eabeae1b5addf0045,gas,minnesota,screen,monthly,linear,gas_pre_tax,False,ok,,0.15,1.0,2025-09-01,3,2025-12-01,77.44055215569736,0.7097418047218023,-1.7708420679012744,7.148524368203841,77.96590170851249,78.01398263697956,0.5253495528151291,0.5253495528151291,0.2759921526430561,0.8013351400075583,0.0,600
0d93c95e01b7c3f1189b23fe71ad6f9b4b73139880cbc33bcd924472fe62744b,e9d011ca7c1fbc8d287d20fa60248d9c8c49fe26b0c3c32eabeae1b5addf0045,gas,minnesota,screen,monthly,linear,gas_pre_tax,False,ok,,0.15,1.0,2025-09-01,6,2026-03-01,79.38702492992914,1.5721081667860979,-2.5877742000542985,9.968171064281291,77.42065128958328,77.14002627126149,-1.9663736403458643,1.9663736403458643,3.866625293447046,0.8013351400075583,0.0,600
703168a834e10900c7499c7ffd948f097ac8a21a53416695e88971f26b819e15,e9d011ca7c1fbc8d287d20fa60248d9c8c49fe26b0c3c32eabeae1b5addf0045,gas,minnesota,screen,monthly,linear,gas_pre_tax,False,ok,,0.15,1.0,2025-10-01,1,2025-11-01,77.1985037278136,0.24036434972087162,-0.9293878454605018,1.9611149435988544,77.28222404762151,77.14180842383351,0.0837203198079095,0.0837203198079095,0.007009091948738644,0.7998574308839228,0.0,600
703168a834e10900c7499c7ffd948f097ac8a21a53416695e88971f26b819e15,e9d011ca7c1fbc8d287d20fa60248d9c8c49fe26b0c3c32eabeae1b5addf0045,gas,minnesota,screen,monthly,linear,gas_pre_tax,False,ok,,0.15,1.0,2025-10-01,3,2026-01-01,76.82534573482619,0.591597228112513,-1.6927474686242627,5.117782828325326,76.84017187972749,76.58385520448462,0.014826144901306293,0.014826144901306293,0.0002198145726345306,0.7998574308839228,0.0,600
703168a834e10900c7499c7ffd948f097ac8a21a53416695e88971f26b819e15,e9d011ca7c1fbc8d287d20fa60248d9c8c49fe26b0c3c32eabeae1b5addf0045,gas,minnesota,screen,monthly,linear,gas_pre_tax,False,ok,,0.15,1.0,2025-10-01,6,2026-04-01,82.84630037843436,4.428666679761057,-3.829845920494677,9.945229265055001,75.56683568456216,76.51796063541124,-7.2794646938722,7.2794646938722,52.990606229331874,0.7998574308839228,0.0,600
e522671bdfa5ff9a6a2125385f9ff7f88e172079b46e2f8d27e7ac13f2a472d7,e9d011ca7c1fbc8d287d20fa60248d9c8c49fe26b0c3c32eabeae1b5addf0045,gas,minnesota,screen,monthly,linear,gas_pre_tax,False,ok,,0.15,1.0,2025-11-01,1,2025-12-01,77.44055215569736,0.37969002985680633,-1.172936495119016,3.5434434252757305,76.98058101558264,76.8268050455784,-0.4599711401147175,0.4599711401147175,0.2115734497384331,0.7977956899045596,0.0,600
e522671bdfa5ff9a6a2125385f9ff7f88e172079b46e2f8d27e7ac13f2a472d7,e9d011ca7c1fbc8d287d20fa60248d9c8c49fe26b0c3c32eabeae1b5addf0045,gas,minnesota,screen,monthly,linear,gas_pre_tax,False,ok,,0.15,1.0,2025-11-01,3,2026-02-01,77.34978399524095,0.6817249850323979,-1.834335949742255,5.989529799086097,77.16573105471488,76.48608475200538,-0.18405294052607246,0.18405294052607246,0.03387548491629397,0.7977956899045596,0.0,600
e522671bdfa5ff9a6a2125385f9ff7f88e172079b46e2f8d27e7ac13f2a472d7,e9d011ca7c1fbc8d287d20fa60248d9c8c49fe26b0c3c32eabeae1b5addf0045,gas,minnesota,screen,monthly,linear,gas_pre_tax,False,ok,,0.15,1.0,2025-11-01,6,2026-05-01,84.42970051084055,5.589459896537237,-4.705285796524305,9.962404504237483,77.11826006397744,76.2291701010044,-7.311440446863102,7.311440446863102,53.45716140802572,0.7977956899045596,0.0,600
66e2d069d3cc87cd302defdc88afc7f888bdb0451e1b607668e3ccfdd561d69d,e9d011ca7c1fbc8d287d20fa60248d9c8c49fe26b0c3c32eabeae1b5addf0045,gas,minnesota,screen,monthly,linear,gas_pre_tax,False,ok,,0.15,1.0,2025-12-01,1,2026-01-01,76.82534573482619,0.25146710173755094,-0.8980479416371931,3.4039054549032555,77.15021553194231,76.94667010530239,0.32486979711612207,0.32486979711612207,0.10554038507827032,0.8033935324923545,0.0,600
66e2d069d3cc87cd302defdc88afc7f888bdb0451e1b607668e3ccfdd561d69d,e9d011ca7c1fbc8d287d20fa60248d9c8c49fe26b0c3c32eabeae1b5addf0045,gas,minnesota,screen,monthly,linear,gas_pre_tax,False,ok,,0.15,1.0,2025-12-01,3,2026-03-01,79.38702492992914,1.9301046317933213,-3.0216944723539214,7.113951401279945,76.48229923699255,76.56331119814698,-2.9047256929365943,2.9047256929365943,8.437431351205978,0.8033935324923545,0.0,600
66e2d069d3cc87cd302defdc88afc7f888bdb0451e1b607668e3ccfdd561d69d,e9d011ca7c1fbc8d287d20fa60248d9c8c49fe26b0c3c32eabeae1b5addf0045,gas,minnesota,screen,monthly,linear,gas_pre_tax,False,ok,,0.15,1.0,2025-12-01,6,2026-06-01,84.631407534077,5.355799631036444,-4.308531267544778,10.721238079936576,76.97987702271064,76.51806307694625,-7.65153051136636,7.65153051136636,58.54591916637035,0.8033935324923545,0.0,600
51b884aa47b52364f61e3ca33c0186183ed0ac187a9d5ee544d0fa0a2bcd3386,059827a779da9b307f0aaec6bc5a1f8368404041c62336cfbc3d20c670491559,gas,minnesota,screen,monthly,linear,gas_pre_tax,False,ok,,0.2,0.25,2025-07-01,1,2025-08-01,79.12480579972177,0.5419934627473926,-1.4692039542121655,7.7064137454983275,80.26326552617442,79.88249313635289,1.138459726452652,1.138459726452652,1.296090548754647,0.8460095834582144,0.0,600
51b884aa47b52364f61e3ca33c0186183ed0ac187a9d5ee544d0fa0a2bcd3386,059827a779da9b307f0aaec6bc5a1f8368404041c62336cfbc3d20c670491559,gas,minnesota,screen,monthly,linear,gas_pre_tax,False,ok,,0.2,0.25,2025-07-01,3,2025-10-01,77.3699546975646,1.5893056522225741,-2.4478987745908967,12.70659772465085,80.34333867354891,79.58769403454772,2.9733839759843192,2.9733839759843192,8.841012268640318,0.8460095834582144,0.0,600
51b884aa47b52364f61e3ca33c0186183ed0ac187a9d5ee544d0fa0a2bcd3386,059827a779da9b307f0aaec6bc5a1f8368404041c62336cfbc3d20c670491559,gas,minnesota,screen,monthly,linear,gas_pre_tax,False,ok,,0.2,0.25,2025-07-01,6,2026-01-01,76.82534573482619,2.30947250963683,-2.926622450711164,19.25469495161066,78.90271664967378,78.82077041054941,2.0773709148475916,2.0773709148475916,4.31546991785472,0.8460095834582144,0.0,600
84fad2212cdecdcef0245fe4bfd7c13d47f60e0261d15dc0c4ba44a4b80a6c3f,059827a779da9b307f0aaec6bc5a1f8368404041c62336cfbc3d20c670491559,gas,minnesota,screen,monthly,linear,gas_pre_tax,False,ok,,0.2,0.25,2025-08-01,1,2025-09-01,78.49951402768875,0.39091536389122594,-1.394196630191213,4.622059641548234,78.92165188095039,79.00966502080973,0.42213785326164555,0.42213785326164555,0.1782003671563506,0.8211679530062788,0.0,600
84fad2212cdecdcef0245fe4bfd7c13d47f60e0261d15dc0c4ba44a4b80a6c3f,059827a779da9b307f0aaec6bc5a1f8368404041c62336cfbc3d20c670491559,gas,minnesota,screen,monthly,linear,gas_pre_tax,False,ok,,0.2,0.25,2025-08-01,3,2025-11-01,77.1985037278136,0.9129798751814726,-2.094086020501769,7.973940864779103,78.2967097571414,78.02764867663285,1.0982060293277982,1.0982060293277982,1.2060564828519287,0.8211679530062788,0.0,600
84fad2212cdecdcef0245fe4bfd7c13d47f60e0261d15dc0c4ba44a4b80a6c3f,059827a779da9b307f0aaec6bc5a1f8368404041c62336cfbc3d20c670491559,gas,minnesota,screen,monthly,linear,gas_pre_tax,False,ok,,0.2,0.25,2025-08-01,6,2026-02-01,77.34978399524095,1.5882012379117052,-2.6946064210376197,15.258955713293254,75.82125443103422,76.87091021792371,-1.5285295642067354,1.5285295642067354,2.3364026286540325,0.8211679530062788,0.0,600
5580ca9a046e200a8630572e258f5e85402210ee86b56e7c75b7342cc34a0fd2,059827a779da9b307f0aaec6bc5a1f8368404041c62336cfbc3d20c670491559,gas,minnesota,screen,monthly,linear,gas_pre_tax,False,ok,,0.2,0.25,2025-09-01,1,2025-10-01,77.3699546975646,0.4509093134844966,-1.2768454178581248,4.400247038894468,77.95423902261437,77.97856077141037,0.5842843250497793,0.5842843250497793,0.3413881724988762,0.8404981280477861,0.0,600
5580ca9a046e200a8630572e258f5e85402210ee86b56e7c75b7342cc34a0fd2,059827a779da9b307f0aaec6bc5a1f8368404041c62336cfbc3d20c670491559,gas,minnesota,screen,monthly,linear,gas_pre_tax,False,ok,,0.2,0.25,2025-09-01,3,2025-12-01,77.44055215569736,0.8646174577321095,-2.03331064918868,9.388994056178102,78.10074713581508,77.43743679275681,0.6601949801177227,0.6601949801177227,0.43585741177264026,0.8404981280477861,0.0,600
5580ca9a046e200a8630572e258f5e85402210ee86b56e7c75b7342cc34a0fd2,059827a779da9b307f0aaec6bc5a1f8368404041c62336cfbc3d20c670491559,gas,minnesota,screen,monthly,linear,gas_pre_tax,False,ok,,0.2,0.25,2025-09-01,6,2026-03-01,79.38702492992914,2.2604268521316895,-2.9673054058313593,16.52449172452945,77.66521741123857,76.64558666813713,-1.721807518690568,1.721807518690568,2.9646211314193702,0.8404981280477861,0.0,600
97c5101c2895500c29d0d3e9ba5b24710dbc1d92f10502d2a0347746102889e2,059827a779da9b307f0aaec6bc5a1f8368404041c62336cfbc3d20c670491559,gas,minnesota,screen,monthly,linear,gas_pre_tax,False,ok,,0.2,0.25,2025-10-01,1,2025-11-01,77.1985037278136,0.32722217764065653,-1.0636086444872213,5.160414831990317,77.22650314912538,76.80558151221967,0.027999421311776018,0.027999421311776018,0.000783967593794337,0.8411884755665702,0.0,600
97c5101c2895500c29d0d3e9ba5b24710dbc1d92f10502d2a0347746102889e2,059827a779da9b307f0aaec6bc5a1f8368404041c62336cfbc3d20c670491559,gas,minnesota,screen,monthly,linear,gas_pre_tax,False,ok,,0.2,0.25,2025-10-01,3,2026-01-01,76.82534573482619,0.7617151689777812,-1.9004543317803662,9.039564019053898,76.7516410359551,76.08364096566575,-0.073704698871083,0.073704698871083,0.0054323826356770235,0.8411884755665702,0.0,600
97c5101c2895500c29d0d3e9ba5b24710dbc1d92f10502d2a0347746102889e2,059827a779da9b307f0aaec6bc5a1f8368404041c62336cfbc3d20c670491559,gas,minnesota,screen,monthly,linear,gas_pre_tax,False,ok,,0.2,0.25,2025-10-01,6,2026-04-01,82.84630037843436,5.267236190702565,-4.0344388408877805,14.90884304055727,75.24167440637457,75.09528755976264,-7.604625972059793,7.604625972059793,57.83033617492635,0.8411884755665702,0.0,600
bf356e2e9a6d38819d7a6eb19409a8036d4075ae8a9051215718ef7652feb3bc,059827a779da9b307f0aaec6bc5a1f8368404041c62336cfbc3d20c670491559,gas,minnesota,screen,monthly,linear,gas_pre_tax,False,ok,,0.2,0.25,2025-11-01,1,2025-12-01,77.44055215569736,0.4502379759907249,-1.2246150706948749,5.116314050106119,77.15714769243837,76.80339362511586,-0.2834044632589894,0.2834044632589894,0.08031808979511586,0.8395733074711951,0.0,600
bf356e2e9a6d38819d7a6eb19409a8036d4075ae8a9051215718ef7652feb3bc,059827a779da9b307f0aaec6bc5a1f8368404041c62336cfbc3d20c670491559,gas,minnesota,screen,monthly,linear,gas_pre_tax,False,ok,,0.2,0.25,2025-11-01,3,2026-02-01,77.34978399524095,0.9402991955962969,-2.0842515503304897,12.327650453296474,76.51062579474164,76.16320155763106,-0.8391582004993126,0.8391582004993126,0.7041864854652444,0.8395733074711951,0.0,600
bf356e2e9a6d38819d7a6eb19409a8036d4075ae8a9051215718ef7652feb3bc,059827a779da9b307f0aaec6bc5a1f8368404041c62336cfbc3d20c670491559,gas,minnesota,screen,monthly,linear,gas_pre_tax,False,ok,,0.2,0.25,2025-11-01,6,2026-05-01,84.42970051084055,5.581451457678265,-4.0224325552072475,18.73561172816091,76.5891951434134,75.80327956994554,-7.840505367427141,7.840505367427141,61.47352441665382,0.8395733074711951,0.0,600
7c07ccf86d60eaad9907829b7ea0f968807d47a46e465d8366ffec3b1660a669,059827a779da9b307f0aaec6bc5a1f8368404041c62336cfbc3d20c670491559,gas,minnesota,screen,monthly,linear,gas_pre_tax,False,ok,,0.2,0.25,2025-12-01,1,2026-01-01,76.82534573482619,0.2684350082309248,-0.9566902108255189,4.069527109433108,76.91633181781881,76.90909217451399,0.09098608299262878,0.09098608299262878,0.008278467298341531,0.8393613264854121,0.0,600
7c07ccf86d60eaad9907829b7ea0f968807d47a46e465d8366ffec3b1660a669,059827a779da9b307f0aaec6bc5a1f8368404041c62336cfbc3d20c670491559,gas,minnesota,screen,monthly,linear,gas_pre_tax,False,ok,,0.2,0.25,2025-12-01,3,2026-03-01,79.38702492992914,1.8400642500094229,-2.7962472160285303,7.857523468735917,76.85218724323705,76.64989226392495,-2.534837686692086,2.534837686692086,6.4254020978744855,0.8393613264854121,0.0,600
7c07ccf86d60eaad9907829b7ea0f968807d47a46e465d8366ffec3b1660a669,059827a779da9b307f0aaec6bc5a1f8368404041c62336cfbc3d20c670491559,gas,minnesota,screen,monthly,linear,gas_pre_tax,False,ok,,0.2,0.25,2025-12-01,6,2026-06-01,84.631407534077,5.541418934517311,-4.446597632385646,14.186837073552107,77.29663839846697,76.39751153844239,-7.334769135610031,7.334769135610031,53.79883827269752,0.8393613264854121,0.0,600
634a5cfed05e017b7931af2859fbf589524e08661562e3b1481cb2a4c90c711c,0b63e09e5746a9c5007e1c5b769170b2c309a0282c59af66816d7fcc5fe92786,gas,minnesota,screen,monthly,linear,gas_pre_tax,True,ok,,0.2,0.5,2025-07-01,1,2025-08-01,79.12480579972177,0.48845278483830135,-1.2800864019875906,6.337944358984518,80.15381982934696,79.84722330480295,1.0290140296251877,1.0290140296251877,1.0588698731654667,0.8127347316148206,0.0,600
634a5cfed05e017b7931af2859fbf589524e08661562e3b1481cb2a4c90c711c,0b63e09e5746a9c5007e1c5b769170b2c309a0282c59af66816d7fcc5fe92786,gas,minnesota,screen,monthly,linear,gas_pre_tax,True,ok,,0.2,0.5,2025-07-01,3,2025-10-01,77.3699546975646,1.7952045198603104,-2.522697754174408,9.798704073942263,81.06131062036299,80.15534350295957,3.691355922798394,3.691355922798394,13.626108548778783,0.8127347316148206,0.0,600
634a5cfed05e017b7931af2859fbf589524e08661562e3b1481cb2a4c90c711c,0b63e09e5746a9c5007e1c5b769170b2c309a0282c59af66816d7fcc5fe92786,gas,minnesota,screen,monthly,linear,gas_pre_tax,True,ok,,0.2,0.5,2025-07-01,6,2026-01-01,76.82534573482619,2.2294850769351067,-2.836702991348721,14.39711850748048,80.14509907856294,79.8093429963401,3.3197533437367497,3.3197533437367497,11.02076226325133,0.8127347316148206,0.0,600
bd23c8372cb5dc04709cc0f31c849c5a536e551d10d607c22f33b80bed1de8a7,0b63e09e5746a9c5007e1c5b769170b2c309a0282c59af66816d7fcc5fe92786,gas,minnesota,screen,monthly,linear,gas_pre_tax,True,ok,,0.2,0.5,2025-08-01,1,2025-09-01,78.49951402768875,0.3926277718784328,-1.1953772177142223,4.314809538964784,79.55284105604046,79.07382061608311,1.0533270283517169,1.0533270283517169,1.1094978286562587,0.8113715229349786,0.0,600
bd23c8372cb5dc04709cc0f31c849c5a536e551d10d607c22f33b80bed1de8a7,0b63e09e5746a9c5007e1c5b769170b2c309a0282c59af66816d7fcc5fe92786,gas,minnesota,screen,monthly,linear,gas_pre_tax,True,ok,,0.2,0.5,2025-08-01,3,2025-11-01,77.1985037278136,0.937891862504888,-1.9681291604767477,7.927820466027917,78.9455301175062,78.4306705187604,1.7470263896925928,1.7470263896925928,3.052101206282335,0.8113715229349786,0.0,600
bd23c8372cb5dc04709cc0f31c849c5a536e551d10d607c22f33b80bed1de8a7,0b63e09e5746a9c5007e1c5b769170b2c309a0282c59af66816d7fcc5fe92786,gas,minnesota,screen,monthly,linear,gas_pre_tax,True,ok,,0.2,0.5,2025-08-01,6,2026-02-01,77.34978399524095,1.2904484027674945,-2.4438200049010588,10.541129558293242,77.54079206625444,77.3158241308646,0.19100807101348494,0.19100807101348494,0.0364840831922925,0.8113715229349786,0.0,600
2728f50a7bc9948c6ddab69730f4191b16d4689d4f838303f354eb900143c0ab,0b63e09e5746a9c5007e1c5b769170b2c309a0282c59af66816d7fcc5fe92786,gas,minnesota,screen,monthly,linear,gas_pre_tax,True,ok,,0.2,0.5,2025-09-01,1,2025-10-01,77.3699546975646,0.5021281671834128,-1.332389441437254,4.821200027275952,78.30091776697732,78.1826393612113,0.9309630694127264,0.9309630694127264,0.8666922366103649,0.8183207977726887,0.0,600
2728f50a7bc9948c6ddab69730f4191b16d4689d4f838303f354eb900143c0ab,0b63e09e5746a9c5007e1c5b769170b2c309a0282c59af66816d7fcc5fe92786,gas,minnesota,screen,monthly,linear,gas_pre_tax,True,ok,,0.2,0.5,2025-09-01,3,2025-12-01,77.44055215569736,0.7281398295582195,-1.833279483288822,9.225640860635377,77.07668205307277,77.5949369502122,-0.3638701026245883,0.3638701026245883,0.1324014515840284,0.8183207977726887,0.0,600
2728f50a7bc9948c6ddab69730f4191b16d4689d4f838303f354eb900143c0ab,0b63e09e5746a9c5007e1c5b769170b2c309a0282c59af66816d7fcc5fe92786,gas,minnesota,screen,monthly,linear,gas_pre_tax,True,ok,,0.2,0.5,2025-09-01,6,2026-03-01,79.38702492992914,2.032079389290508,-2.864374426320864,14.555019091579187,76.71166951815049,76.61873041563734,-2.6753554117786535,2.6753554117786535,7.157526579333329,0.8183207977726887,0.0,600
86d574ac159f74f6c32d8831e625d72e25dfdfe478fd257baf5401e6f1546ec4,0b63e09e5746a9c5007e1c5b769170b2c309a0282c59af66816d7fcc5fe92786,gas,minnesota,screen,monthly,linear,gas_pre_tax,True,ok,,0.2,0.5,2025-10-01,1,2025-11-01,77.1985037278136,0.2740502883741178,-0.9892780773823828,5.019352676223225,76.92699865478383,76.95641739233298,-0.2715050730297719,0.2715050730297719,0.07371500468090177,0.8142758807153996,0.0,600
86d574ac159f74f6c32d8831e625d72e25dfdfe478fd257baf5401e6f1546ec4,0b63e09e5746a9c5007e1c5b769170b2c309a0282c59af66816d7fcc5fe92786,gas,minnesota,screen,monthly,linear,gas_pre_tax,True,ok,,0.2,0.5,2025-10-01,3,2026-01-01,76.82534573482619,0.7100105793532818,-1.8347873932845804,9.171376245915605,76.91990690310871,76.53658801638869,0.09456116828252448,0.09456116828252448,0.008941814546955914,0.8142758807153996,0.0,600
86d574ac159f74f6c32d8831e625d72e25dfdfe478fd257baf5401e6f1546ec4,0b63e09e5746a9c5007e1c5b769170b2c309a0282c59af66816d7fcc5fe92786,gas,minnesota,screen,monthly,linear,gas_pre_tax,True,ok,,0.2,0.5,2025-10-01,6,2026-04-01,82.84630037843436,4.545537931825897,-3.8831843528454653,13.443418284837803,76.0103249174266,76.11659620428597,-6.835975461007763,6.835975461007763,46.7305605035003,0.8142758807153996,0.0,600
b4e64db12bc86f41866188e0ef393886614a2ed17f52881ae7e4f6fa321d4553,0b63e09e5746a9c5007e1c5b769170b2c309a0282c59af66816d7fcc5fe92786,gas,minnesota,screen,monthly,linear,gas_pre_tax,True,ok,,0.2,0.5,2025-11-01,1,2025-12-01,77.44055215569736,0.42008834528356775,-1.1858484025918141,5.230389961874335,77.03063170210636,76.83470313838419,-0.40992045359099905,0.40992045359099905,0.1680347782722504,0.8192763474199387,0.0,600
b4e64db12bc86f41866188e0ef393886614a2ed17f52881ae7e4f6fa321d4553,0b63e09e5746a9c5007e1c5b769170b2c309a0282c59af66816d7fcc5fe92786,gas,minnesota,screen,monthly,linear,gas_pre_tax,True,ok,,0.2,0.5,2025-11-01,3,2026-02-01,77.34978399524095,0.8734471700785482,-1.9438339758250724,8.66612326615263,77.0544235206752,76.16470038181848,-0.2953604745657543,0.2953604745657543,0.08723780993570761,0.8192763474199387,0.0,600
b4e64db12bc86f41866188e0ef393886614a2ed17f52881ae7e4f6fa321d4553,0b63e09e5746a9c5007e1c5b769170b2c309a0282c59af66816d7fcc5fe92786,gas,minnesota,screen,monthly,linear,gas_pre_tax,True,ok,,0.2,0.5,2025-11-01,6,2026-05-01,84.42970051084055,5.614215261414495,-4.243319949700552,14.78189359458575,76.96512434615327,75.93894231381033,-7.464576164687273,7.464576164687273,55.71989731841735,0.8192763474199387,0.0,600
8df4bb43a9505b13181910a1da823f7e69cf1a9067e7d1616fd68fc86416d3c4,0b63e09e5746a9c5007e1c5b769170b2c309a0282c59af66816d7fcc5fe92786,gas,minnesota,screen,monthly,linear,gas_pre_tax,True,ok,,0.2,0.5,2025-12-01,1,2026-01-01,76.82534573482619,0.2620674068493525,-0.8281563655523128,4.8162659749203645,77.20476432006893,76.88358342714338,0.3794185852427461,0.3794185852427461,0.14395846282760696,0.8212902841831506,0.0,600
8df4bb43a9505b13181910a1da823f7e69cf1a9067e7d1616fd68fc86416d3c4,0b63e09e5746a9c5007e1c5b769170b2c309a0282c59af66816d7fcc5fe92786,gas,minnesota,screen,monthly,linear,gas_pre_tax,True,ok,,0.2,0.5,2025-12-01,3,2026-03-01,79.38702492992914,1.9165832702726995,-3.041806044127549,8.289623158464696,76.69168346360134,76.56630826598209,-2.695341466327804,2.695341466327804,7.264865620106116,0.8212902841831506,0.0,600
8df4bb43a9505b13181910a1da823f7e69cf1a9067e7d1616fd68fc86416d3c4,0b63e09e5746a9c5007e1c5b769170b2c309a0282c59af66816d7fcc5fe92786,gas,minnesota,screen,monthly,linear,gas_pre_tax,True,ok,,0.2,0.5,2025-12-01,6,2026-06-01,84.631407534077,5.622499521398128,-4.398721806142023,12.556928796304977,76.5180373536289,76.1913150456216,-8.1133701804481,8.1133701804481,65.82677568498444,0.8212902841831506,0.0,600
f59f476bf67d4763e1e9fea65411f2838ebe2a8c1e6aef5006dc5fa7f1d71827,0f8e14b452e386070cce7682d28cbe24f17bdd0cd3a7ed9ca6ce0d6963459fe7,gas,minnesota,screen,monthly,linear,gas_pre_tax,False,ok,,0.2,0.75,2025-07-01,1,2025-08-01,79.12480579972177,0.5049008638211752,-1.2658321488401212,4.720624184797239,80.10492389163335,79.89786840960438,0.980118091911578,0.980118091911578,0.9606314740923924,0.8139752741279485,0.0,600
f59f476bf67d4763e1e9fea65411f2838ebe2a8c1e6aef5006dc5fa7f1d71827,0f8e14b452e386070cce7682d28cbe24f17bdd0cd3a7ed9ca6ce0d6963459fe7,gas,minnesota,screen,monthly,linear,gas_pre_tax,False,ok,,0.2,0.75,2025-07-01,3,2025-10-01,77.3699546975646,1.736184338026579,-2.552765411288354,7.680506803158043,80.63267028140677,80.09614066113134,3.26271558384218,3.26271558384218,10.645312981046617,0.8139752741279485,0.0,600
f59f476bf67d4763e1e9fea65411f2838ebe2a8c1e6aef5006dc5fa7f1d71827,0f8e14b452e386070cce7682d28cbe24f17bdd0cd3a7ed9ca6ce0d6963459fe7,gas,minnesota,screen,monthly,linear,gas_pre_tax,False,ok,,0.2,0.75,2025-07-01,6,2026-01-01,76.82534573482619,2.0806619767110535,-2.778968877956564,11.629418131315848,79.90138760740126,79.65269806178885,3.0760418725750753,3.0760418725750753,9.462033601835175,0.8139752741279485,0.0,600
47ad6fb56b1dc1d62951ee46842cc11a5082f29b78bae8ec30ef1f3d065ac5fa,0f8e14b452e386070cce7682d28cbe24f17bdd0cd3a7ed9ca6ce0d6963459fe7,gas,minnesota,screen,monthly,linear,gas_pre_tax,False,ok,,0.2,0.75,2025-08-01,1,2025-09-01,78.49951402768875,0.3667061193038186,-1.1764405602018924,3.2551606655641154,79.10079762167821,79.06655278693809,0.6012835939894643,0.6012835939894643,0.36154196040088693,0.8122005748696333,0.0,600
47ad6fb56b1dc1d62951ee46842cc11a5082f29b78bae8ec30ef1f3d065ac5fa,0f8e14b452e386070cce7682d28cbe24f17bdd0cd3a7ed9ca6ce0d6963459fe7,gas,minnesota,screen,monthly,linear,gas_pre_tax,False,ok,,0.2,0.75,2025-08-01,3,2025-11-01,77.1985037278136,0.9875550626195313,-2.183643145477722,6.844215379170845,78.7664064087777,78.6839841202237,1.567902680964096,1.567902680964096,2.4583188169743995,0.8122005748696333,0.0,600
47ad6fb56b1dc1d62951ee46842cc11a5082f29b78bae8ec30ef1f3d065ac5fa,0f8e14b452e386070cce7682d28cbe24f17bdd0cd3a7ed9ca6ce0d6963459fe7,gas,minnesota,screen,monthly,linear,gas_pre_tax,False,ok,,0.2,0.75,2025-08-01,6,2026-02-01,77.34978399524095,1.2338404110694237,-2.4030776632984896,11.014922790607402,77.37622520897374,77.62569355364815,0.026441213732780966,0.026441213732780966,0.0006991377836626047,0.8122005748696333,0.0,600
6a5178fb21c6aa7bc03db3738dd3f0c00c42549337ec3d2cae310fe119049e67,0f8e14b452e386070cce7682d28cbe24f17bdd0cd3a7ed9ca6ce0d6963459fe7,gas,minnesota,screen,monthly,linear,gas_pre_tax,False,ok,,0.2,0.75,2025-09-01,1,2025-10-01,77.3699546975646,0.5267092249811673,-1.3030418131320705,3.425902487922651,78.5243307677406,78.2393655756082,1.1543760701759993,1.1543760701759993,1.3325841113949837,0.8178705484841278,0.0,600
6a5178fb21c6aa7bc03db3738dd3f0c00c42549337ec3d2cae310fe119049e67,0f8e14b452e386070cce7682d28cbe24f17bdd0cd3a7ed9ca6ce0d6963459fe7,gas,minnesota,screen,monthly,linear,gas_pre_tax,False,ok,,0.2,0.75,2025-09-01,3,2025-12-01,77.44055215569736,0.6688779099865618,-1.7997443533574984,8.195401725166791,77.49889695673615,77.66557410315431,0.058344801038785477,0.058344801038785477,0.0034041158082554627,0.8178705484841278,0.0,600
6a5178fb21c6aa7bc03db3738dd3f0c00c42549337ec3d2cae310fe119049e67,0f8e14b452e386070cce7682d28cbe24f17bdd0cd3a7ed9ca6ce0d6963459fe7,gas,minnesota,screen,monthly,linear,gas_pre_tax,False,ok,,0.2,0.75,2025-09-01,6,2026-03-01,79.38702492992914,1.9644155295553487,-2.854238483362678,11.80301984087469,76.67121075952346,76.5979167176943,-2.715814170405679,2.715814170405679,7.375646608176286,0.8178705484841278,0.0,600
792b899f5642db7456313192f53cfe43a1ee666553dd8a34b3a78caac790bfd8,0f8e14b452e386070cce7682d28cbe24f17bdd0cd3a7ed9ca6ce0d6963459fe7,gas,minnesota,screen,monthly,linear,gas_pre_tax,False,ok,,0.2,0.75,2025-10-01,1,2025-11-01,77.1985037278136,0.24596825995558458,-0.8978402275926705,4.087790445402796,77.02798695755416,77.05875090043315,-0.17051677025943945,0.17051677025943945,0.029075968939710456,0.813893262288031,0.0,600
792b899f5642db7456313192f53cfe43a1ee666553dd8a34b3a78caac790bfd8,0f8e14b452e386070cce7682d28cbe24f17bdd0cd3a7ed9ca6ce0d6963459fe7,gas,minnesota,screen,monthly,linear,gas_pre_tax,False,ok,,0.2,0.75,2025-10-01,3,2026-01-01,76.82534573482619,0.6151010404557535,-1.658925820975309,7.5377663669015895,76.46372341811346,76.60470638211763,-0.36162231671272593,0.36162231671272593,0.13077069994467908,0.813893262288031,0.0,600
792b899f5642db7456313192f53cfe43a1ee666553dd8a34b3a78caac790bfd8,0f8e14b452e386070cce7682d28cbe24f17bdd0cd3a7ed9ca6ce0d6963459fe7,gas,minnesota,screen,monthly,linear,gas_pre_tax,False,ok,,0.2,0.75,2025-10-01,6,2026-04-01,82.84630037843436,4.664083573909597,-3.9394851251542846,11.529574466482117,75.74748450917383,75.94294975867776,-7.098815869260534,7.098815869260534,50.39318674566519,0.813893262288031,0.0,600
745bccdd3f57dc16749f9d6999057d7a872325f01154c628873d5b9a4599f26d,0f8e14b452e386070cce7682d28cbe24f17bdd0cd3a7ed9ca6ce0d6963459fe7,gas,minnesota,screen,monthly,linear,gas_pre_tax,False,ok,,0.2,0.75,2025-11-01,1,2025-12-01,77.44055215569736,0.39372149382494326,-1.2010484052359125,2.551016556366865,76.86140917666285,76.84077792139145,-0.5791429790345148,0.5791429790345148,0.3354065901649725,0.8116639544166022,0.0,600
745bccdd3f57dc16749f9d6999057d7a872325f01154c628873d5b9a4599f26d,0f8e14b452e386070cce7682d28cbe24f17bdd0cd3a7ed9ca6ce0d6963459fe7,gas,minnesota,screen,monthly,linear,gas_pre_tax,False,ok,,0.2,0.75,2025-11-01,3,2026-02-01,77.34978399524095,0.7580505641439399,-1.8377235044246731,6.138872431408847,76.31982757407819,76.30414599515206,-1.0299564211627654,1.0299564211627654,1.0608102294944117,0.8116639544166022,0.0,600
745bccdd3f57dc16749f9d6999057d7a872325f01154c628873d5b9a4599f26d,0f8e14b452e386070cce7682d28cbe24f17bdd0cd3a7ed9ca6ce0d6963459fe7,gas,minnesota,screen,monthly,linear,gas_pre_tax,False,ok,,0.2,0.75,2025-11-01,6,2026-05-01,84.42970051084055,5.349722484179051,-4.377557750379391,9.744105890487814,77.07205434952829,76.36444013305768,-7.35764616131226,7.35764616131226,54.13495703507304,0.8116639544166022,0.0,600
e27a9b5afdf8a132f82b91828031e048ee8213fcd0acbc1c9a180987222888aa,0f8e14b452e386070cce7682d28cbe24f17bdd0cd3a7ed9ca6ce0d6963459fe7,gas,minnesota,screen,monthly,linear,gas_pre_tax,False,ok,,0.2,0.75,2025-12-01,1,2026-01-01,76.82534573482619,0.2388200826451372,-0.8576329835669325,3.8350942903191276,77.16324436840459,76.8606685311606,0.3378986335784049,0.3378986335784049,0.11417548657415313,0.8192603329914071,0.0,600
e27a9b5afdf8a132f82b91828031e048ee8213fcd0acbc1c9a180987222888aa,0f8e14b452e386070cce7682d28cbe24f17bdd0cd3a7ed9ca6ce0d6963459fe7,gas,minnesota,screen,monthly,linear,gas_pre_tax,False,ok,,0.2,0.75,2025-12-01,3,2026-03-01,79.38702492992914,2.0531758449471367,-3.1143073241310453,8.827056030576655,76.38541532274775,76.32669289586326,-3.0016096071813934,3.0016096071813934,9.009660233923638,0.8192603329914071,0.0,600
e27a9b5afdf8a132f82b91828031e048ee8213fcd0acbc1c9a180987222888aa,0f8e14b452e386070cce7682d28cbe24f17bdd0cd3a7ed9ca6ce0d6963459fe7,gas,minnesota,screen,monthly,linear,gas_pre_tax,False,ok,,0.2,0.75,2025-12-01,6,2026-06-01,84.631407534077,5.7957628962721826,-4.565152104837447,12.535021892154193,76.26722219945634,76.04244487396664,-8.364185334620657,8.364185334620657,69.95959631188327,0.8192603329914071,0.0,600
cb93231d1ce9e01149ea376de25454722e1ac8d839f17974bae416ed0f684f01,92723857aa9bb3300d2b5b0cc644f815f4f9bb906d276da7f158281cb7074e35,gas,minnesota,screen,monthly,linear,gas_pre_tax,False,ok,,0.2,1.0,2025-07-01,1,2025-08-01,79.12480579972177,0.5100401131355055,-1.2677136214899818,5.514517149006221,80.19986510718722,79.91568361519543,1.0750593074654518,1.0750593074654518,1.1557525145680967,0.8146301791953252,0.0,600
cb93231d1ce9e01149ea376de25454722e1ac8d839f17974bae416ed0f684f01,92723857aa9bb3300d2b5b0cc644f815f4f9bb906d276da7f158281cb7074e35,gas,minnesota,screen,monthly,linear,gas_pre_tax,False,ok,,0.2,1.0,2025-07-01,3,2025-10-01,77.3699546975646,1.7636602074752123,-2.49983236550992,8.304581411858164,80.69304214728619,80.16736642233812,3.323087449721598,3.323087449721598,11.042910198497193,0.8146301791953252,0.0,600
cb93231d1ce9e01149ea376de25454722e1ac8d839f17974bae416ed0f684f01,92723857aa9bb3300d2b5b0cc644f815f4f9bb906d276da7f158281cb7074e35,gas,minnesota,screen,monthly,linear,gas_pre_tax,False,ok,,0.2,1.0,2025-07-01,6,2026-01-01,76.82534573482619,2.1178196243413874,-2.8053923350061623,11.886206468594883,80.0151900529551,79.60887556756248,3.1898443181289196,3.1898443181289196,10.175106773899351,0.8146301791953252,0.0,600
b1a18166a0840957ebc2d16865e5f9f3684910a69aaba3592d48777e4fb9e1fe,92723857aa9bb3300d2b5b0cc644f815f4f9bb906d276da7f158281cb7074e35,gas,minnesota,screen,monthly,linear,gas_pre_tax,False,ok,,0.2,1.0,2025-08-01,1,2025-09-01,78.49951402768875,0.3584671367033443,-1.1170799892310104,4.076667026724061,78.73034943405604,79.0332508868132,0.23083540636729083,0.23083540636729083,0.05328498483275229,0.8140067495022035,0.0,600
b1a18166a0840957ebc2d16865e5f9f3684910a69aaba3592d48777e4fb9e1fe,92723857aa9bb3300d2b5b0cc644f815f4f9bb906d276da7f158281cb7074e35,gas,minnesota,screen,monthly,linear,gas_pre_tax,False,ok,,0.2,1.0,2025-08-01,3,2025-11-01,77.1985037278136,0.981983957764069,-2.06397179493616,7.014597750914995,78.6926996920822,78.65174077679802,1.4941959642685987,1.4941959642685987,2.2326215796365676,0.8140067495022035,0.0,600
b1a18166a0840957ebc2d16865e5f9f3684910a69aaba3592d48777e4fb9e1fe,92723857aa9bb3300d2b5b0cc644f815f4f9bb906d276da7f158281cb7074e35,gas,minnesota,screen,monthly,linear,gas_pre_tax,False,ok,,0.2,1.0,2025-08-01,6,2026-02-01,77.34978399524095,1.161027681460233,-2.414102097554418,9.74711268366613,77.59573613050695,77.6137505818144,0.2459521352659948,0.2459521352659948,0.0604924528419022,0.8140067495022035,0.0,600
6f8760a536f6260e02cb212ddc3f6682418af5de09bca4861e333acd78aafd2c,92723857aa9bb3300d2b5b0cc644f815f4f9bb906d276da7f158281cb7074e35,gas,minnesota,screen,monthly,linear,gas_pre_tax,False,ok,,0.2,1.0,2025-09-01,1,2025-10-01,77.3699546975646,0.5524488209674838,-1.3450195205689415,3.579356192298449,78.47363778769117,78.2734646685351,1.1036830901265802,1.1036830901265802,1.218116363431357,0.8187660235809231,0.0,600
6f8760a536f6260e02cb212ddc3f6682418af5de09bca4861e333acd78aafd2c,92723857aa9bb3300d2b5b0cc644f815f4f9bb906d276da7f158281cb7074e35,gas,minnesota,screen,monthly,linear,gas_pre_tax,False,ok,,0.2,1.0,2025-09-01,3,2025-12-01,77.44055215569736,0.6217877481594019,-1.7594822128936944,7.2048958790871405,77.39400402526167,77.68542125670572,-0.04654813043569561,0.04654813043569561,0.0021667284470585323,0.8187660235809231,0.0,600
6f8760a536f6260e02cb212ddc3f6682418af5de09bca4861e333acd78aafd2c,92723857aa9bb3300d2b5b0cc644f815f4f9bb906d276da7f158281cb7074e35,gas,minnesota,screen,monthly,linear,gas_pre_tax,False,ok,,0.2,1.0,2025-09-01,6,2026-03-01,79.38702492992914,1.8488267294246805,-2.7507978908275366,10.128945504994041,76.71808215230284,76.60771705873066,-2.668942777626299,2.668942777626299,7.1232555502435835,0.8187660235809231,0.0,600
ab91fbb922c205dcbc56737b72d012e5c82f42258e5cfb6bc19a789b67ab7c82,92723857aa9bb3300d2b5b0cc644f815f4f9bb906d276da7f158281cb7074e35,gas,minnesota,screen,monthly,linear,gas_pre_tax,False,ok,,0.2,1.0,2025-10-01,1,2025-11-01,77.1985037278136,0.23924769256682166,-0.833012851408693,4.181588608904046,77.15301655817315,77.1154699702672,-0.04548716964045241,0.04548716964045241,0.002069082601899295,0.8152557348563008,0.0,600
ab91fbb922c205dcbc56737b72d012e5c82f42258e5cfb6bc19a789b67ab7c82,92723857aa9bb3300d2b5b0cc644f815f4f9bb906d276da7f158281cb7074e35,gas,minnesota,screen,monthly,linear,gas_pre_tax,False,ok,,0.2,1.0,2025-10-01,3,2026-01-01,76.82534573482619,0.5915450368255515,-1.6817296471217364,7.003454123864757,76.84994645147984,76.64219170055588,0.02460071665365149,0.02460071665365149,0.0006051952598732457,0.8152557348563008,0.0,600
ab91fbb922c205dcbc56737b72d012e5c82f42258e5cfb6bc19a789b67ab7c82,92723857aa9bb3300d2b5b0cc644f815f4f9bb906d276da7f158281cb7074e35,gas,minnesota,screen,monthly,linear,gas_pre_tax,False,ok,,0.2,1.0,2025-10-01,6,2026-04-01,82.84630037843436,4.404802274800895,-4.09443697941873,10.7818530106519,76.29826256150287,76.24870078092573,-6.5480378169314974,6.5480378169314974,42.87679925196501,0.8152557348563008,0.0,600
b8e996652f207fb10dbe759ab39229624de2dc49c0dd1a8075431fbed6d0ae63,92723857aa9bb3300d2b5b0cc644f815f4f9bb906d276da7f158281cb7074e35,gas,minnesota,screen,monthly,linear,gas_pre_tax,False,ok,,0.2,1.0,2025-11-01,1,2025-12-01,77.44055215569736,0.43361940586776204,-1.233120025198243,2.402522069434594,76.768528891088,76.72703228987444,-0.6720232646093649,0.6720232646093649,0.4516152681762285,0.8157775017614248,0.0,600
b8e996652f207fb10dbe759ab39229624de2dc49c0dd1a8075431fbed6d0ae63,92723857aa9bb3300d2b5b0cc644f815f4f9bb906d276da7f158281cb7074e35,gas,minnesota,screen,monthly,linear,gas_pre_tax,False,ok,,0.2,1.0,2025-11-01,3,2026-02-01,77.34978399524095,0.8371507778866984,-1.9709655192256883,5.885917602357078,76.5312373434608,76.13440514476144,-0.818546651780153,0.818546651780153,0.6700186211404989,0.8157775017614248,0.0,600
b8e996652f207fb10dbe759ab39229624de2dc49c0dd1a8075431fbed6d0ae63,92723857aa9bb3300d2b5b0cc644f815f4f9bb906d276da7f158281cb7074e35,gas,minnesota,screen,monthly,linear,gas_pre_tax,False,ok,,0.2,1.0,2025-11-01,6,2026-05-01,84.42970051084055,5.559829561274378,-4.3597124951522,9.780713680506992,76.7837051394506,76.360158714873,-7.645995371389944,7.645995371389944,58.461245219316446,0.8157775017614248,0.0,600
e221f069bb2e663eb7da2a9ddeb9bde0fb63af52c147ef56e5cf4936cfe5d11f,92723857aa9bb3300d2b5b0cc644f815f4f9bb906d276da7f158281cb7074e35,gas,minnesota,screen,monthly,linear,gas_pre_tax,False,ok,,0.2,1.0,2025-12-01,1,2026-01-01,76.82534573482619,0.24054164573698333,-0.8011451856155611,3.894926810159752,77.34167308927442,76.96685736315465,0.5163273544482365,0.5163273544482365,0.26659393695151484,0.8200836507049067,0.0,600
e221f069bb2e663eb7da2a9ddeb9bde0fb63af52c147ef56e5cf4936cfe5d11f,92723857aa9bb3300d2b5b0cc644f815f4f9bb906d276da7f158281cb7074e35,gas,minnesota,screen,monthly,linear,gas_pre_tax,False,ok,,0.2,1.0,2025-12-01,3,2026-03-01,79.38702492992914,1.9210137494757538,-2.9196129482568485,6.4393980133251425,76.898625983359,76.34785888717253,-2.4883989465701433,2.4883989465701433,6.192129317291399,0.8200836507049067,0.0,600
e221f069bb2e663eb7da2a9ddeb9bde0fb63af52c147ef56e5cf4936cfe5d11f,92723857aa9bb3300d2b5b0cc644f815f4f9bb906d276da7f158281cb7074e35,gas,minnesota,screen,monthly,linear,gas_pre_tax,False,ok,,0.2,1.0,2025-12-01,6,2026-06-01,84.631407534077,5.535766791097075,-4.888392913696867,10.424373150279724,76.79095300076494,76.49249120901446,-7.840454533312055,7.840454533312055,61.472727288933555,0.8200836507049067,0.0,600
47a390b2cc28ad887ae9c9d05a1d6a507d1b1520ab62b1b0e1df00f70e53756b,c4211de36c6c77a6e74c5f96016e40c047dffa4f215ff332df4aaa3e728e0414,gas,minnesota,screen,monthly,linear,gas_pre_tax,False,ok,,0.3,0.25,2025-07-01,1,2025-08-01,79.12480579972177,0.5329587264663018,-1.3880892392071882,4.519321047053402,80.33723562798815,79.9636974657968,1.2124298282663801,1.2124298282663801,1.469986088470044,0.8311495843160717,0.0,600
47a390b2cc28ad887ae9c9d05a1d6a507d1b1520ab62b1b0e1df00f70e53756b,c4211de36c6c77a6e74c5f96016e40c047dffa4f215ff332df4aaa3e728e0414,gas,minnesota,screen,monthly,linear,gas_pre_tax,False,ok,,0.3,0.25,2025-07-01,3,2025-10-01,77.3699546975646,1.8355571051370378,-2.5229222723412246,9.073306134918214,81.32321883753866,80.22962250368259,3.953264139974067,3.953264139974067,15.628297360404899,0.8311495843160717,0.0,600
47a390b2cc28ad887ae9c9d05a1d6a507d1b1520ab62b1b0e1df00f70e53756b,c4211de36c6c77a6e74c5f96016e40c047dffa4f215ff332df4aaa3e728e0414,gas,minnesota,screen,monthly,linear,gas_pre_tax,False,ok,,0.3,0.25,2025-07-01,6,2026-01-01,76.82534573482619,2.331044612451638,-2.8690779060546343,14.888372487448091,80.612650006022,79.57645330958022,3.787304271195808,3.787304271195808,14.34367364261801,0.8311495843160717,0.0,600
b710bd72feb8c1a07541746630bed1a8088d0829078fa4b2cf0d1aa5a22440da,c4211de36c6c77a6e74c5f96016e40c047dffa4f215ff332df4aaa3e728e0414,gas,minnesota,screen,monthly,linear,gas_pre_tax,False,ok,,0.3,0.25,2025-08-01,1,2025-09-01,78.49951402768875,0.39417942086669266,-1.222226887389998,4.12500446242858,79.46716746158037,79.101157927625,0.967653433891627,0.967653433891627,0.9363531681222572,0.8314169009225277,0.0,600
b710bd72feb8c1a07541746630bed1a8088d0829078fa4b2cf0d1aa5a22440da,c4211de36c6c77a6e74c5f96016e40c047dffa4f215ff332df4aaa3e728e0414,gas,minnesota,screen,monthly,linear,gas_pre_tax,False,ok,,0.3,0.25,2025-08-01,3,2025-11-01,77.1985037278136,1.1135361151699779,-2.1729935598828005,7.3850351234539025,79.65175911037467,78.87685204938289,2.4532553825610677,2.4532553825610677,6.01846197206485,0.8314169009225277,0.0,600
b710bd72feb8c1a07541746630bed1a8088d0829078fa4b2cf0d1aa5a22440da,c4211de36c6c77a6e74c5f96016e40c047dffa4f215ff332df4aaa3e728e0414,gas,minnesota,screen,monthly,linear,gas_pre_tax,False,ok,,0.3,0.25,2025-08-01,6,2026-02-01,77.34978399524095,1.5486425740531873,-2.7075572373975527,12.439756659970614,78.6257599099345,78.10521200338724,1.2759759146935465,1.2759759146935465,1.6281145348780328,0.8314169009225277,0.0,600
e2aae2dc2203651a8899b4b8503f0ef74fb3193b7a63360ff740b48b531f815a,c4211de36c6c77a6e74c5f96016e40c047dffa4f215ff332df4aaa3e728e0414,gas,minnesota,screen,monthly,linear,gas_pre_tax,False,ok,,0.3,0.25,2025-09-01,1,2025-10-01,77.3699546975646,0.5476168401142334,-1.3952800573134327,3.8821609725160657,78.5087991655634,78.14372005571872,1.1388444679988083,1.1388444679988083,1.296966722291489,0.8391217397465558,0.0,600
e2aae2dc2203651a8899b4b8503f0ef74fb3193b7a63360ff740b48b531f815a,c4211de36c6c77a6e74c5f96016e40c047dffa4f215ff332df4aaa3e728e0414,gas,minnesota,screen,monthly,linear,gas_pre_tax,False,ok,,0.3,0.25,2025-09-01,3,2025-12-01,77.44055215569736,0.7261136092357212,-1.822082652673719,7.171751346339295,78.40870920433359,77.63033021281774,0.968157048636229,0.968157048636229,0.9373280708240135,0.8391217397465558,0.0,600
e2aae2dc2203651a8899b4b8503f0ef74fb3193b7a63360ff740b48b531f815a,c4211de36c6c77a6e74c5f96016e40c047dffa4f215ff332df4aaa3e728e0414,gas,minnesota,screen,monthly,linear,gas_pre_tax,False,ok,,0.3,0.25,2025-09-01,6,2026-03-01,79.38702492992914,2.0046740164518777,-2.8141258358667858,11.674388318267654,76.91713537156771,76.67201991103416,-2.46988955836143,2.46988955836143,6.10035443050282,0.8391217397465558,0.0,600
d509fde99b69fdb5223ace369fff932f7a7ad10f7d13c41adf449c186772b97f,c4211de36c6c77a6e74c5f96016e40c047dffa4f215ff332df4aaa3e728e0414,gas,minnesota,screen,monthly,linear,gas_pre_tax,False,ok,,0.3,0.25,2025-10-01,1,2025-11-01,77.1985037278136,0.3212841891299709,-1.1298110474396035,4.2155683750765,76.99240522932251,76.79912058887678,-0.2060984984910874,0.2060984984910874,0.04247659108028076,0.8383582062302259,0.0,600
d509fde99b69fdb5223ace369fff932f7a7ad10f7d13c41adf449c186772b97f,c4211de36c6c77a6e74c5f96016e40c047dffa4f215ff332df4aaa3e728e0414,gas,minnesota,screen,monthly,linear,gas_pre_tax,False,ok,,0.3,0.25,2025-10-01,3,2026-01-01,76.82534573482619,0.8441137412947137,-1.9695517388544461,9.533013857435797,76.30379120376823,76.1068821140399,-0.5215545310579586,0.5215545310579586,0.27201912886708707,0.8383582062302259,0.0,600
d509fde99b69fdb5223ace369fff932f7a7ad10f7d13c41adf449c186772b97f,c4211de36c6c77a6e74c5f96016e40c047dffa4f215ff332df4aaa3e728e0414,gas,minnesota,screen,monthly,linear,gas_pre_tax,False,ok,,0.3,0.25,2025-10-01,6,2026-04-01,82.84630037843436,5.125740656572424,-4.05043565622692,14.418436732055985,75.02315981081522,74.9449928887907,-7.8231405676191486,7.8231405676191486,61.20152834072845,0.8383582062302259,0.0,600
6248eb764fe5445a63e3608a3c65fac8ef2b74b54790285bdbe3a8aad379eec0,c4211de36c6c77a6e74c5f96016e40c047dffa4f215ff332df4aaa3e728e0414,gas,minnesota,screen,monthly,linear,gas_pre_tax,False,ok,,0.3,0.25,2025-11-01,1,2025-12-01,77.44055215569736,0.4541709824367639,-1.248258372923151,5.035713474103814,77.23954380249742,76.73979824029801,-0.20100835319993848,0.20100835319993848,0.04040435805615122,0.8378040287700484,0.0,600
6248eb764fe5445a63e3608a3c65fac8ef2b74b54790285bdbe3a8aad379eec0,c4211de36c6c77a6e74c5f96016e40c047dffa4f215ff332df4aaa3e728e0414,gas,minnesota,screen,monthly,linear,gas_pre_tax,False,ok,,0.3,0.25,2025-11-01,3,2026-02-01,77.34978399524095,0.9403889943004655,-2.0898733209424343,9.01057199164969,77.04637263452814,76.06222743841883,-0.3034113607128148,0.3034113607128148,0.09205845380960183,0.8378040287700484,0.0,600
6248eb764fe5445a63e3608a3c65fac8ef2b74b54790285bdbe3a8aad379eec0,c4211de36c6c77a6e74c5f96016e40c047dffa4f215ff332df4aaa3e728e0414,gas,minnesota,screen,monthly,linear,gas_pre_tax,False,ok,,0.3,0.25,2025-11-01,6,2026-05-01,84.42970051084055,5.861728753835223,-4.543266559276965,15.134258583270206,76.4411138239377,75.48079323383156,-7.988586686902849,7.988586686902849,63.81751725416144,0.8378040287700484,0.0,600
253df560c199980c6ba265d5ae967832a7cabba4aec97988748458c4a9256c89,c4211de36c6c77a6e74c5f96016e40c047dffa4f215ff332df4aaa3e728e0414,gas,minnesota,screen,monthly,linear,gas_pre_tax,False,ok,,0.3,0.25,2025-12-01,1,2026-01-01,76.82534573482619,0.24229424683008216,-0.8163964767298939,3.600220240167364,76.9710595226219,76.87804439431085,0.14571378779571376,0.14571378779571376,0.0212325079537743,0.8401867068832953,0.0,600
253df560c199980c6ba265d5ae967832a7cabba4aec97988748458c4a9256c89,c4211de36c6c77a6e74c5f96016e40c047dffa4f215ff332df4aaa3e728e0414,gas,minnesota,screen,monthly,linear,gas_pre_tax,False,ok,,0.3,0.25,2025-12-01,3,2026-03-01,79.38702492992914,1.9012032685885591,-2.8760981207763345,7.642107486271884,76.80706914176899,76.4759926432005,-2.5799557881601487,2.5799557881601487,6.656171868861054,0.8401867068832953,0.0,600
253df560c199980c6ba265d5ae967832a7cabba4aec97988748458c4a9256c89,c4211de36c6c77a6e74c5f96016e40c047dffa4f215ff332df4aaa3e728e0414,gas,minnesota,screen,monthly,linear,gas_pre_tax,False,ok,,0.3,0.25,2025-12-01,6,2026-06-01,84.631407534077,5.604985316315896,-4.20654072115392,12.779876779659482,76.9943932202388,76.00816786538408,-7.637014313838193,7.637014313838193,58.323987629769455,0.8401867068832953,0.0,600
cb764abe6be4e64b23ff1aba0ce84bcbe8bae45cc458d9cb44f4c0f47d6c1716,c547344e180f5e55d555669d14d2d8e4a3f7341b3ac765067d0c2d5407a5814b,gas,minnesota,screen,monthly,linear,gas_pre_tax,False,ok,,0.3,0.5,2025-07-01,1,2025-08-01,79.12480579972177,0.5326276617641104,-1.3218924280855386,5.99178847559781,80.42279229361736,79.90195418114013,1.2979864938955927,1.2979864938955927,1.6847689383353737,0.8303013754322208,0.0,600
cb764abe6be4e64b23ff1aba0ce84bcbe8bae45cc458d9cb44f4c0f47d6c1716,c547344e180f5e55d555669d14d2d8e4a3f7341b3ac765067d0c2d5407a5814b,gas,minnesota,screen,monthly,linear,gas_pre_tax,False,ok,,0.3,0.5,2025-07-01,3,2025-10-01,77.3699546975646,1.8697897520897917,-2.705391051045195,9.013861028534885,81.15939604571196,80.19565695249301,3.7894413481473634,3.7894413481473634,14.359865731048908,0.8303013754322208,0.0,600
cb764abe6be4e64b23ff1aba0ce84bcbe8bae45cc458d9cb44f4c0f47d6c1716,c547344e180f5e55d555669d14d2d8e4a3f7341b3ac765067d0c2d5407a5814b,gas,minnesota,screen,monthly,linear,gas_pre_tax,False,ok,,0.3,0.5,2025-07-01,6,2026-01-01,76.82534573482619,2.184535983174051,-2.7838068606163757,12.878386540629824,80.67338072626086,79.78157627265125,3.848034991434673,3.848034991434673,14.807373295305645,0.8303013754322208,0.0,600
123ee43bd0697f3134d291c0e2c1215e453bac9cc316497910b33b87f84e2580,c547344e180f5e55d555669d14d2d8e4a3f7341b3ac765067d0c2d5407a5814b,gas,minnesota,screen,monthly,linear,gas_pre_tax,False,ok,,0.3,0.5,2025-08-01,1,2025-09-01,78.49951402768875,0.39095041457334,-1.150362746433709,2.6715490645396995,79.24843000446336,79.09607262722268,0.7489159767746116,0.7489159767746116,0.5608751402682707,0.8283108173141905,0.0,600
123ee43bd0697f3134d291c0e2c1215e453bac9cc316497910b33b87f84e2580,c547344e180f5e55d555669d14d2d8e4a3f7341b3ac765067d0c2d5407a5814b,gas,minnesota,screen,monthly,linear,gas_pre_tax,False,ok,,0.3,0.5,2025-08-01,3,2025-11-01,77.1985037278136,1.0480648333955251,-2.2270097944737812,5.59069662257156,78.66099763088744,78.809777848771,1.4624939030738346,1.4624939030738346,2.1388884165281388,0.8283108173141905,0.0,600
123ee43bd0697f3134d291c0e2c1215e453bac9cc316497910b33b87f84e2580,c547344e180f5e55d555669d14d2d8e4a3f7341b3ac765067d0c2d5407a5814b,gas,minnesota,screen,monthly,linear,gas_pre_tax,False,ok,,0.3,0.5,2025-08-01,6,2026-02-01,77.34978399524095,1.355750599930043,-2.576763498605808,9.375650498777944,77.74137636353166,78.12058825096003,0.3915923682907021,0.3915923682907021,0.15334458290352088,0.8283108173141905,0.0,600
edc0dbade02ec80792ab8854627905f42a3506cff10040d98363e175950d8c3c,c547344e180f5e55d555669d14d2d8e4a3f7341b3ac765067d0c2d5407a5814b,gas,minnesota,screen,monthly,linear,gas_pre_tax,False,ok,,0.3,0.5,2025-09-01,1,2025-10-01,77.3699546975646,0.47727051638152207,-1.2710253076590394,2.9921141066997414,78.30238486213254,78.1616752008774,0.9324301645679469,0.9324301645679469,0.8694260117962086,0.8330882653710932,0.0,600
edc0dbade02ec80792ab8854627905f42a3506cff10040d98363e175950d8c3c,c547344e180f5e55d555669d14d2d8e4a3f7341b3ac765067d0c2d5407a5814b,gas,minnesota,screen,monthly,linear,gas_pre_tax,False,ok,,0.3,0.5,2025-09-01,3,2025-12-01,77.44055215569736,0.5962277300287515,-1.689323671779305,7.269437307832225,77.36910671186891,77.55489501099103,-0.07144544382845197,0.07144544382845197,0.005104451443844486,0.8330882653710932,0.0,600
edc0dbade02ec80792ab8854627905f42a3506cff10040d98363e175950d8c3c,c547344e180f5e55d555669d14d2d8e4a3f7341b3ac765067d0c2d5407a5814b,gas,minnesota,screen,monthly,linear,gas_pre_tax,False,ok,,0.3,0.5,2025-09-01,6,2026-03-01,79.38702492992914,2.0158288132696764,-2.817179494204787,10.70959459698002,76.58831569845756,76.33318708276354,-2.7987092314715767,2.7987092314715767,7.8327733623242235,0.8330882653710932,0.0,600
cb1bc96c3c25a729fa0dd0dce7b706761aecf763d7ccd3097b7fbcfd2fe4bcff,c547344e180f5e55d555669d14d2d8e4a3f7341b3ac765067d0c2d5407a5814b,gas,minnesota,screen,monthly,linear,gas_pre_tax,False,ok,,0.3,0.5,2025-10-01,1,2025-11-01,77.1985037278136,0.25453421200442805,-0.9296194024517579,3.3974592356799187,76.87317091173892,77.07910234651541,-0.32533281607467757,0.32533281607467757,0.10584144121507998,0.8307420278353296,0.0,600
cb1bc96c3c25a729fa0dd0dce7b706761aecf763d7ccd3097b7fbcfd2fe4bcff,c547344e180f5e55d555669d14d2d8e4a3f7341b3ac765067d0c2d5407a5814b,gas,minnesota,screen,monthly,linear,gas_pre_tax,False,ok,,0.3,0.5,2025-10-01,3,2026-01-01,76.82534573482619,0.6393780872826174,-1.706208092708426,8.146921558379852,76.43381843441053,76.41326839052704,-0.3915273004156603,0.3915273004156603,0.15329362697077473,0.8307420278353296,0.0,600
cb1bc96c3c25a729fa0dd0dce7b706761aecf763d7ccd3097b7fbcfd2fe4bcff,c547344e180f5e55d555669d14d2d8e4a3f7341b3ac765067d0c2d5407a5814b,gas,minnesota,screen,monthly,linear,gas_pre_tax,False,ok,,0.3,0.5,2025-10-01,6,2026-04-01,82.84630037843436,4.9652631607210935,-4.120238155210128,12.846495774087158,75.2456736387489,75.37733325880765,-7.600626739685467,7.600626739685467,57.769526836021726,0.8307420278353296,0.0,600
856bf1b01c79083cb4c932a1454dbc0e9ba9576300508d67299733b10d358e27,c547344e180f5e55d555669d14d2d8e4a3f7341b3ac765067d0c2d5407a5814b,gas,minnesota,screen,monthly,linear,gas_pre_tax,False,ok,,0.3,0.5,2025-11-01,1,2025-12-01,77.44055215569736,0.4991422054856103,-1.3906639215271763,2.921437774012816,76.72883740146322,76.64468720572225,-0.7117147542341371,0.7117147542341371,0.5065378913945582,0.8311431614652534,0.0,600
856bf1b01c79083cb4c932a1454dbc0e9ba9576300508d67299733b10d358e27,c547344e180f5e55d555669d14d2d8e4a3f7341b3ac765067d0c2d5407a5814b,gas,minnesota,screen,monthly,linear,gas_pre_tax,False,ok,,0.3,0.5,2025-11-01,3,2026-02-01,77.34978399524095,0.9293743773638128,-2.0056266715378124,8.172904608634957,76.29157680335736,76.12974883936258,-1.0582071918835965,1.0582071918835965,1.1198024609541668,0.8311431614652534,0.0,600
856bf1b01c79083cb4c932a1454dbc0e9ba9576300508d67299733b10d358e27,c547344e180f5e55d555669d14d2d8e4a3f7341b3ac765067d0c2d5407a5814b,gas,minnesota,screen,monthly,linear,gas_pre_tax,False,ok,,0.3,0.5,2025-11-01,6,2026-05-01,84.42970051084055,5.537223100688573,-4.267267062591916,11.623929115035711,76.54427193339764,76.1647177765841,-7.885428577442909,7.885428577442909,62.179983849953295,0.8311431614652534,0.0,600
846b859608232e0db2b170d096ba780800363f1cebdb2fbd01182d936b671341,c547344e180f5e55d555669d14d2d8e4a3f7341b3ac765067d0c2d5407a5814b,gas,minnesota,screen,monthly,linear,gas_pre_tax,False,ok,,0.3,0.5,2025-12-01,1,2026-01-01,76.82534573482619,0.2539943776341964,-0.9625479964847949,3.7131083752026295,77.07030483626002,76.78034556743084,0.24495910143383526,0.24495910143383526,0.06000496137527199,0.8354463764267972,0.0,600
846b859608232e0db2b170d096ba780800363f1cebdb2fbd01182d936b671341,c547344e180f5e55d555669d14d2d8e4a3f7341b3ac765067d0c2d5407a5814b,gas,minnesota,screen,monthly,linear,gas_pre_tax,False,ok,,0.3,0.5,2025-12-01,3,2026-03-01,79.38702492992914,2.2350840584272578,-3.360333134692651,7.802248621921785,76.4098465679618,76.05792540763014,-2.977178361967347,2.977178361967347,8.863590998966576,0.8354463764267972,0.0,600
846b859608232e0db2b170d096ba780800363f1cebdb2fbd01182d936b671341,c547344e180f5e55d555669d14d2d8e4a3f7341b3ac765067d0c2d5407a5814b,gas,minnesota,screen,monthly,linear,gas_pre_tax,False,ok,,0.3,0.5,2025-12-01,6,2026-06-01,84.631407534077,6.05997668661097,-4.21721818214564,13.276126523981995,76.2145335811893,75.7455922472485,-8.416873952887698,8.416873952887698,70.8437671387994,0.8354463764267972,0.0,600
01f8ec68179a6b4d98285e45b310eb1c9a00c4e54f36f8c692e8237008e67418,2066febbeb50b7f5fb2fb33b2bdc9bdeb833001f27dbede18557cbc7a809419b,gas,minnesota,screen,monthly,linear,gas_pre_tax,False,ok,,0.3,0.75,2025-07-01,1,2025-08-01,79.12480579972177,0.607167488900016,-1.57131457335353,3.673761317006967,80.15843899737169,80.10936310157996,1.0336331976499196,1.0336331976499196,1.0683975872839977,0.8294061165455461,0.0,600
01f8ec68179a6b4d98285e45b310eb1c9a00c4e54f36f8c692e8237008e67418,2066febbeb50b7f5fb2fb33b2bdc9bdeb833001f27dbede18557cbc7a809419b,gas,minnesota,screen,monthly,linear,gas_pre_tax,False,ok,,0.3,0.75,2025-07-01,3,2025-10-01,77.3699546975646,2.033929524142167,-2.894025397968968,6.803317740456411,80.92604158972041,80.32902289350854,3.556086892155818,3.556086892155818,12.645753984562425,0.8294061165455461,0.0,600
01f8ec68179a6b4d98285e45b310eb1c9a00c4e54f36f8c692e8237008e67418,2066febbeb50b7f5fb2fb33b2bdc9bdeb833001f27dbede18557cbc7a809419b,gas,minnesota,screen,monthly,linear,gas_pre_tax,False,ok,,0.3,0.75,2025-07-01,6,2026-01-01,76.82534573482619,2.386300056248399,-2.922357337239752,11.247558664571493,80.8929661725918,80.27371096572911,4.067620437765612,4.067620437765612,16.54553602572851,0.8294061165455461,0.0,600
a7e8188e31fa9ac30b907f2f43e9edd60c099e5b583e441fd5edced617b724a3,2066febbeb50b7f5fb2fb33b2bdc9bdeb833001f27dbede18557cbc7a809419b,gas,minnesota,screen,monthly,linear,gas_pre_tax,False,ok,,0.3,0.75,2025-08-01,1,2025-09-01,78.49951402768875,0.36953761108236294,-1.1603273283071536,3.0235131398975383,79.19072708215431,79.09186220205277,0.6912130544655639,0.6912130544655639,0.47777548666361463,0.8291314402279086,0.0,600
a7e8188e31fa9ac30b907f2f43e9edd60c099e5b583e441fd5edced617b724a3,2066febbeb50b7f5fb2fb33b2bdc9bdeb833001f27dbede18557cbc7a809419b,gas,minnesota,screen,monthly,linear,gas_pre_tax,False,ok,,0.3,0.75,2025-08-01,3,2025-11-01,77.1985037278136,1.0112670227012233,-2.2157877617401893,5.812000982939315,78.5664938686243,78.78180486733311,1.3679901408107042,1.3679901408107042,1.8713970253552905,0.8291314402279086,0.0,600
a7e8188e31fa9ac30b907f2f43e9edd60c099e5b583e441fd5edced617b724a3,2066febbeb50b7f5fb2fb33b2bdc9bdeb833001f27dbede18557cbc7a809419b,gas,minnesota,screen,monthly,linear,gas_pre_tax,False,ok,,0.3,0.75,2025-08-01,6,2026-02-01,77.34978399524095,1.2064898078531394,-2.444248699424591,8.991040170868041,77.36205134372511,77.8935294003058,0.012267348484158447,0.012267348484158447,0.00015048783883178453,0.8291314402279086,0.0,600
c5089a165794b754083529e13dac7cb51c1bbc58ee9d6fab969f545b42ecf5d9,2066febbeb50b7f5fb2fb33b2bdc9bdeb833001f27dbede18557cbc7a809419b,gas,minnesota,screen,monthly,linear,gas_pre_tax,False,ok,,0.3,0.75,2025-09-01,1,2025-10-01,77.3699546975646,0.4717697543314088,-1.2320086174949223,3.559028567949074,78.40241184599905,78.09515854413529,1.0324571484344602,1.0324571484344602,1.065967763353417,0.8341238649364072,0.0,600
c5089a165794b754083529e13dac7cb51c1bbc58ee9d6fab969f545b42ecf5d9,2066febbeb50b7f5fb2fb33b2bdc9bdeb833001f27dbede18557cbc7a809419b,gas,minnesota,screen,monthly,linear,gas_pre_tax,False,ok,,0.3,0.75,2025-09-01,3,2025-12-01,77.44055215569736,0.6380979093051935,-1.8097960782113782,8.168938651866487,77.29561655455596,77.51498776201535,-0.14493560114139825,0.14493560114139825,0.021006328478218483,0.8341238649364072,0.0,600
c5089a165794b754083529e13dac7cb51c1bbc58ee9d6fab969f545b42ecf5d9,2066febbeb50b7f5fb2fb33b2bdc9bdeb833001f27dbede18557cbc7a809419b,gas,minnesota,screen,monthly,linear,gas_pre_tax,False,ok,,0.3,0.75,2025-09-01,6,2026-03-01,79.38702492992914,2.1262628042464398,-2.982117959407743,11.917719450164924,76.28613144548274,76.37322059304148,-3.1008934844464022,3.1008934844464022,9.61554040188215,0.8341238649364072,0.0,600
f3a7b687e83e732e2069fb966a2d0d44a8ab7882831ed2b6d71d0ff57c293f45,2066febbeb50b7f5fb2fb33b2bdc9bdeb833001f27dbede18557cbc7a809419b,gas,minnesota,screen,monthly,linear,gas_pre_tax,False,ok,,0.3,0.75,2025-10-01,1,2025-11-01,77.1985037278136,0.2428842640989115,-0.8800126195303379,4.178519333143364,77.07276903362539,77.06470828186445,-0.12573469418821048,0.12573469418821048,0.01580921332260281,0.8325878761033343,0.0,600
f3a7b687e83e732e2069fb966a2d0d44a8ab7882831ed2b6d71d0ff57c293f45,2066febbeb50b7f5fb2fb33b2bdc9bdeb833001f27dbede18557cbc7a809419b,gas,minnesota,screen,monthly,linear,gas_pre_tax,False,ok,,0.3,0.75,2025-10-01,3,2026-01-01,76.82534573482619,0.6198665121169662,-1.7433929782818711,7.344917103144282,76.64976365490801,76.47411478362918,-0.17558207991817198,0.17558207991817198,0.030829066788391334,0.8325878761033343,0.0,600
f3a7b687e83e732e2069fb966a2d0d44a8ab7882831ed2b6d71d0ff57c293f45,2066febbeb50b7f5fb2fb33b2bdc9bdeb833001f27dbede18557cbc7a809419b,gas,minnesota,screen,monthly,linear,gas_pre_tax,False,ok,,0.3,0.75,2025-10-01,6,2026-04-01,82.84630037843436,4.739737241984607,-3.923969828298265,11.297151451164087,75.5950571879298,75.76579366530339,-7.251243190504567,7.251243190504567,52.580527807838855,0.8325878761033343,0.0,600
8a13e4baf48633696b7afd4f88f979da421c7eacf6be1fa18c595ec730c634f7,2066febbeb50b7f5fb2fb33b2bdc9bdeb833001f27dbede18557cbc7a809419b,gas,minnesota,screen,monthly,linear,gas_pre_tax,False,ok,,0.3,0.75,2025-11-01,1,2025-12-01,77.44055215569736,0.45169415454453554,-1.2594435545600549,2.341005812307413,76.87403044312737,76.68266003580447,-0.566521712569994,0.566521712569994,0.3209468508132388,0.8295438434970248,0.0,600
8a13e4baf48633696b7afd4f88f979da421c7eacf6be1fa18c595ec730c634f7,2066febbeb50b7f5fb2fb33b2bdc9bdeb833001f27dbede18557cbc7a809419b,gas,minnesota,screen,monthly,linear,gas_pre_tax,False,ok,,0.3,0.75,2025-11-01,3,2026-02-01,77.34978399524095,0.8464087243315594,-2.016432844087629,5.1887570406839165,76.65366968828843,76.11996600861517,-0.6961143069525235,0.6961143069525235,0.48457512834399213,0.8295438434970248,0.0,600
8a13e4baf48633696b7afd4f88f979da421c7eacf6be1fa18c595ec730c634f7,2066febbeb50b7f5fb2fb33b2bdc9bdeb833001f27dbede18557cbc7a809419b,gas,minnesota,screen,monthly,linear,gas_pre_tax,False,ok,,0.3,0.75,2025-11-01,6,2026-05-01,84.42970051084055,5.734934661104185,-4.545495439032118,10.213087929075018,77.09076047444343,76.32976669209987,-7.338940036397119,7.338940036397119,53.86004085783255,0.8295438434970248,0.0,600
4655c8d9e86c23978cadc4eaf6c54e9a0a11897bfc14829d7704addda2131d92,2066febbeb50b7f5fb2fb33b2bdc9bdeb833001f27dbede18557cbc7a809419b,gas,minnesota,screen,monthly,linear,gas_pre_tax,False,ok,,0.3,0.75,2025-12-01,1,2026-01-01,76.82534573482619,0.23726818456139953,-0.9002006037752404,2.6104757766528137,76.99387289386746,76.9731595999308,0.16852715904127535,0.16852715904127535,0.028401403334523317,0.8315589284553371,0.0,600
4655c8d9e86c23978cadc4eaf6c54e9a0a11897bfc14829d7704addda2131d92,2066febbeb50b7f5fb2fb33b2bdc9bdeb833001f27dbede18557cbc7a809419b,gas,minnesota,screen,monthly,linear,gas_pre_tax,False,ok,,0.3,0.75,2025-12-01,3,2026-03-01,79.38702492992914,2.2131755767332035,-3.2673267295784787,5.87560928328476,75.92263306855516,76.14760597591535,-3.464391861373983,3.464391861373983,12.00201096915429,0.8315589284553371,0.0,600
4655c8d9e86c23978cadc4eaf6c54e9a0a11897bfc14829d7704addda2131d92,2066febbeb50b7f5fb2fb33b2bdc9bdeb833001f27dbede18557cbc7a809419b,gas,minnesota,screen,monthly,linear,gas_pre_tax,False,ok,,0.3,0.75,2025-12-01,6,2026-06-01,84.631407534077,6.175342332336729,-4.706766173982581,10.086002310066556,75.7697366437801,76.17413348318486,-8.861670890296892,8.861670890296892,78.52921096793531,0.8315589284553371,0.0,600
239e0bdaa3a887b13bd10a6cc4688525f25fd0ff3f8b5f6e9778a61682f5658b,79b6d8937ac190e0a63a964dcf1244d6f651257bf51828098a67228662446409,gas,minnesota,screen,monthly,linear,gas_pre_tax,False,ok,,0.3,1.0,2025-07-01,1,2025-08-01,79.12480579972177,0.5867990807069083,-1.358807506949871,4.510604298616293,80.30302889635047,80.10303360639358,1.1782230966286988,1.1782230966286988,1.3882096654293201,0.829368813752067,0.0,600
239e0bdaa3a887b13bd10a6cc4688525f25fd0ff3f8b5f6e9778a61682f5658b,79b6d8937ac190e0a63a964dcf1244d6f651257bf51828098a67228662446409,gas,minnesota,screen,monthly,linear,gas_pre_tax,False,ok,,0.3,1.0,2025-07-01,3,2025-10-01,77.3699546975646,2.0075148830095553,-2.769754018053253,7.233210114295515,80.77125301787281,80.32499630358912,3.4012983203082143,3.4012983203082143,11.56883026373148,0.829368813752067,0.0,600
239e0bdaa3a887b13bd10a6cc4688525f25fd0ff3f8b5f6e9778a61682f5658b,79b6d8937ac190e0a63a964dcf1244d6f651257bf51828098a67228662446409,gas,minnesota,screen,monthly,linear,gas_pre_tax,False,ok,,0.3,1.0,2025-07-01,6,2026-01-01,76.82534573482619,2.3128234858909433,-2.8844425457332354,10.81458344894362,80.68942314182719,80.15289405240361,3.8640774070010053,3.8640774070010053,14.931094207295613,0.829368813752067,0.0,600
787d1d78ead14d5b090680c2966fc82e8fdaeb9edf3cb3ca9c1abab206a56208,79b6d8937ac190e0a63a964dcf1244d6f651257bf51828098a67228662446409,gas,minnesota,screen,monthly,linear,gas_pre_tax,False,ok,,0.3,1.0,2025-08-01,1,2025-09-01,78.49951402768875,0.35018440741493007,-0.9924686677278078,3.5270476975191944,79.2451821625082,78.99637474710008,0.7456681348194536,0.7456681348194536,0.5560209672851228,0.8309298682721562,0.0,600
787d1d78ead14d5b090680c2966fc82e8fdaeb9edf3cb3ca9c1abab206a56208,79b6d8937ac190e0a63a964dcf1244d6f651257bf51828098a67228662446409,gas,minnesota,screen,monthly,linear,gas_pre_tax,False,ok,,0.3,1.0,2025-08-01,3,2025-11-01,77.1985037278136,1.1086318765187535,-2.051543315827556,6.59107196113628,79.5183711604255,78.83433152295527,2.3198674326119004,2.3198674326119004,5.381784904893331,0.8309298682721562,0.0,600
787d1d78ead14d5b090680c2966fc82e8fdaeb9edf3cb3ca9c1abab206a56208,79b6d8937ac190e0a63a964dcf1244d6f651257bf51828098a67228662446409,gas,minnesota,screen,monthly,linear,gas_pre_tax,False,ok,,0.3,1.0,2025-08-01,6,2026-02-01,77.34978399524095,1.261247056363997,-2.475050484774397,9.736080790645094,78.43224755361054,77.95353405667328,1.0824635583695823,1.0824635583695823,1.1717273551981382,0.8309298682721562,0.0,600
9358cb1b1d619103ed1ccdc7b3e554d2989400dbea2922c085e4e5bb1aeebecb,79b6d8937ac190e0a63a964dcf1244d6f651257bf51828098a67228662446409,gas,minnesota,screen,monthly,linear,gas_pre_tax,False,ok,,0.3,1.0,2025-09-01,1,2025-10-01,77.3699546975646,0.5431744093747773,-1.4081535749046035,2.604647807980883,78.46663098880516,78.27340298636523,1.0966762912405699,1.0966762912405699,1.202698887769171,0.837082629787771,0.0,600
9358cb1b1d619103ed1ccdc7b3e554d2989400dbea2922c085e4e5bb1aeebecb,79b6d8937ac190e0a63a964dcf1244d6f651257bf51828098a67228662446409,gas,minnesota,screen,monthly,linear,gas_pre_tax,False,ok,,0.3,1.0,2025-09-01,3,2025-12-01,77.44055215569736,0.5937310856021876,-1.7689380888938615,6.057278105112781,77.92528680092434,77.7810049786971,0.48473464522697896,0.48473464522697896,0.23496767628332516,0.837082629787771,0.0,600
9358cb1b1d619103ed1ccdc7b3e554d2989400dbea2922c085e4e5bb1aeebecb,79b6d8937ac190e0a63a964dcf1244d6f651257bf51828098a67228662446409,gas,minnesota,screen,monthly,linear,gas_pre_tax,False,ok,,0.3,1.0,2025-09-01,6,2026-03-01,79.38702492992914,1.8321346940424448,-2.761329338943641,10.66506414917014,77.51447778182165,76.66972936286992,-1.8725471481074862,1.8725471481074862,3.50643282188548,0.837082629787771,0.0,600
2963ea93562777258f858a9988d43d5550aedb4391438f69377a50108b75b677,79b6d8937ac190e0a63a964dcf1244d6f651257bf51828098a67228662446409,gas,minnesota,screen,monthly,linear,gas_pre_tax,False,ok,,0.3,1.0,2025-10-01,1,2025-11-01,77.1985037278136,0.2255423447265722,-0.7664251304137384,2.854945114818233,77.0568721576433,77.20179209718899,-0.14163157017030414,0.14163157017030414,0.020059501668905785,0.8316951357117746,0.0,600
2963ea93562777258f858a9988d43d5550aedb4391438f69377a50108b75b677,79b6d8937ac190e0a63a964dcf1244d6f651257bf51828098a67228662446409,gas,minnesota,screen,monthly,linear,gas_pre_tax,False,ok,,0.3,1.0,2025-10-01,3,2026-01-01,76.82534573482619,0.6072630813538784,-1.663027037002415,5.861791157384366,76.33007193275401,76.49343007122661,-0.49527380207217675,0.49527380207217675,0.24529613901902972,0.8316951357117746,0.0,600
2963ea93562777258f858a9988d43d5550aedb4391438f69377a50108b75b677,79b6d8937ac190e0a63a964dcf1244d6f651257bf51828098a67228662446409,gas,minnesota,screen,monthly,linear,gas_pre_tax,False,ok,,0.3,1.0,2025-10-01,6,2026-04-01,82.84630037843436,4.661936828477352,-4.084853383539074,9.307162812906663,75.50286010591525,76.16400543999613,-7.343440272519118,7.343440272519118,53.926115036055656,0.8316951357117746,0.0,600
127244d643db6b0b5b25483060fecc80805adcd7c5bc9b12fca437a5110ce0f7,79b6d8937ac190e0a63a964dcf1244d6f651257bf51828098a67228662446409,gas,minnesota,screen,monthly,linear,gas_pre_tax,False,ok,,0.3,1.0,2025-11-01,1,2025-12-01,77.44055215569736,0.44843171064032405,-1.2395601110142298,2.7770298750507667,76.83338949258759,76.69417994527483,-0.6071626631097757,0.6071626631097757,0.368646499474555,0.8332633198706567,0.0,600
127244d643db6b0b5b25483060fecc80805adcd7c5bc9b12fca437a5110ce0f7,79b6d8937ac190e0a63a964dcf1244d6f651257bf51828098a67228662446409,gas,minnesota,screen,monthly,linear,gas_pre_tax,False,ok,,0.3,1.0,2025-11-01,3,2026-02-01,77.34978399524095,0.9420225668245839,-2.1094009995514544,5.150538272673395,76.20757476630588,75.90775596698826,-1.142209228935073,1.142209228935073,1.304641922664454,0.8332633198706567,0.0,600
127244d643db6b0b5b25483060fecc80805adcd7c5bc9b12fca437a5110ce0f7,79b6d8937ac190e0a63a964dcf1244d6f651257bf51828098a67228662446409,gas,minnesota,screen,monthly,linear,gas_pre_tax,False,ok,,0.3,1.0,2025-11-01,6,2026-05-01,84.42970051084055,6.085201275223819,-4.480930474024554,9.099574248633104,76.11006798279585,75.9111373791252,-8.319632528044693,8.319632528044693,69.21628540169932,0.8332633198706567,0.0,600
bfba1af6f3a0f36b3508263c8a36065f03654820dc7f1fff1cacd3b9075a4067,79b6d8937ac190e0a63a964dcf1244d6f651257bf51828098a67228662446409,gas,minnesota,screen,monthly,linear,gas_pre_tax,False,ok,,0.3,1.0,2025-12-01,1,2026-01-01,76.82534573482619,0.25872174788453717,-0.9489508027880458,3.981809904683563,77.02006013498713,76.74781931613629,0.19471440016094732,0.19471440016094732,0.037913697630037525,0.8386002281324934,0.0,600
bfba1af6f3a0f36b3508263c8a36065f03654820dc7f1fff1cacd3b9075a4067,79b6d8937ac190e0a63a964dcf1244d6f651257bf51828098a67228662446409,gas,minnesota,screen,monthly,linear,gas_pre_tax,False,ok,,0.3,1.0,2025-12-01,3,2026-03-01,79.38702492992914,2.2410252710267726,-3.4875929301283404,9.12828089383757,76.86520134190874,76.09583944057454,-2.5218235880203963,2.5218235880203963,6.359594209096065,0.8386002281324934,0.0,600
bfba1af6f3a0f36b3508263c8a36065f03654820dc7f1fff1cacd3b9075a4067,79b6d8937ac190e0a63a964dcf1244d6f651257bf51828098a67228662446409,gas,minnesota,screen,monthly,linear,gas_pre_tax,False,ok,,0.3,1.0,2025-12-01,6,2026-06-01,84.631407534077,5.959387503947054,-4.36295676206441,12.96381895228176,77.05228242003965,75.54938678587447,-7.579125114037353,7.579125114037353,57.44313749423172,0.8386002281324934,0.0,600
35d3f94d4ca8c1cfe8d85828fe2a772c9d1ac20591900d9f7ed1f276f5be3c66,76f3c4c41f4f845ffff3f9303ab2d6570b5878f0b0ad318c8343636330022bfd,gas,minnesota,screen,monthly,linear,gas_pre_tax,False,ok,,0.4,0.25,2025-07-01,1,2025-08-01,79.12480579972177,0.5290016800540476,-1.3556331954257992,5.4595940301766275,80.56877693360197,79.95901810171063,1.443971133880197,1.443971133880197,2.085052635479262,0.8402075311502111,0.0,600
35d3f94d4ca8c1cfe8d85828fe2a772c9d1ac20591900d9f7ed1f276f5be3c66,76f3c4c41f4f845ffff3f9303ab2d6570b5878f0b0ad318c8343636330022bfd,gas,minnesota,screen,monthly,linear,gas_pre_tax,False,ok,,0.4,0.25,2025-07-01,3,2025-10-01,77.3699546975646,1.779850505416865,-2.5193337034517462,9.098192114867446,81.20693039782336,80.09606984839229,3.836975700258762,3.836975700258762,14.722382524376217,0.8402075311502111,0.0,600
35d3f94d4ca8c1cfe8d85828fe2a772c9d1ac20591900d9f7ed1f276f5be3c66,76f3c4c41f4f845ffff3f9303ab2d6570b5878f0b0ad318c8343636330022bfd,gas,minnesota,screen,monthly,linear,gas_pre_tax,False,ok,,0.4,0.25,2025-07-01,6,2026-01-01,76.82534573482619,2.195077353209898,-2.8129002302255,14.195646274083344,80.33707028995603,79.5683077744988,3.5117245551298453,3.5117245551298453,12.332209351101909,0.8402075311502111,0.0,600
204626235e8ac45a25f3b4c2600a21c9d26af1cd9fedebec83370eab014e5d30,76f3c4c41f4f845ffff3f9303ab2d6570b5878f0b0ad318c8343636330022bfd,gas,minnesota,screen,monthly,linear,gas_pre_tax,False,ok,,0.4,0.25,2025-08-01,1,2025-09-01,78.49951402768875,0.40558040267624174,-1.2347535252284265,4.106411929475887,79.11302959706423,79.10816747167598,0.6135155693754797,0.6135155693754797,0.376401353866119,0.8388150868278339,0.0,600
204626235e8ac45a25f3b4c2600a21c9d26af1cd9fedebec83370eab014e5d30,76f3c4c41f4f845ffff3f9303ab2d6570b5878f0b0ad318c8343636330022bfd,gas,minnesota,screen,monthly,linear,gas_pre_tax,False,ok,,0.4,0.25,2025-08-01,3,2025-11-01,77.1985037278136,0.9813768605051236,-2.127326188717179,6.584378003014556,78.28576939269942,78.54797239175024,1.0872656648858197,1.0872656648858197,1.1821466260396034,0.8388150868278339,0.0,600
204626235e8ac45a25f3b4c2600a21c9d26af1cd9fedebec83370eab014e5d30,76f3c4c41f4f845ffff3f9303ab2d6570b5878f0b0ad318c8343636330022bfd,gas,minnesota,screen,monthly,linear,gas_pre_tax,False,ok,,0.4,0.25,2025-08-01,6,2026-02-01,77.34978399524095,1.3808353089393037,-2.523797716907436,11.071393715323591,76.63381073643352,77.22946565234304,-0.7159732588074377,0.7159732588074377,0.5126177073273421,0.8388150868278339,0.0,600
f2a0191c09cf693251ca94d3a30d92ea78e24e3180c2f5a5ab363888fb73b719,76f3c4c41f4f845ffff3f9303ab2d6570b5878f0b0ad318c8343636330022bfd,gas,minnesota,screen,monthly,linear,gas_pre_tax,False,ok,,0.4,0.25,2025-09-01,1,2025-10-01,77.3699546975646,0.5580675273709184,-1.419037322799463,4.61502880494242,78.50686811426581,78.26434202783602,1.1369134167012191,1.1369134167012191,1.29257211707524,0.8482975936704498,0.0,600
f2a0191c09cf693251ca94d3a30d92ea78e24e3180c2f5a5ab363888fb73b719,76f3c4c41f4f845ffff3f9303ab2d6570b5878f0b0ad318c8343636330022bfd,gas,minnesota,screen,monthly,linear,gas_pre_tax,False,ok,,0.4,0.25,2025-09-01,3,2025-12-01,77.44055215569736,0.8327865219691901,-1.9769459594971472,8.704901439313906,77.76082343747984,77.73328077012779,0.32027128178248176,0.32027128178248176,0.10257369393459384,0.8482975936704498,0.0,600
f2a0191c09cf693251ca94d3a30d92ea78e24e3180c2f5a5ab363888fb73b719,76f3c4c41f4f845ffff3f9303ab2d6570b5878f0b0ad318c8343636330022bfd,gas,minnesota,screen,monthly,linear,gas_pre_tax,False,ok,,0.4,0.25,2025-09-01,6,2026-03-01,79.38702492992914,2.2149742532320476,-2.8700142535187574,14.633799590845875,76.34023092803972,76.66368095609795,-3.046794001889424,3.046794001889424,9.282953689949371,0.8482975936704498,0.0,600
e012fcc7f7902e6625ba2d6260d5166a59c93a59aa17982ba2a474f767e6f760,76f3c4c41f4f845ffff3f9303ab2d6570b5878f0b0ad318c8343636330022bfd,gas,minnesota,screen,monthly,linear,gas_pre_tax,False,ok,,0.4,0.25,2025-10-01,1,2025-11-01,77.1985037278136,0.2911898279245704,-1.0838195329290317,3.2879172313358715,76.70115173190997,76.9309389012906,-0.4973519959036281,0.4973519959036281,0.24735900782932252,0.8464121456442855,0.0,600
e012fcc7f7902e6625ba2d6260d5166a59c93a59aa17982ba2a474f767e6f760,76f3c4c41f4f845ffff3f9303ab2d6570b5878f0b0ad318c8343636330022bfd,gas,minnesota,screen,monthly,linear,gas_pre_tax,False,ok,,0.4,0.25,2025-10-01,3,2026-01-01,76.82534573482619,0.7858557065621921,-1.9029783498617845,8.071832023196166,75.53163312504776,76.10763501258126,-1.2937126097784244,1.2937126097784244,1.6736923166997018,0.8464121456442855,0.0,600
e012fcc7f7902e6625ba2d6260d5166a59c93a59aa17982ba2a474f767e6f760,76f3c4c41f4f845ffff3f9303ab2d6570b5878f0b0ad318c8343636330022bfd,gas,minnesota,screen,monthly,linear,gas_pre_tax,False,ok,,0.4,0.25,2025-10-01,6,2026-04-01,82.84630037843436,5.105706156644651,-4.303859228320927,12.565212846446808,74.70307771768854,75.0567520187393,-8.14322266074582,8.14322266074582,66.31207530248425,0.8464121456442855,0.0,600
b7c48ba90aafb6dd9961be63f30d5f28439fd1c835a65ca0490ace48534da9a5,76f3c4c41f4f845ffff3f9303ab2d6570b5878f0b0ad318c8343636330022bfd,gas,minnesota,screen,monthly,linear,gas_pre_tax,False,ok,,0.4,0.25,2025-11-01,1,2025-12-01,77.44055215569736,0.4727895478871129,-1.366421767173298,3.0684311873082257,76.89096008897812,76.68900770005573,-0.5495920667192422,0.5495920667192422,0.30205143980072796,0.8446101989582642,0.0,600
b7c48ba90aafb6dd9961be63f30d5f28439fd1c835a65ca0490ace48534da9a5,76f3c4c41f4f845ffff3f9303ab2d6570b5878f0b0ad318c8343636330022bfd,gas,minnesota,screen,monthly,linear,gas_pre_tax,False,ok,,0.4,0.25,2025-11-01,3,2026-02-01,77.34978399524095,1.0321701507633403,-2.113806837121472,7.8001401342725245,76.63370310745155,76.1119925966337,-0.7160808877894027,0.7160808877894027,0.5127718378572591,0.8446101989582642,0.0,600
b7c48ba90aafb6dd9961be63f30d5f28439fd1c835a65ca0490ace48534da9a5,76f3c4c41f4f845ffff3f9303ab2d6570b5878f0b0ad318c8343636330022bfd,gas,minnesota,screen,monthly,linear,gas_pre_tax,False,ok,,0.4,0.25,2025-11-01,6,2026-05-01,84.42970051084055,5.528767316149344,-3.940043058671354,12.744363092648202,76.24556991270401,75.56067701450118,-8.184130598136534,8.184130598136534,66.97999364735466,0.8446101989582642,0.0,600
1207285ac0a034d3a6ac54d0e595a5409ef2fa97055b89ad4bb6f597fc57faad,76f3c4c41f4f845ffff3f9303ab2d6570b5878f0b0ad318c8343636330022bfd,gas,minnesota,screen,monthly,linear,gas_pre_tax,False,ok,,0.4,0.25,2025-12-01,1,2026-01-01,76.82534573482619,0.257863265710512,-0.9547511312483197,3.535324883090549,76.76379313056312,76.75537369565967,-0.06155260426307052,0.06155260426307052,0.0037887230915661673,0.8456446563453803,0.0,600
1207285ac0a034d3a6ac54d0e595a5409ef2fa97055b89ad4bb6f597fc57faad,76f3c4c41f4f845ffff3f9303ab2d6570b5878f0b0ad318c8343636330022bfd,gas,minnesota,screen,monthly,linear,gas_pre_tax,False,ok,,0.4,0.25,2025-12-01,3,2026-03-01,79.38702492992914,2.196251157321987,-3.2185813622416086,7.261315800201793,75.53634985979576,76.22395637467888,-3.850675070133377,3.850675070133377,14.82769849574669,0.8456446563453803,0.0,600
1207285ac0a034d3a6ac54d0e595a5409ef2fa97055b89ad4bb6f597fc57faad,76f3c4c41f4f845ffff3f9303ab2d6570b5878f0b0ad318c8343636330022bfd,gas,minnesota,screen,monthly,linear,gas_pre_tax,False,ok,,0.4,0.25,2025-12-01,6,2026-06-01,84.631407534077,5.737230011399913,-4.171128393013178,12.656752400878222,75.73126438778428,76.06433476294653,-8.90014314629272,8.90014314629272,79.21254802450127,0.8456446563453803,0.0,600
15084e5602ac84dc6f66457b3c8f9d83fd37e129128a6fc6cbe71aa6bfcd9164,171c8a10071e49e57f1ac99670ac29bab077435d88812cf047e49e4633e09802,gas,minnesota,screen,monthly,linear,gas_pre_tax,False,ok,,0.4,0.5,2025-07-01,1,2025-08-01,79.12480579972177,0.573070323043738,-1.476590075338743,5.593158402593406,80.22274134677461,80.02687129023906,1.0979355470528418,1.0979355470528418,1.205462465482223,0.8387605485159262,0.0,600
15084e5602ac84dc6f66457b3c8f9d83fd37e129128a6fc6cbe71aa6bfcd9164,171c8a10071e49e57f1ac99670ac29bab077435d88812cf047e49e4633e09802,gas,minnesota,screen,monthly,linear,gas_pre_tax,False,ok,,0.4,0.5,2025-07-01,3,2025-10-01,77.3699546975646,1.9054580560106467,-2.8263439540462687,7.896711866447882,80.64803616810654,80.29108885647193,3.2780814705419488,3.2780814705419488,10.745818127510466,0.8387605485159262,0.0,600
15084e5602ac84dc6f66457b3c8f9d83fd37e129128a6fc6cbe71aa6bfcd9164,171c8a10071e49e57f1ac99670ac29bab077435d88812cf047e49e4633e09802,gas,minnesota,screen,monthly,linear,gas_pre_tax,False,ok,,0.4,0.5,2025-07-01,6,2026-01-01,76.82534573482619,2.262135349178349,-2.9586197009399555,12.840241604853041,79.96540567253565,80.06828922235898,3.1400599377094665,3.1400599377094665,9.859976412407978,0.8387605485159262,0.0,600
b2acbd238e32529825d596c3cee2829bf9b8162de429ba0838f065331011cd72,171c8a10071e49e57f1ac99670ac29bab077435d88812cf047e49e4633e09802,gas,minnesota,screen,monthly,linear,gas_pre_tax,False,ok,,0.4,0.5,2025-08-01,1,2025-09-01,78.49951402768875,0.39815199177322613,-1.2621365881909519,3.172666520705808,79.16735553952444,79.11657070593782,0.6678415118356895,0.6678415118356895,0.44601228493097944,0.837130493630154,0.0,600
b2acbd238e32529825d596c3cee2829bf9b8162de429ba0838f065331011cd72,171c8a10071e49e57f1ac99670ac29bab077435d88812cf047e49e4633e09802,gas,minnesota,screen,monthly,linear,gas_pre_tax,False,ok,,0.4,0.5,2025-08-01,3,2025-11-01,77.1985037278136,0.9577716905608074,-2.0341726720115574,7.628278615383288,78.29910970090955,78.4793294958404,1.100605973095952,1.100605973095952,1.2113335080144876,0.837130493630154,0.0,600
b2acbd238e32529825d596c3cee2829bf9b8162de429ba0838f065331011cd72,171c8a10071e49e57f1ac99670ac29bab077435d88812cf047e49e4633e09802,gas,minnesota,screen,monthly,linear,gas_pre_tax,False,ok,,0.4,0.5,2025-08-01,6,2026-02-01,77.34978399524095,1.3245676103061612,-2.549050645118329,10.900783918484667,76.85729976669019,77.01955506677847,-0.4924842285507651,0.4924842285507651,0.24254071537124225,0.837130493630154,0.0,600
3c0dc4e577c025c906379900910ec5aae7340aa9c8b537e5bcabea85aafe5f6b,171c8a10071e49e57f1ac99670ac29bab077435d88812cf047e49e4633e09802,gas,minnesota,screen,monthly,linear,gas_pre_tax,False,ok,,0.4,0.5,2025-09-01,1,2025-10-01,77.3699546975646,0.49262196631843014,-1.415531408082515,3.2643210101404416,78.16161296798491,78.11292055387707,0.7916582704203137,0.7916582704203137,0.6267228171248825,0.8418753172661286,0.0,600
3c0dc4e577c025c906379900910ec5aae7340aa9c8b537e5bcabea85aafe5f6b,171c8a10071e49e57f1ac99670ac29bab077435d88812cf047e49e4633e09802,gas,minnesota,screen,monthly,linear,gas_pre_tax,False,ok,,0.4,0.5,2025-09-01,3,2025-12-01,77.44055215569736,0.7233878578629636,-1.8001467957799022,8.422596685432591,78.04173976739364,77.74879002458775,0.6011876116962753,0.6011876116962753,0.3614265444570715,0.8418753172661286,0.0,600
3c0dc4e577c025c906379900910ec5aae7340aa9c8b537e5bcabea85aafe5f6b,171c8a10071e49e57f1ac99670ac29bab077435d88812cf047e49e4633e09802,gas,minnesota,screen,monthly,linear,gas_pre_tax,False,ok,,0.4,0.5,2025-09-01,6,2026-03-01,79.38702492992914,1.8698095074166057,-2.840689784280892,11.80179801829838,77.36365296350137,77.03432053942646,-2.0233719664277743,2.0233719664277743,4.094034114525798,0.8418753172661286,0.0,600
0ea64fc8c60311900a4e406faeef97eeb5d32d46b61b21aedb4cd32288bd8e2a,171c8a10071e49e57f1ac99670ac29bab077435d88812cf047e49e4633e09802,gas,minnesota,screen,monthly,linear,gas_pre_tax,False,ok,,0.4,0.5,2025-10-01,1,2025-11-01,77.1985037278136,0.246683486288775,-0.9026495303505904,3.546715223859038,77.17668882851264,77.08449182250993,-0.021814899300963475,0.021814899300963475,0.0004758898315111767,0.838296771015127,0.0,600
0ea64fc8c60311900a4e406faeef97eeb5d32d46b61b21aedb4cd32288bd8e2a,171c8a10071e49e57f1ac99670ac29bab077435d88812cf047e49e4633e09802,gas,minnesota,screen,monthly,linear,gas_pre_tax,False,ok,,0.4,0.5,2025-10-01,3,2026-01-01,76.82534573482619,0.6852785253002298,-1.8209643389479515,7.829190320503994,76.36241720468651,76.46441356919598,-0.4629285301396777,0.4629285301396777,0.2143028240172825,0.838296771015127,0.0,600
0ea64fc8c60311900a4e406faeef97eeb5d32d46b61b21aedb4cd32288bd8e2a,171c8a10071e49e57f1ac99670ac29bab077435d88812cf047e49e4633e09802,gas,minnesota,screen,monthly,linear,gas_pre_tax,False,ok,,0.4,0.5,2025-10-01,6,2026-04-01,82.84630037843436,4.690115239039218,-4.084593953320052,12.084725319673915,75.60069895540322,75.96081177257469,-7.245601423031147,7.245601423031147,52.49873998143098,0.838296771015127,0.0,600
3cb54e7811a1882706c4560b4b0f5b5a3d0dce45b90f2b41be97b5627a8747e5,171c8a10071e49e57f1ac99670ac29bab077435d88812cf047e49e4633e09802,gas,minnesota,screen,monthly,linear,gas_pre_tax,False,ok,,0.4,0.5,2025-11-01,1,2025-12-01,77.44055215569736,0.4210010047610797,-1.2230335675379447,2.5322865668063894,76.95255421532104,76.77845302004428,-0.4879979403763173,0.4879979403763173,0.2381419898115277,0.8400724499230857,0.0,600
3cb54e7811a1882706c4560b4b0f5b5a3d0dce45b90f2b41be97b5627a8747e5,171c8a10071e49e57f1ac99670ac29bab077435d88812cf047e49e4633e09802,gas,minnesota,screen,monthly,linear,gas_pre_tax,False,ok,,0.4,0.5,2025-11-01,3,2026-02-01,77.34978399524095,0.8748098016015629,-2.0291559763205096,5.839262860217223,76.6422683447771,76.17001857328063,-0.7075156504638613,0.7075156504638613,0.5005783956513008,0.8400724499230857,0.0,600
3cb54e7811a1882706c4560b4b0f5b5a3d0dce45b90f2b41be97b5627a8747e5,171c8a10071e49e57f1ac99670ac29bab077435d88812cf047e49e4633e09802,gas,minnesota,screen,monthly,linear,gas_pre_tax,False,ok,,0.4,0.5,2025-11-01,6,2026-05-01,84.42970051084055,5.533096297880112,-4.2021043289688516,9.951490297462604,76.86280237828392,76.24925015745043,-7.566898132556631,7.566898132556631,57.257947348489026,0.8400724499230857,0.0,600
72c16072391ae31a17097724af4b5f6b7afc281aae097fabbf361b31e02e3a47,171c8a10071e49e57f1ac99670ac29bab077435d88812cf047e49e4633e09802,gas,minnesota,screen,monthly,linear,gas_pre_tax,False,ok,,0.4,0.5,2025-12-01,1,2026-01-01,76.82534573482619,0.23849970473032767,-0.8704137434058419,3.377411213023186,76.8643588792301,76.84163918737231,0.039013144403909905,0.039013144403909905,0.0015220254362803267,0.8448297669899927,0.0,600
72c16072391ae31a17097724af4b5f6b7afc281aae097fabbf361b31e02e3a47,171c8a10071e49e57f1ac99670ac29bab077435d88812cf047e49e4633e09802,gas,minnesota,screen,monthly,linear,gas_pre_tax,False,ok,,0.4,0.5,2025-12-01,3,2026-03-01,79.38702492992914,2.1192482884443957,-3.056733764006053,5.915362021703592,75.97482576684321,76.1872334208118,-3.41219916308593,3.41219916308593,11.64310312856432,0.8448297669899927,0.0,600
72c16072391ae31a17097724af4b5f6b7afc281aae097fabbf361b31e02e3a47,171c8a10071e49e57f1ac99670ac29bab077435d88812cf047e49e4633e09802,gas,minnesota,screen,monthly,linear,gas_pre_tax,False,ok,,0.4,0.5,2025-12-01,6,2026-06-01,84.631407534077,6.216838961743655,-4.3182441310549455,10.205013150124149,74.95196735181807,75.88155398048056,-9.67944018225893,9.67944018225893,93.69156224192878,0.8448297669899927,0.0,600
fa577c67f451a35be5695b9a820c90ecc77fb940818cdc07eb40ea8261743640,1f379afeb41b777188b3552d67b03a40c79a41ecc3aab710f6482acb2615f372,gas,minnesota,screen,monthly,linear,gas_pre_tax,False,ok,,0.4,0.75,2025-07-01,1,2025-08-01,79.12480579972177,0.5773525431161508,-1.419420523213959,5.064631584553191,80.53686996896633,80.03445189153231,1.4120641692445588,1.4120641692445588,1.993925218064326,0.8387824550475852,0.0,600
fa577c67f451a35be5695b9a820c90ecc77fb940818cdc07eb40ea8261743640,1f379afeb41b777188b3552d67b03a40c79a41ecc3aab710f6482acb2615f372,gas,minnesota,screen,monthly,linear,gas_pre_tax,False,ok,,0.4,0.75,2025-07-01,3,2025-10-01,77.3699546975646,2.05929254617498,-2.921433438481387,6.9820670748750935,81.25102457841494,80.35263641017448,3.8810698808503474,3.8810698808503474,15.06270342004373,0.8387824550475852,0.0,600
fa577c67f451a35be5695b9a820c90ecc77fb940818cdc07eb40ea8261743640,1f379afeb41b777188b3552d67b03a40c79a41ecc3aab710f6482acb2615f372,gas,minnesota,screen,monthly,linear,gas_pre_tax,False,ok,,0.4,0.75,2025-07-01,6,2026-01-01,76.82534573482619,2.414434797103862,-2.9132736000509603,11.086036227236889,81.45067824690436,80.23785600713006,4.625332512078174,4.625332512078174,21.39370084728739,0.8387824550475852,0.0,600
276543d43c74f0738a18776449395ed536de3157c897026b986d17148d6c7087,1f379afeb41b777188b3552d67b03a40c79a41ecc3aab710f6482acb2615f372,gas,minnesota,screen,monthly,linear,gas_pre_tax,False,ok,,0.4,0.75,2025-08-01,1,2025-09-01,78.49951402768875,0.4251412057803896,-1.2876102290551206,4.299945992324587,79.35419563912218,79.15113648377945,0.8546816114334348,0.8546816114334348,0.7304806569224528,0.8391771876441518,0.0,600
276543d43c74f0738a18776449395ed536de3157c897026b986d17148d6c7087,1f379afeb41b777188b3552d67b03a40c79a41ecc3aab710f6482acb2615f372,gas,minnesota,screen,monthly,linear,gas_pre_tax,False,ok,,0.4,0.75,2025-08-01,3,2025-11-01,77.1985037278136,1.2011330027238492,-2.204371786102848,8.47086483777786,79.62362330739691,78.955164364203,2.42511957958331,2.42511957958331,5.8812049752783295,0.8391771876441518,0.0,600
276543d43c74f0738a18776449395ed536de3157c897026b986d17148d6c7087,1f379afeb41b777188b3552d67b03a40c79a41ecc3aab710f6482acb2615f372,gas,minnesota,screen,monthly,linear,gas_pre_tax,False,ok,,0.4,0.75,2025-08-01,6,2026-02-01,77.34978399524095,1.379723869264021,-2.5641406878240325,11.635768962645564,78.66110138795808,78.13152848347136,1.3113173927171289,1.3113173927171289,1.719553304442449,0.8391771876441518,0.0,600
54867fbcbf87705d935042de77240ac8e25c693e65cda52c7bd92a91cf5cac05,1f379afeb41b777188b3552d67b03a40c79a41ecc3aab710f6482acb2615f372,gas,minnesota,screen,monthly,linear,gas_pre_tax,False,ok,,0.4,0.75,2025-09-01,1,2025-10-01,77.3699546975646,0.52091732567018,-1.328130035503226,4.813393797127632,78.17022287565618,78.23600303396883,0.800268178091585,0.800268178091585,0.6404291568660249,0.8419645386022625,0.0,600
54867fbcbf87705d935042de77240ac8e25c693e65cda52c7bd92a91cf5cac05,1f379afeb41b777188b3552d67b03a40c79a41ecc3aab710f6482acb2615f372,gas,minnesota,screen,monthly,linear,gas_pre_tax,False,ok,,0.4,0.75,2025-09-01,3,2025-12-01,77.44055215569736,0.675045137216546,-1.8548674164900256,8.02113623934429,77.29533332034498,77.69200292428931,-0.1452188353523809,0.1452188353523809,0.02108851014110191,0.8419645386022625,0.0,600
54867fbcbf87705d935042de77240ac8e25c693e65cda52c7bd92a91cf5cac05,1f379afeb41b777188b3552d67b03a40c79a41ecc3aab710f6482acb2615f372,gas,minnesota,screen,monthly,linear,gas_pre_tax,False,ok,,0.4,0.75,2025-09-01,6,2026-03-01,79.38702492992914,1.8184566912151618,-2.7213247389231916,12.348920483115869,76.39236210808285,76.86260092429958,-2.9946628218462905,2.9946628218462905,8.968005416548387,0.8419645386022625,0.0,600
1b5573d059a2ee5ad756c8bdefe8f08e391ff85afdc514cb2ef321140bc06c14,1f379afeb41b777188b3552d67b03a40c79a41ecc3aab710f6482acb2615f372,gas,minnesota,screen,monthly,linear,gas_pre_tax,False,ok,,0.4,0.75,2025-10-01,1,2025-11-01,77.1985037278136,0.24194095644244584,-0.9542539583070173,3.1828999126236877,77.31279775595571,76.98173536176967,0.11429402814211187,0.11429402814211187,0.01306312486894986,0.8440164175923414,0.0,600
1b5573d059a2ee5ad756c8bdefe8f08e391ff85afdc514cb2ef321140bc06c14,1f379afeb41b777188b3552d67b03a40c79a41ecc3aab710f6482acb2615f372,gas,minnesota,screen,monthly,linear,gas_pre_tax,False,ok,,0.4,0.75,2025-10-01,3,2026-01-01,76.82534573482619,0.637697688115729,-1.7417003890028275,6.752349250861377,76.97686174953664,76.50377291609519,0.1515160147104524,0.1515160147104524,0.022957102713738027,0.8440164175923414,0.0,600
1b5573d059a2ee5ad756c8bdefe8f08e391ff85afdc514cb2ef321140bc06c14,1f379afeb41b777188b3552d67b03a40c79a41ecc3aab710f6482acb2615f372,gas,minnesota,screen,monthly,linear,gas_pre_tax,False,ok,,0.4,0.75,2025-10-01,6,2026-04-01,82.84630037843436,4.517058609667467,-3.9581812277601784,10.633092982232695,76.09198325698478,76.23319629884483,-6.7543171214495885,6.7543171214495885,45.62079977710705,0.8440164175923414,0.0,600
33ae62629a280dad2cfa8d8dbcb986cd8478d43dc91bc15b40a951fb1d5b3952,1f379afeb41b777188b3552d67b03a40c79a41ecc3aab710f6482acb2615f372,gas,minnesota,screen,monthly,linear,gas_pre_tax,False,ok,,0.4,0.75,2025-11-01,1,2025-12-01,77.44055215569736,0.3779146801911455,-1.117360533539716,2.9669625110647715,77.07771220288352,76.88920550560523,-0.36283995281384307,0.36283995281384307,0.13165283135795186,0.8387495032754082,0.0,600
33ae62629a280dad2cfa8d8dbcb986cd8478d43dc91bc15b40a951fb1d5b3952,1f379afeb41b777188b3552d67b03a40c79a41ecc3aab710f6482acb2615f372,gas,minnesota,screen,monthly,linear,gas_pre_tax,False,ok,,0.4,0.75,2025-11-01,3,2026-02-01,77.34978399524095,0.8248675629288744,-1.8679693971158087,5.19523061412293,76.28150238527793,76.1444643444076,-1.068281609963023,1.068281609963023,1.1412255981851884,0.8387495032754082,0.0,600
33ae62629a280dad2cfa8d8dbcb986cd8478d43dc91bc15b40a951fb1d5b3952,1f379afeb41b777188b3552d67b03a40c79a41ecc3aab710f6482acb2615f372,gas,minnesota,screen,monthly,linear,gas_pre_tax,False,ok,,0.4,0.75,2025-11-01,6,2026-05-01,84.42970051084055,5.466008745615921,-4.5445687820346885,9.220111712823677,76.98394592802978,76.28342476714016,-7.445754582810764,7.445754582810764,55.439261307447495,0.8387495032754082,0.0,600
dea09e161cd664575765d9e773f6bc072bb94298b36942c4db342cbd30777e10,1f379afeb41b777188b3552d67b03a40c79a41ecc3aab710f6482acb2615f372,gas,minnesota,screen,monthly,linear,gas_pre_tax,False,ok,,0.4,0.75,2025-12-01,1,2026-01-01,76.82534573482619,0.23804685114973134,-0.863927282809831,3.204474591976984,77.25706750764854,76.91409347074347,0.4317217728223568,0.4317217728223568,0.18638368912887865,0.8418971864103483,0.0,600
dea09e161cd664575765d9e773f6bc072bb94298b36942c4db342cbd30777e10,1f379afeb41b777188b3552d67b03a40c79a41ecc3aab710f6482acb2615f372,gas,minnesota,screen,monthly,linear,gas_pre_tax,False,ok,,0.4,0.75,2025-12-01,3,2026-03-01,79.38702492992914,2.268762400072402,-3.136281460552297,6.089728131695831,75.9419624396893,76.05120791802923,-3.4450624902398346,3.4450624902398346,11.868455561657491,0.8418971864103483,0.0,600
dea09e161cd664575765d9e773f6bc072bb94298b36942c4db342cbd30777e10,1f379afeb41b777188b3552d67b03a40c79a41ecc3aab710f6482acb2615f372,gas,minnesota,screen,monthly,linear,gas_pre_tax,False,ok,,0.4,0.75,2025-12-01,6,2026-06-01,84.631407534077,6.325296719371662,-4.709521560718694,11.009654329063707,75.26542100793624,75.74199966656718,-9.365986526140759,9.365986526140759,87.72170360785024,0.8418971864103483,0.0,600
0c98052856cd66ae389771b87ba54f0a15cccbc223923b0258a6a91a6355524d,11998d1c92f3b3d27b6f88376e5af3bac7118886f9775ed3df851fabbe3bb403,gas,minnesota,screen,monthly,linear,gas_pre_tax,False,ok,,0.4,1.0,2025-07-01,1,2025-08-01,79.12480579972177,0.5799847656739574,-1.5078640449074383,5.482530764354992,80.39860492979736,80.03653193363083,1.273799130075588,1.273799130075588,1.6225642237813247,0.84019789029137,0.0,600
0c98052856cd66ae389771b87ba54f0a15cccbc223923b0258a6a91a6355524d,11998d1c92f3b3d27b6f88376e5af3bac7118886f9775ed3df851fabbe3bb403,gas,minnesota,screen,monthly,linear,gas_pre_tax,False,ok,,0.4,1.0,2025-07-01,3,2025-10-01,77.3699546975646,2.0783343973705555,-2.9281224566167396,7.651391057567674,81.31947480233528,80.46190154725736,3.9495201047706843,3.9495201047706843,15.598709057987836,0.84019789029137,0.0,600
0c98052856cd66ae389771b87ba54f0a15cccbc223923b0258a6a91a6355524d,11998d1c92f3b3d27b6f88376e5af3bac7118886f9775ed3df851fabbe3bb403,gas,minnesota,screen,monthly,linear,gas_pre_tax,False,ok,,0.4,1.0,2025-07-01,6,2026-01-01,76.82534573482619,2.4450086555460455,-2.8939658241071022,11.773100324639424,81.44785741767363,80.36321384301792,4.6225116828474455,4.6225116828474455,21.367614258061124,0.84019789029137,0.0,600
86cd6fc41fa021de39954cfbbff83e6956341889d0b52b82214527733964e526,11998d1c92f3b3d27b6f88376e5af3bac7118886f9775ed3df851fabbe3bb403,gas,minnesota,screen,monthly,linear,gas_pre_tax,False,ok,,0.4,1.0,2025-08-01,1,2025-09-01,78.49951402768875,0.4172191732147723,-1.2078678347234435,4.129510021250893,79.4516213232042,79.15572940342076,0.9521072955154466,0.9521072955154466,0.9065083021737379,0.8415072069682237,0.0,600
86cd6fc41fa021de39954cfbbff83e6956341889d0b52b82214527733964e526,11998d1c92f3b3d27b6f88376e5af3bac7118886f9775ed3df851fabbe3bb403,gas,minnesota,screen,monthly,linear,gas_pre_tax,False,ok,,0.4,1.0,2025-08-01,3,2025-11-01,77.1985037278136,1.12780244122944,-2.2202238355498034,6.92731432903353,79.47417639483503,78.92667031160232,2.275672667021425,2.275672667021425,5.178686087428405,0.8415072069682237,0.0,600
86cd6fc41fa021de39954cfbbff83e6956341889d0b52b82214527733964e526,11998d1c92f3b3d27b6f88376e5af3bac7118886f9775ed3df851fabbe3bb403,gas,minnesota,screen,monthly,linear,gas_pre_tax,False,ok,,0.4,1.0,2025-08-01,6,2026-02-01,77.34978399524095,1.2871790989244136,-2.4864784916291915,9.95974550539958,78.34431856501129,78.05362696900208,0.9945345697703374,0.9945345697703374,0.9890990104682701,0.8415072069682237,0.0,600
b7478c3174c36d708ee0c7aac23e2867b9a1fa30967d9b55c39f49d2ab242c35,11998d1c92f3b3d27b6f88376e5af3bac7118886f9775ed3df851fabbe3bb403,gas,minnesota,screen,monthly,linear,gas_pre_tax,False,ok,,0.4,1.0,2025-09-01,1,2025-10-01,77.3699546975646,0.4708025556205544,-1.2766692967096347,2.8108003509918484,78.11454555343154,78.10623624993339,0.7445908558669458,0.7445908558669458,0.5544155426406709,0.8453483671200752,0.0,600
b7478c3174c36d708ee0c7aac23e2867b9a1fa30967d9b55c39f49d2ab242c35,11998d1c92f3b3d27b6f88376e5af3bac7118886f9775ed3df851fabbe3bb403,gas,minnesota,screen,monthly,linear,gas_pre_tax,False,ok,,0.4,1.0,2025-09-01,3,2025-12-01,77.44055215569736,0.6755077752918495,-1.8666194466185062,7.859959524621499,77.53869910174842,77.83433573323217,0.09814694605105956,0.09814694605105956,0.009632823019149596,0.8453483671200752,0.0,600
b7478c3174c36d708ee0c7aac23e2867b9a1fa30967d9b55c39f49d2ab242c35,11998d1c92f3b3d27b6f88376e5af3bac7118886f9775ed3df851fabbe3bb403,gas,minnesota,screen,monthly,linear,gas_pre_tax,False,ok,,0.4,1.0,2025-09-01,6,2026-03-01,79.38702492992914,2.0242638134470683,-2.836627542916379,11.343334891937811,76.69236364473261,76.61102185959354,-2.6946612851965313,2.6946612851965313,7.261199441937022,0.8453483671200752,0.0,600
5624948707c8fc7bd3c97a4f315ffa8f67e4e1101cac8de76524c8ace3d4c51d,11998d1c92f3b3d27b6f88376e5af3bac7118886f9775ed3df851fabbe3bb403,gas,minnesota,screen,monthly,linear,gas_pre_tax,False,ok,,0.4,1.0,2025-10-01,1,2025-11-01,77.1985037278136,0.21648610449536365,-0.7679708812176695,3.328526530078218,77.19063325766464,77.18898689629371,-0.007870470148958475,0.007870470148958475,6.194430036564643e-05,0.8399193143441024,0.0,600
5624948707c8fc7bd3c97a4f315ffa8f67e4e1101cac8de76524c8ace3d4c51d,11998d1c92f3b3d27b6f88376e5af3bac7118886f9775ed3df851fabbe3bb403,gas,minnesota,screen,monthly,linear,gas_pre_tax,False,ok,,0.4,1.0,2025-10-01,3,2026-01-01,76.82534573482619,0.550943281131377,-1.64385521874821,5.689708162536355,76.9265779973951,76.85373832960963,0.10123226256891371,0.10123226256891371,0.010247970984821489,0.8399193143441024,0.0,600
5624948707c8fc7bd3c97a4f315ffa8f67e4e1101cac8de76524c8ace3d4c51d,11998d1c92f3b3d27b6f88376e5af3bac7118886f9775ed3df851fabbe3bb403,gas,minnesota,screen,monthly,linear,gas_pre_tax,False,ok,,0.4,1.0,2025-10-01,6,2026-04-01,82.84630037843436,4.293520118180141,-3.84326063615101,8.976142245712342,76.35438567584949,76.30216276563408,-6.491914702584879,6.491914702584879,42.144956505637715,0.8399193143441024,0.0,600
18260d115adae064e457d494e2ba33607e7599f23745b8bbdf5e74e40ce14c28,11998d1c92f3b3d27b6f88376e5af3bac7118886f9775ed3df851fabbe3bb403,gas,minnesota,screen,monthly,linear,gas_pre_tax,False,ok,,0.4,1.0,2025-11-01,1,2025-12-01,77.44055215569736,0.4167870235895377,-1.1550774637838996,3.3540802535176595,76.95044493213965,76.78456909938828,-0.49010722355771463,0.49010722355771463,0.24020509058345166,0.8457737777142388,0.0,600
18260d115adae064e457d494e2ba33607e7599f23745b8bbdf5e74e40ce14c28,11998d1c92f3b3d27b6f88376e5af3bac7118886f9775ed3df851fabbe3bb403,gas,minnesota,screen,monthly,linear,gas_pre_tax,False,ok,,0.4,1.0,2025-11-01,3,2026-02-01,77.34978399524095,0.9506519966252545,-2.0722045259418502,6.323896865217638,76.90383204499902,75.95661094660062,-0.445951950241934,0.445951950241934,0.19887314192458438,0.8457737777142388,0.0,600
18260d115adae064e457d494e2ba33607e7599f23745b8bbdf5e74e40ce14c28,11998d1c92f3b3d27b6f88376e5af3bac7118886f9775ed3df851fabbe3bb403,gas,minnesota,screen,monthly,linear,gas_pre_tax,False,ok,,0.4,1.0,2025-11-01,6,2026-05-01,84.42970051084055,5.728818549456461,-4.291344926279521,10.675909823373663,76.7148967623709,75.98961620883748,-7.714803748469649,7.714803748469649,59.518196877401344,0.8457737777142388,0.0,600
0965684395481cbc1e6e24af74691e77fdb839f79b53d9445b3feffaa36ce80b,11998d1c92f3b3d27b6f88376e5af3bac7118886f9775ed3df851fabbe3bb403,gas,minnesota,screen,monthly,linear,gas_pre_tax,False,ok,,0.4,1.0,2025-12-01,1,2026-01-01,76.82534573482619,0.23767237453655765,-0.8470144582213104,3.893428028322468,76.61128592692624,76.72177463879439,-0.21405980789994317,0.21405980789994317,0.045821601358160574,0.8489560786771209,0.0,600
0965684395481cbc1e6e24af74691e77fdb839f79b53d9445b3feffaa36ce80b,11998d1c92f3b3d27b6f88376e5af3bac7118886f9775ed3df851fabbe3bb403,gas,minnesota,screen,monthly,linear,gas_pre_tax,False,ok,,0.4,1.0,2025-12-01,3,2026-03-01,79.38702492992914,2.3538127805573574,-3.117598898322359,7.477958804524316,75.39450198616697,76.11172202435691,-3.992522943762168,3.992522943762168,15.940239456467328,0.8489560786771209,0.0,600
0965684395481cbc1e6e24af74691e77fdb839f79b53d9445b3feffaa36ce80b,11998d1c92f3b3d27b6f88376e5af3bac7118886f9775ed3df851fabbe3bb403,gas,minnesota,screen,monthly,linear,gas_pre_tax,False,ok,,0.4,1.0,2025-12-01,6,2026-06-01,84.631407534077,6.432942356891253,-4.41572150369165,11.391529663860698,75.25968299164921,75.53010571791535,-9.371724542427785,9.371724542427785,87.82922089914328,0.8489560786771209,0.0,600
8fcc237afb2bde2bd440652aed3f5fadc1e660d2cf2a59f6c2e6d9c61d6f2778,f19c68f1833a3838f2534c6f5473673b10bedbcc99f3bb2afdd617342eed154c,gas,minnesota,screen,monthly,linear,gas_pre_tax,False,ok,,0.6,0.25,2025-07-01,1,2025-08-01,79.12480579972177,0.598676502229192,-1.4595666702442234,4.3711150898820845,80.36809049900455,80.11021976257814,1.243284699282782,1.243284699282782,1.5457568434706777,0.8467666789525468,0.0,600
8fcc237afb2bde2bd440652aed3f5fadc1e660d2cf2a59f6c2e6d9c61d6f2778,f19c68f1833a3838f2534c6f5473673b10bedbcc99f3bb2afdd617342eed154c,gas,minnesota,screen,monthly,linear,gas_pre_tax,False,ok,,0.6,0.25,2025-07-01,3,2025-10-01,77.3699546975646,2.056824201684887,-2.7892289255253697,8.48078146262566,81.48136695584081,80.47630329296145,4.111412258276218,4.111412258276218,16.903710757503948,0.8467666789525468,0.0,600
8fcc237afb2bde2bd440652aed3f5fadc1e660d2cf2a59f6c2e6d9c61d6f2778,f19c68f1833a3838f2534c6f5473673b10bedbcc99f3bb2afdd617342eed154c,gas,minnesota,screen,monthly,linear,gas_pre_tax,False,ok,,0.6,0.25,2025-07-01,6,2026-01-01,76.82534573482619,2.3737020866505842,-2.886708379615527,12.738422147489601,81.49308276260733,79.98011708898095,4.667737027781143,4.667737027781143,21.78776896051914,0.8467666789525468,0.0,600
64832b51274d0b5b9c0e390273c606446d8e8a54ea6274be8337ce1b0cda1afd,f19c68f1833a3838f2534c6f5473673b10bedbcc99f3bb2afdd617342eed154c,gas,minnesota,screen,monthly,linear,gas_pre_tax,False,ok,,0.6,0.25,2025-08-01,1,2025-09-01,78.49951402768875,0.42655665628621064,-1.227312300380225,4.9960649392697345,79.34141343524936,79.12735798797311,0.8418994075606179,0.8418994075606179,0.7087946124509193,0.8474725321072856,0.0,600
64832b51274d0b5b9c0e390273c606446d8e8a54ea6274be8337ce1b0cda1afd,f19c68f1833a3838f2534c6f5473673b10bedbcc99f3bb2afdd617342eed154c,gas,minnesota,screen,monthly,linear,gas_pre_tax,False,ok,,0.6,0.25,2025-08-01,3,2025-11-01,77.1985037278136,1.1042269634357247,-2.2680789170115583,7.037038253597613,78.31857626570981,78.78346147767508,1.1200725378962062,1.1200725378962062,1.2545624901492483,0.8474725321072856,0.0,600
64832b51274d0b5b9c0e390273c606446d8e8a54ea6274be8337ce1b0cda1afd,f19c68f1833a3838f2534c6f5473673b10bedbcc99f3bb2afdd617342eed154c,gas,minnesota,screen,monthly,linear,gas_pre_tax,False,ok,,0.6,0.25,2025-08-01,6,2026-02-01,77.34978399524095,1.4569270976837956,-2.594034270096917,11.804019152805399,76.99465297590454,77.22152683737315,-0.35513101933641167,0.35513101933641167,0.1261180408949188,0.8474725321072856,0.0,600
908fefd2ef6b22ebf8e1f40ed01cf721bf876fd923ea470addc58463fb56f141,f19c68f1833a3838f2534c6f5473673b10bedbcc99f3bb2afdd617342eed154c,gas,minnesota,screen,monthly,linear,gas_pre_tax,False,ok,,0.6,0.25,2025-09-01,1,2025-10-01,77.3699546975646,0.4254473518579194,-1.287613449145189,4.409406255623278,78.11481961251239,77.98280014371323,0.7448649149477973,0.7448649149477973,0.5548237415201893,0.860011297996985,0.0,600
908fefd2ef6b22ebf8e1f40ed01cf721bf876fd923ea470addc58463fb56f141,f19c68f1833a3838f2534c6f5473673b10bedbcc99f3bb2afdd617342eed154c,gas,minnesota,screen,monthly,linear,gas_pre_tax,False,ok,,0.6,0.25,2025-09-01,3,2025-12-01,77.44055215569736,0.7341163580194863,-1.78312405733711,10.310675768222476,76.96941060122428,77.3095100833459,-0.47114155447307837,0.47114155447307837,0.22197436435130868,0.860011297996985,0.0,600
908fefd2ef6b22ebf8e1f40ed01cf721bf876fd923ea470addc58463fb56f141,f19c68f1833a3838f2534c6f5473673b10bedbcc99f3bb2afdd617342eed154c,gas,minnesota,screen,monthly,linear,gas_pre_tax,False,ok,,0.6,0.25,2025-09-01,6,2026-03-01,79.38702492992914,2.4673180691344827,-3.0757168109793556,14.860675431165603,75.66138207370868,75.97676294113671,-3.7256428562204604,3.7256428562204604,13.88041469210655,0.860011297996985,0.0,600
4eb5950c3de7fdaf882389b30dd25fa297f2beff984753a1aefe42381822181b,f19c68f1833a3838f2534c6f5473673b10bedbcc99f3bb2afdd617342eed154c,gas,minnesota,screen,monthly,linear,gas_pre_tax,False,ok,,0.6,0.25,2025-10-01,1,2025-11-01,77.1985037278136,0.26563651422359835,-1.006436637506555,3.2270305075744123,77.017175472308,77.0170087891515,-0.18132825550560483,0.18132825550560483,0.03287993624470591,0.8500622787692633,0.0,600
4eb5950c3de7fdaf882389b30dd25fa297f2beff984753a1aefe42381822181b,f19c68f1833a3838f2534c6f5473673b10bedbcc99f3bb2afdd617342eed154c,gas,minnesota,screen,monthly,linear,gas_pre_tax,False,ok,,0.6,0.25,2025-10-01,3,2026-01-01,76.82534573482619,0.6891559523963036,-1.8377876221630713,6.773555133887112,76.2305989132796,76.43499121000183,-0.5947468215465932,0.5947468215465932,0.3537237817397752,0.8500622787692633,0.0,600
4eb5950c3de7fdaf882389b30dd25fa297f2beff984753a1aefe42381822181b,f19c68f1833a3838f2534c6f5473673b10bedbcc99f3bb2afdd617342eed154c,gas,minnesota,screen,monthly,linear,gas_pre_tax,False,ok,,0.6,0.25,2025-10-01,6,2026-04-01,82.84630037843436,4.5226656949990645,-3.7972788781854714,11.678926543285014,75.42260939279076,75.56781745138146,-7.423690985643603,7.423690985643603,55.11118785032609,0.8500622787692633,0.0,600
bf0271b64f579fc4892ee13a46755fac81e8c3aa6adac3f1d0c79f76b9f49bf3,f19c68f1833a3838f2534c6f5473673b10bedbcc99f3bb2afdd617342eed154c,gas,minnesota,screen,monthly,linear,gas_pre_tax,False,ok,,0.6,0.25,2025-11-01,1,2025-12-01,77.44055215569736,0.494010998665534,-1.3078110150203983,2.6905284020309597,76.73942424494986,76.63580926660987,-0.7011279107475019,0.7011279107475019,0.491580347229157,0.8504629593763987,0.0,600
bf0271b64f579fc4892ee13a46755fac81e8c3aa6adac3f1d0c79f76b9f49bf3,f19c68f1833a3838f2534c6f5473673b10bedbcc99f3bb2afdd617342eed154c,gas,minnesota,screen,monthly,linear,gas_pre_tax,False,ok,,0.6,0.25,2025-11-01,3,2026-02-01,77.34978399524095,1.0410551561117138,-2.1593300898929324,7.812040265642101,75.84430871043244,75.82856584885322,-1.5054752848085116,1.5054752848085116,2.266455833169269,0.8504629593763987,0.0,600
bf0271b64f579fc4892ee13a46755fac81e8c3aa6adac3f1d0c79f76b9f49bf3,f19c68f1833a3838f2534c6f5473673b10bedbcc99f3bb2afdd617342eed154c,gas,minnesota,screen,monthly,linear,gas_pre_tax,False,ok,,0.6,0.25,2025-11-01,6,2026-05-01,84.42970051084055,6.031445520711953,-4.690631846819347,11.738549851052435,75.73427877885239,75.70391057134094,-8.695421731988162,8.695421731988162,75.610359097132,0.8504629593763987,0.0,600
3b01c85f7855cd4ad5475e36f3e8bfeda280fbdf93538b5357e166c6add16fd6,f19c68f1833a3838f2534c6f5473673b10bedbcc99f3bb2afdd617342eed154c,gas,minnesota,screen,monthly,linear,gas_pre_tax,False,ok,,0.6,0.25,2025-12-01,1,2026-01-01,76.82534573482619,0.2619762363030327,-0.9723352645550554,3.1142439054299738,76.7512201920744,76.58574738627055,-0.07412554275178707,0.07412554275178707,0.005494596088247012,0.8578734019412254,0.0,600
3b01c85f7855cd4ad5475e36f3e8bfeda280fbdf93538b5357e166c6add16fd6,f19c68f1833a3838f2534c6f5473673b10bedbcc99f3bb2afdd617342eed154c,gas,minnesota,screen,monthly,linear,gas_pre_tax,False,ok,,0.6,0.25,2025-12-01,3,2026-03-01,79.38702492992914,2.2291836780240684,-3.3586929363869977,8.598303792597346,76.15120126150076,76.11096165262778,-3.235823668428381,3.235823668428381,10.470554813161305,0.8578734019412254,0.0,600
3b01c85f7855cd4ad5475e36f3e8bfeda280fbdf93538b5357e166c6add16fd6,f19c68f1833a3838f2534c6f5473673b10bedbcc99f3bb2afdd617342eed154c,gas,minnesota,screen,monthly,linear,gas_pre_tax,False,ok,,0.6,0.25,2025-12-01,6,2026-06-01,84.631407534077,5.828962718989342,-4.245364701683361,11.88780704950272,76.54579904508088,75.77698998560575,-8.085608488996115,8.085608488996115,65.37706463732604,0.8578734019412254,0.0,600
d7cb284b62ce8418f67bc7545a4154464dbcdc051b3d0129ed911b4861bcd7ae,16afb08d0d80a852fd4db3e793eee5b4571c7665a9717ca9818469ace67f5413,gas,minnesota,screen,monthly,linear,gas_pre_tax,False,ok,,0.6,0.5,2025-07-01,1,2025-08-01,79.12480579972177,0.6124364634898252,-1.5363410467714758,4.614676761849496,80.39878021206417,80.12830912603333,1.2739744123423975,1.2739744123423975,1.623010803303157,0.8498300263898875,0.0,600
d7cb284b62ce8418f67bc7545a4154464dbcdc051b3d0129ed911b4861bcd7ae,16afb08d0d80a852fd4db3e793eee5b4571c7665a9717ca9818469ace67f5413,gas,minnesota,screen,monthly,linear,gas_pre_tax,False,ok,,0.6,0.5,2025-07-01,3,2025-10-01,77.3699546975646,2.068817643908245,-3.0248614209758364,7.660921726974618,81.5481918910405,80.39927255816727,4.178237193475908,4.178237193475908,17.457666044945434,0.8498300263898875,0.0,600
d7cb284b62ce8418f67bc7545a4154464dbcdc051b3d0129ed911b4861bcd7ae,16afb08d0d80a852fd4db3e793eee5b4571c7665a9717ca9818469ace67f5413,gas,minnesota,screen,monthly,linear,gas_pre_tax,False,ok,,0.6,0.5,2025-07-01,6,2026-01-01,76.82534573482619,2.4395285662252775,-2.8768559508739657,12.263291449027674,81.79694195633724,80.44823103258699,4.971596221511049,4.971596221511049,24.716768989742942,0.8498300263898875,0.0,600
0447fb62ce5877687806e085db48ab7e0761d3c214125083542f1206a57f4e11,16afb08d0d80a852fd4db3e793eee5b4571c7665a9717ca9818469ace67f5413,gas,minnesota,screen,monthly,linear,gas_pre_tax,False,ok,,0.6,0.5,2025-08-01,1,2025-09-01,78.49951402768875,0.4587007536505967,-1.3391714412408238,2.595254239261281,79.2602773430374,79.27002019257552,0.7607633153486546,0.7607633153486546,0.5787608219802765,0.8477264743206165,0.0,600
0447fb62ce5877687806e085db48ab7e0761d3c214125083542f1206a57f4e11,16afb08d0d80a852fd4db3e793eee5b4571c7665a9717ca9818469ace67f5413,gas,minnesota,screen,monthly,linear,gas_pre_tax,False,ok,,0.6,0.5,2025-08-01,3,2025-11-01,77.1985037278136,1.1359163719548415,-2.2965254041680256,6.9617647472623,79.12452025098379,79.00632633945085,1.9260165231701905,1.9260165231701905,3.709539647524589,0.8477264743206165,0.0,600
0447fb62ce5877687806e085db48ab7e0761d3c214125083542f1206a57f4e11,16afb08d0d80a852fd4db3e793eee5b4571c7665a9717ca9818469ace67f5413,gas,minnesota,screen,monthly,linear,gas_pre_tax,False,ok,,0.6,0.5,2025-08-01,6,2026-02-01,77.34978399524095,1.2984940979389634,-2.463141542756139,12.031721009148837,77.68906758709599,77.8108875799035,0.3392835918550361,0.3392835918550361,0.11511335570205472,0.8477264743206165,0.0,600
6748d2fd0c2551a686261bffccf968be24928aea12324daf6b7abfb951000ac3,16afb08d0d80a852fd4db3e793eee5b4571c7665a9717ca9818469ace67f5413,gas,minnesota,screen,monthly,linear,gas_pre_tax,False,ok,,0.6,0.5,2025-09-01,1,2025-10-01,77.3699546975646,0.47194254938142977,-1.3839479150333958,4.043272477706786,78.13442436419919,78.1302929121772,0.7644696666345965,0.7644696666345965,0.5844138712044111,0.855958971994764,0.0,600
6748d2fd0c2551a686261bffccf968be24928aea12324daf6b7abfb951000ac3,16afb08d0d80a852fd4db3e793eee5b4571c7665a9717ca9818469ace67f5413,gas,minnesota,screen,monthly,linear,gas_pre_tax,False,ok,,0.6,0.5,2025-09-01,3,2025-12-01,77.44055215569736,0.6821701516053822,-1.8531722651459033,8.078978252787975,77.43811947852939,77.61493879370738,-0.0024326771679739068,0.0024326771679739068,5.917918203581547e-06,0.855958971994764,0.0,600
6748d2fd0c2551a686261bffccf968be24928aea12324daf6b7abfb951000ac3,16afb08d0d80a852fd4db3e793eee5b4571c7665a9717ca9818469ace67f5413,gas,minnesota,screen,monthly,linear,gas_pre_tax,False,ok,,0.6,0.5,2025-09-01,6,2026-03-01,79.38702492992914,2.0054122497167324,-2.8463845054105157,11.707146748681566,76.61009799172726,76.70047279135221,-2.776926938201882,2.776926938201882,7.711323220111279,0.855958971994764,0.0,600
f8f7dc946ad06e15b11414b258937de8facfa97aab7a2c5d6c88b52353fa19b5,16afb08d0d80a852fd4db3e793eee5b4571c7665a9717ca9818469ace67f5413,gas,minnesota,screen,monthly,linear,gas_pre_tax,False,ok,,0.6,0.5,2025-10-01,1,2025-11-01,77.1985037278136,0.24804104736313226,-0.9359891986874791,3.3314574793730594,77.00089594771168,77.10722372382723,-0.1976077801019187,0.1976077801019187,0.03904883475680826,0.8555281560486488,0.0,600
f8f7dc946ad06e15b11414b258937de8facfa97aab7a2c5d6c88b52353fa19b5,16afb08d0d80a852fd4db3e793eee5b4571c7665a9717ca9818469ace67f5413,gas,minnesota,screen,monthly,linear,gas_pre_tax,False,ok,,0.6,0.5,2025-10-01,3,2026-01-01,76.82534573482619,0.6693809601938003,-1.74652256831574,8.022611801121874,76.56372534313215,76.47829145361467,-0.26162039169403783,0.26162039169403783,0.06844522935014179,0.8555281560486488,0.0,600
f8f7dc946ad06e15b11414b258937de8facfa97aab7a2c5d6c88b52353fa19b5,16afb08d0d80a852fd4db3e793eee5b4571c7665a9717ca9818469ace67f5413,gas,minnesota,screen,monthly,linear,gas_pre_tax,False,ok,,0.6,0.5,2025-10-01,6,2026-04-01,82.84630037843436,4.7467736941477865,-3.873192290489502,12.261429062639637,75.73985577041793,75.40223673442216,-7.106444608016432,7.106444608016432,50.50155496680581,0.8555281560486488,0.0,600
fe6afdfe2c7875bf30d03deb5671d8da80d23538fb95853bfb559e3b32900652,16afb08d0d80a852fd4db3e793eee5b4571c7665a9717ca9818469ace67f5413,gas,minnesota,screen,monthly,linear,gas_pre_tax,False,ok,,0.6,0.5,2025-11-01,1,2025-12-01,77.44055215569736,0.4460593013807175,-1.2712150884138946,2.7308508811543777,76.82799836965263,76.7286451285953,-0.6125537860447281,0.6125537860447281,0.37522214079773053,0.851774597515643,0.0,600
fe6afdfe2c7875bf30d03deb5671d8da80d23538fb95853bfb559e3b32900652,16afb08d0d80a852fd4db3e793eee5b4571c7665a9717ca9818469ace67f5413,gas,minnesota,screen,monthly,linear,gas_pre_tax,False,ok,,0.6,0.5,2025-11-01,3,2026-02-01,77.34978399524095,0.8639344764216492,-1.9876079451949162,6.506619044778268,76.33555085504901,76.22302238157215,-1.0142331401919478,1.0142331401919478,1.0286688626636191,0.851774597515643,0.0,600
fe6afdfe2c7875bf30d03deb5671d8da80d23538fb95853bfb559e3b32900652,16afb08d0d80a852fd4db3e793eee5b4571c7665a9717ca9818469ace67f5413,gas,minnesota,screen,monthly,linear,gas_pre_tax,False,ok,,0.6,0.5,2025-11-01,6,2026-05-01,84.42970051084055,5.588441340767539,-4.13248630172593,9.353114073314464,76.35057005628968,76.00317992164828,-8.079130454550864,8.079130454550864,65.27234890165124,0.851774597515643,0.0,600
a70e8a8a9a0a5100ad38b7f2f534c121334edb485bc56b51f1368ca3252bed9c,16afb08d0d80a852fd4db3e793eee5b4571c7665a9717ca9818469ace67f5413,gas,minnesota,screen,monthly,linear,gas_pre_tax,False,ok,,0.6,0.5,2025-12-01,1,2026-01-01,76.82534573482619,0.23636351178087556,-0.8271465579162252,4.032306564708059,76.88405211866888,76.77281414076751,0.05870638384269,0.05870638384269,0.0034464395038852538,0.8530516521201155,0.0,600
a70e8a8a9a0a5100ad38b7f2f534c121334edb485bc56b51f1368ca3252bed9c,16afb08d0d80a852fd4db3e793eee5b4571c7665a9717ca9818469ace67f5413,gas,minnesota,screen,monthly,linear,gas_pre_tax,False,ok,,0.6,0.5,2025-12-01,3,2026-03-01,79.38702492992914,2.314645095308657,-3.5088066438233385,6.621318225269088,76.0003289794464,75.95657979928819,-3.3866959504827463,3.3866959504827463,11.469709461016233,0.8530516521201155,0.0,600
a70e8a8a9a0a5100ad38b7f2f534c121334edb485bc56b51f1368ca3252bed9c,16afb08d0d80a852fd4db3e793eee5b4571c7665a9717ca9818469ace67f5413,gas,minnesota,screen,monthly,linear,gas_pre_tax,False,ok,,0.6,0.5,2025-12-01,6,2026-06-01,84.631407534077,6.317262185108358,-4.439759129900306,10.548796572862347,75.73782002896665,75.62460965000224,-8.893587505110347,8.893587505110347,79.09589871105487,0.8530516521201155,0.0,600
d70e92d47f0b331ac78e05c2c3540bc94d4bd3c23ca57acddef213bba594d4c2,90a64a244430029473a9447673ea534a2a718f0a1d3ee463db92930032e500f1,gas,minnesota,screen,monthly,linear,gas_pre_tax,False,ok,,0.6,0.75,2025-07-01,1,2025-08-01,79.12480579972177,0.6027224267362783,-1.511597001537604,5.081372423156751,80.42354264640734,80.09768077216374,1.2987368466855713,1.2987368466855713,1.6867173969387812,0.849389574501121,0.0,600
d70e92d47f0b331ac78e05c2c3540bc94d4bd3c23ca57acddef213bba594d4c2,90a64a244430029473a9447673ea534a2a718f0a1d3ee463db92930032e500f1,gas,minnesota,screen,monthly,linear,gas_pre_tax,False,ok,,0.6,0.75,2025-07-01,3,2025-10-01,77.3699546975646,2.0949049022347257,-2.9138730023106767,6.982139276029264,81.16578996971508,80.49532031465904,3.7958352721504838,3.7958352721504838,14.408365413301738,0.849389574501121,0.0,600
d70e92d47f0b331ac78e05c2c3540bc94d4bd3c23ca57acddef213bba594d4c2,90a64a244430029473a9447673ea534a2a718f0a1d3ee463db92930032e500f1,gas,minnesota,screen,monthly,linear,gas_pre_tax,False,ok,,0.6,0.75,2025-07-01,6,2026-01-01,76.82534573482619,2.3710304066486527,-2.9205130642380315,10.959177636325197,81.06825417871107,80.35328672287801,4.242908443884886,4.242908443884886,18.002272063189665,0.849389574501121,0.0,600
01929acfa3163384c03df428d3233fdc94f3ea0e12f3df4f51f5898e92306c45,90a64a244430029473a9447673ea534a2a718f0a1d3ee463db92930032e500f1,gas,minnesota,screen,monthly,linear,gas_pre_tax,False,ok,,0.6,0.75,2025-08-01,1,2025-09-01,78.49951402768875,0.3619682265036457,-1.2172067123669565,3.1623900316874454,79.22735303693989,79.03009832373749,0.7278390092511415,0.7278390092511415,0.5297496233876833,0.853359707207734,0.0,600
01929acfa3163384c03df428d3233fdc94f3ea0e12f3df4f51f5898e92306c45,90a64a244430029473a9447673ea534a2a718f0a1d3ee463db92930032e500f1,gas,minnesota,screen,monthly,linear,gas_pre_tax,False,ok,,0.6,0.75,2025-08-01,3,2025-11-01,77.1985037278136,1.0458320467284277,-2.242422765124632,6.384241910642369,78.57904198870519,78.73310381199036,1.3805382608915835,1.3805382608915835,1.905885889785558,0.853359707207734,0.0,600
01929acfa3163384c03df428d3233fdc94f3ea0e12f3df4f51f5898e92306c45,90a64a244430029473a9447673ea534a2a718f0a1d3ee463db92930032e500f1,gas,minnesota,screen,monthly,linear,gas_pre_tax,False,ok,,0.6,0.75,2025-08-01,6,2026-02-01,77.34978399524095,1.4440812529655132,-2.5945078798067867,10.346175663342038,77.82382143708608,78.29550074636387,0.47403744184512675,0.47403744184512675,0.22471149627107193,0.853359707207734,0.0,600
7f80be034106667946123de4f36e08a5f713a48ca8325a11819edf9e1757feac,90a64a244430029473a9447673ea534a2a718f0a1d3ee463db92930032e500f1,gas,minnesota,screen,monthly,linear,gas_pre_tax,False,ok,,0.6,0.75,2025-09-01,1,2025-10-01,77.3699546975646,0.5150954756997106,-1.3924397910598625,3.7980166762380447,78.34816430479543,78.20930426528002,0.9782096072308377,0.9782096072308377,0.9568940356787098,0.8557147598156931,0.0,600
7f80be034106667946123de4f36e08a5f713a48ca8325a11819edf9e1757feac,90a64a244430029473a9447673ea534a2a718f0a1d3ee463db92930032e500f1,gas,minnesota,screen,monthly,linear,gas_pre_tax,False,ok,,0.6,0.75,2025-09-01,3,2025-12-01,77.44055215569736,0.6198841539786484,-1.7463897634446752,7.611258935918429,77.50090677822172,77.48179770940375,0.06035462252435764,0.06035462252435764,0.0036426804600576982,0.8557147598156931,0.0,600
7f80be034106667946123de4f36e08a5f713a48ca8325a11819edf9e1757feac,90a64a244430029473a9447673ea534a2a718f0a1d3ee463db92930032e500f1,gas,minnesota,screen,monthly,linear,gas_pre_tax,False,ok,,0.6,0.75,2025-09-01,6,2026-03-01,79.38702492992914,1.983711207725686,-2.820702238044404,12.39052479055715,76.84340003365793,76.59932031220956,-2.5436248962712114,2.5436248962712114,6.470027612930731,0.8557147598156931,0.0,600
89eaa6e0e9d2827d21f5ae628c7a674c60cede4e3c96c18cffac6ce4b5c106cb,90a64a244430029473a9447673ea534a2a718f0a1d3ee463db92930032e500f1,gas,minnesota,screen,monthly,linear,gas_pre_tax,False,ok,,0.6,0.75,2025-10-01,1,2025-11-01,77.1985037278136,0.24315989535069726,-0.8953101649643376,3.616838082888598,77.30516456284958,77.19558542910208,0.10666083503598145,0.10666083503598145,0.011376533730572848,0.8533902370500714,0.0,600
89eaa6e0e9d2827d21f5ae628c7a674c60cede4e3c96c18cffac6ce4b5c106cb,90a64a244430029473a9447673ea534a2a718f0a1d3ee463db92930032e500f1,gas,minnesota,screen,monthly,linear,gas_pre_tax,False,ok,,0.6,0.75,2025-10-01,3,2026-01-01,76.82534573482619,0.6614542297173704,-1.7899105627896588,7.501113538212332,77.02719766116977,76.71385371459431,0.20185192634357918,0.20185192634357918,0.040744200168613715,0.8533902370500714,0.0,600
89eaa6e0e9d2827d21f5ae628c7a674c60cede4e3c96c18cffac6ce4b5c106cb,90a64a244430029473a9447673ea534a2a718f0a1d3ee463db92930032e500f1,gas,minnesota,screen,monthly,linear,gas_pre_tax,False,ok,,0.6,0.75,2025-10-01,6,2026-04-01,82.84630037843436,4.380707200992706,-4.031706792411043,11.3969689621051,76.29865738672527,76.23661718780963,-6.547642991709097,6.547642991709097,42.87162874687725,0.8533902370500714,0.0,600
e009010d836fd0991763fbfa22e18dc2c74b14aad6aa36442aed9b9da8f9e2dd,90a64a244430029473a9447673ea534a2a718f0a1d3ee463db92930032e500f1,gas,minnesota,screen,monthly,linear,gas_pre_tax,False,ok,,0.6,0.75,2025-11-01,1,2025-12-01,77.44055215569736,0.42289807788241185,-1.1449845645629093,4.188799550428735,77.1358895800673,76.78479162439385,-0.3046625756300614,0.3046625756300614,0.09281928498954287,0.8577456304262716,0.0,600
e009010d836fd0991763fbfa22e18dc2c74b14aad6aa36442aed9b9da8f9e2dd,90a64a244430029473a9447673ea534a2a718f0a1d3ee463db92930032e500f1,gas,minnesota,screen,monthly,linear,gas_pre_tax,False,ok,,0.6,0.75,2025-11-01,3,2026-02-01,77.34978399524095,0.9806665065755324,-2.0109316689253616,7.365469285827411,77.11762957896251,76.06231468393361,-0.23215441627844768,0.23215441627844768,0.053895672997586776,0.8577456304262716,0.0,600
e009010d836fd0991763fbfa22e18dc2c74b14aad6aa36442aed9b9da8f9e2dd,90a64a244430029473a9447673ea534a2a718f0a1d3ee463db92930032e500f1,gas,minnesota,screen,monthly,linear,gas_pre_tax,False,ok,,0.6,0.75,2025-11-01,6,2026-05-01,84.42970051084055,5.791434303041701,-4.2565037604246845,12.283598781324995,76.72823149281537,75.69777616303124,-7.701469018025179,7.701469018025179,59.31262503560171,0.8577456304262716,0.0,600
ab3d41d740c4eaf6f8ced195b033b03ff39372f48f6833eaf7214cf18cf373d2,90a64a244430029473a9447673ea534a2a718f0a1d3ee463db92930032e500f1,gas,minnesota,screen,monthly,linear,gas_pre_tax,False,ok,,0.6,0.75,2025-12-01,1,2026-01-01,76.82534573482619,0.2628361856551513,-0.8990366029680956,4.567413744749782,76.71347033261279,76.7346999182383,-0.11187540221339987,0.11187540221339987,0.012516105620409996,0.8636041781402088,0.0,600
ab3d41d740c4eaf6f8ced195b033b03ff39372f48f6833eaf7214cf18cf373d2,90a64a244430029473a9447673ea534a2a718f0a1d3ee463db92930032e500f1,gas,minnesota,screen,monthly,linear,gas_pre_tax,False,ok,,0.6,0.75,2025-12-01,3,2026-03-01,79.38702492992914,2.3450212369389054,-3.359961188785217,7.056702851029727,76.2078773852668,75.90213552053814,-3.1791475446623423,3.1791475446623423,10.106979110732599,0.8636041781402088,0.0,600
ab3d41d740c4eaf6f8ced195b033b03ff39372f48f6833eaf7214cf18cf373d2,90a64a244430029473a9447673ea534a2a718f0a1d3ee463db92930032e500f1,gas,minnesota,screen,monthly,linear,gas_pre_tax,False,ok,,0.6,0.75,2025-12-01,6,2026-06-01,84.631407534077,6.246586436984121,-4.57314031687772,10.211572222852265,76.10886883570191,75.5619869679922,-8.522538698375087,8.522538698375087,72.63366586530091,0.8636041781402088,0.0,600
2c30ca4fde56514d6bce440fde9559a9539b1716c999a2a1f9337f91ed163005,f4cfcdb12c43c3a964d63f9da00ec4cd0b9269174fc4b2839e6f34bf518dd9fe,gas,minnesota,screen,monthly,linear,gas_pre_tax,False,ok,,0.6,1.0,2025-07-01,1,2025-08-01,79.12480579972177,0.6146016031878663,-1.5106548258394046,5.244150348517446,80.44598225950666,80.11548264023767,1.321176459784894,1.321176459784894,1.7455072378897458,0.8528601606319476,0.0,600
2c30ca4fde56514d6bce440fde9559a9539b1716c999a2a1f9337f91ed163005,f4cfcdb12c43c3a964d63f9da00ec4cd0b9269174fc4b2839e6f34bf518dd9fe,gas,minnesota,screen,monthly,linear,gas_pre_tax,False,ok,,0.6,1.0,2025-07-01,3,2025-10-01,77.3699546975646,2.0364371115318,-2.9791604262228666,7.923782380548588,80.95580114522053,80.42139931515652,3.585846447655939,3.585846447655939,12.858294746166717,0.8528601606319476,0.0,600
2c30ca4fde56514d6bce440fde9559a9539b1716c999a2a1f9337f91ed163005,f4cfcdb12c43c3a964d63f9da00ec4cd0b9269174fc4b2839e6f34bf518dd9fe,gas,minnesota,screen,monthly,linear,gas_pre_tax,False,ok,,0.6,1.0,2025-07-01,6,2026-01-01,76.82534573482619,2.109955792272947,-2.778116684337035,11.20137723041385,80.44552166391897,79.64080915604049,3.620175929092781,3.620175929092781,13.10567375758278,0.8528601606319476,0.0,600
bae0527093bff809faf88aedff34fbd9454c8aced1a638a1390c6bd3dc174a5f,f4cfcdb12c43c3a964d63f9da00ec4cd0b9269174fc4b2839e6f34bf518dd9fe,gas,minnesota,screen,monthly,linear,gas_pre_tax,False,ok,,0.6,1.0,2025-08-01,1,2025-09-01,78.49951402768875,0.3682515154330668,-1.2023295374838794,3.4477816882367947,79.13690622872686,79.01396281902367,0.6373922010381108,0.6373922010381108,0.40626881794420744,0.8548354586995159,0.0,600
bae0527093bff809faf88aedff34fbd9454c8aced1a638a1390c6bd3dc174a5f,f4cfcdb12c43c3a964d63f9da00ec4cd0b9269174fc4b2839e6f34bf518dd9fe,gas,minnesota,screen,monthly,linear,gas_pre_tax,False,ok,,0.6,1.0,2025-08-01,3,2025-11-01,77.1985037278136,0.9925669607790906,-2.194639756065629,6.855537851821065,78.1944236451562,78.6629349679545,0.9959199173426043,0.9959199173426043,0.9918564817596999,0.8548354586995159,0.0,600
bae0527093bff809faf88aedff34fbd9454c8aced1a638a1390c6bd3dc174a5f,f4cfcdb12c43c3a964d63f9da00ec4cd0b9269174fc4b2839e6f34bf518dd9fe,gas,minnesota,screen,monthly,linear,gas_pre_tax,False,ok,,0.6,1.0,2025-08-01,6,2026-02-01,77.34978399524095,1.4159766331148695,-2.6482290587404362,10.628488618378379,77.0796155139429,77.70907490143335,-0.2701684812980574,0.2701684812980574,0.07299100828689878,0.8548354586995159,0.0,600
3ea4cc808877544782ad04d665ce340112115ab7e92ca411f2f91d85c32c3815,f4cfcdb12c43c3a964d63f9da00ec4cd0b9269174fc4b2839e6f34bf518dd9fe,gas,minnesota,screen,monthly,linear,gas_pre_tax,False,ok,,0.6,1.0,2025-09-01,1,2025-10-01,77.3699546975646,0.49437657050888295,-1.3370182621609699,4.168101360107025,77.97304728711643,78.13627379365379,0.6030925895518351,0.6030925895518351,0.36372067157233823,0.8552114234501655,0.0,600
3ea4cc808877544782ad04d665ce340112115ab7e92ca411f2f91d85c32c3815,f4cfcdb12c43c3a964d63f9da00ec4cd0b9269174fc4b2839e6f34bf518dd9fe,gas,minnesota,screen,monthly,linear,gas_pre_tax,False,ok,,0.6,1.0,2025-09-01,3,2025-12-01,77.44055215569736,0.6846341939008465,-1.8736359118863066,8.76042299422158,77.22910735282137,77.8537590325401,-0.2114448028759881,0.2114448028759881,0.044708904663265464,0.8552114234501655,0.0,600
3ea4cc808877544782ad04d665ce340112115ab7e92ca411f2f91d85c32c3815,f4cfcdb12c43c3a964d63f9da00ec4cd0b9269174fc4b2839e6f34bf518dd9fe,gas,minnesota,screen,monthly,linear,gas_pre_tax,False,ok,,0.6,1.0,2025-09-01,6,2026-03-01,79.38702492992914,1.867560291269296,-2.780346207475497,13.586893886913415,76.06285692471293,76.7237992918154,-3.324168005216208,3.324168005216208,11.050092926903105,0.8552114234501655,0.0,600
36bf3f67572ecd163129c863fe8d5e272767e872d291847a8a257a74470e3e00,f4cfcdb12c43c3a964d63f9da00ec4cd0b9269174fc4b2839e6f34bf518dd9fe,gas,minnesota,screen,monthly,linear,gas_pre_tax,False,ok,,0.6,1.0,2025-10-01,1,2025-11-01,77.1985037278136,0.239067683503571,-0.8478836749952317,4.224784470248569,77.35351234807811,77.16634016384427,0.15500862026451045,0.15500862026451045,0.024027672356307202,0.8541812726054601,0.0,600
36bf3f67572ecd163129c863fe8d5e272767e872d291847a8a257a74470e3e00,f4cfcdb12c43c3a964d63f9da00ec4cd0b9269174fc4b2839e6f34bf518dd9fe,gas,minnesota,screen,monthly,linear,gas_pre_tax,False,ok,,0.6,1.0,2025-10-01,3,2026-01-01,76.82534573482619,0.5970746092689985,-1.6581983867855383,6.896840137308816,76.8804375541319,76.58510275736113,0.05509181930571572,0.05509181930571572,0.003035108554413631,0.8541812726054601,0.0,600
36bf3f67572ecd163129c863fe8d5e272767e872d291847a8a257a74470e3e00,f4cfcdb12c43c3a964d63f9da00ec4cd0b9269174fc4b2839e6f34bf518dd9fe,gas,minnesota,screen,monthly,linear,gas_pre_tax,False,ok,,0.6,1.0,2025-10-01,6,2026-04-01,82.84630037843436,4.4155993921319885,-3.8911870747703476,9.7171995090481,76.52958636856799,75.99908305634436,-6.316714009866374,6.316714009866374,39.90087588244212,0.8541812726054601,0.0,600
a027545d7beb4470f4992010b8b5bc953d55db33e84192e76b925d589050c380,f4cfcdb12c43c3a964d63f9da00ec4cd0b9269174fc4b2839e6f34bf518dd9fe,gas,minnesota,screen,monthly,linear,gas_pre_tax,False,ok,,0.6,1.0,2025-11-01,1,2025-12-01,77.44055215569736,0.46048307515286213,-1.2985825392257055,2.593723121962925,76.71472403992976,76.6603321861893,-0.7258281157675981,0.7258281157675981,0.5268264536387418,0.8571067591098944,0.0,600
a027545d7beb4470f4992010b8b5bc953d55db33e84192e76b925d589050c380,f4cfcdb12c43c3a964d63f9da00ec4cd0b9269174fc4b2839e6f34bf518dd9fe,gas,minnesota,screen,monthly,linear,gas_pre_tax,False,ok,,0.6,1.0,2025-11-01,3,2026-02-01,77.34978399524095,0.9397605474738313,-2.0109742121141223,7.519643950875447,76.4110943171146,76.1239418610803,-0.9386896781263516,0.9386896781263516,0.8811383118209536,0.8571067591098944,0.0,600
a027545d7beb4470f4992010b8b5bc953d55db33e84192e76b925d589050c380,f4cfcdb12c43c3a964d63f9da00ec4cd0b9269174fc4b2839e6f34bf518dd9fe,gas,minnesota,screen,monthly,linear,gas_pre_tax,False,ok,,0.6,1.0,2025-11-01,6,2026-05-01,84.42970051084055,5.773314561727257,-4.351357261841248,11.158183131024058,76.48474982468541,75.97637152019462,-7.944950686155138,7.944950686155138,63.122241405437,0.8571067591098944,0.0,600
c59735807bc8aa0267a1a21e8ff9d6bd719944c23d3f2142df91c262081e101d,f4cfcdb12c43c3a964d63f9da00ec4cd0b9269174fc4b2839e6f34bf518dd9fe,gas,minnesota,screen,monthly,linear,gas_pre_tax,False,ok,,0.6,1.0,2025-12-01,1,2026-01-01,76.82534573482619,0.21655582575559928,-0.8124734068375519,2.911351154888207,76.97331136603006,76.80091244837024,0.14796563120387418,0.14796563120387418,0.021893828017560905,0.8600412316736272,0.0,600
c59735807bc8aa0267a1a21e8ff9d6bd719944c23d3f2142df91c262081e101d,f4cfcdb12c43c3a964d63f9da00ec4cd0b9269174fc4b2839e6f34bf518dd9fe,gas,minnesota,screen,monthly,linear,gas_pre_tax,False,ok,,0.6,1.0,2025-12-01,3,2026-03-01,79.38702492992914,2.403625253032519,-3.9010011120455155,5.713388536651807,75.82499808858469,75.98685135837931,-3.562026841344448,3.562026841344448,12.688035218458303,0.8600412316736272,0.0,600
c59735807bc8aa0267a1a21e8ff9d6bd719944c23d3f2142df91c262081e101d,f4cfcdb12c43c3a964d63f9da00ec4cd0b9269174fc4b2839e6f34bf518dd9fe,gas,minnesota,screen,monthly,linear,gas_pre_tax,False,ok,,0.6,1.0,2025-12-01,6,2026-06-01,84.631407534077,6.545195274097041,-4.423498122742501,9.839047139090699,75.16337917661357,75.31215567968661,-9.468028357463425,9.468028357463425,89.64356097773155,0.8600412316736272,0.0,600
