fit_key,candidate_id,model_id,block,mode,frequency,missing_data_method,score_variable,is_baseline,status,error,candidate__lambda1,candidate__lambda2,origin,horizon,realized_date,actual,crps,log_score,predictive_sd,predictive_mean,predictive_median,error_mean,abs_error_mean,sq_error_mean,spectral_radius_median,instability_rejection_rate,retained_draws
69bcc3861840e7bff001d6cdd86cc19c97e73d6a68791a1eb415500ff96d4f3a,97c24c4110264baad6aef961b094559b50e64d61123908e7e8beb47e4835ab0c,electricity,minnesota,screen,monthly,linear,electricity_pre_tax,False,ok,,0.1,0.25,2025-07-01,1,2025-08-01,0.2340659108116171,0.0014109001965759865,4.596778349103964,0.007383098292541259,0.23612220736343698,0.2363988250917467,0.0020562965518198806,0.0020562965518198806,4.228355509026331e-06,0.7266428355615833,0.0,600
69bcc3861840e7bff001d6cdd86cc19c97e73d6a68791a1eb415500ff96d4f3a,97c24c4110264baad6aef961b094559b50e64d61123908e7e8beb47e4835ab0c,electricity,minnesota,screen,monthly,linear,electricity_pre_tax,False,ok,,0.1,0.25,2025-07-01,3,2025-10-01,0.2316646695677195,0.0033963966337430974,3.6988675360523136,0.013544280175473615,0.2372914865057605,0.2367749725641248,0.005626816938041013,0.005626816938041013,3.166106885422524e-05,0.7266428355615833,0.0,600
69bcc3861840e7bff001d6cdd86cc19c97e73d6a68791a1eb415500ff96d4f3a,97c24c4110264baad6aef961b094559b50e64d61123908e7e8beb47e4835ab0c,electricity,minnesota,screen,monthly,linear,electricity_pre_tax,False,ok,,0.1,0.25,2025-07-01,6,2026-01-01,0.2317474709899229,0.0035201549781557658,3.575494766426509,0.020229903381321298,0.23741711566609497,0.2371244739925112,0.005669644676172064,0.005669644676172064,3.214487075404623e-05,0.7266428355615833,0.0,600
96bb3b27a7812f48cb8691342129a59e484bd999e03522c7f7094b187afc3d10,97c24c4110264baad6aef961b094559b50e64d61123908e7e8beb47e4835ab0c,electricity,minnesota,screen,monthly,linear,electricity_pre_tax,False,ok,,0.1,0.25,2025-08-01,1,2025-09-01,0.2329342913748377,0.0008867672187602375,4.8733668435477675,0.005207577542484867,0.2342542383845649,0.23427426130591839,0.001319947009727207,0.001319947009727207,1.7422601084877956e-06,0.7283261400688982,0.0,600
96bb3b27a7812f48cb8691342129a59e484bd999e03522c7f7094b187afc3d10,97c24c4110264baad6aef961b094559b50e64d61123908e7e8beb47e4835ab0c,electricity,minnesota,screen,monthly,linear,electricity_pre_tax,False,ok,,0.1,0.25,2025-08-01,3,2025-11-01,0.2322166790490753,0.00171045322332558,4.166439630568544,0.013232729637928663,0.2347517792150612,0.2345928383756345,0.002535100165985904,0.002535100165985904,6.426732851581758e-06,0.7283261400688982,0.0,600
96bb3b27a7812f48cb8691342129a59e484bd999e03522c7f7094b187afc3d10,97c24c4110264baad6aef961b094559b50e64d61123908e7e8beb47e4835ab0c,electricity,minnesota,screen,monthly,linear,electricity_pre_tax,False,ok,,0.1,0.25,2025-08-01,6,2026-02-01,0.2319406743083974,0.0027791620523100625,3.660848360777223,0.018754753928273048,0.2368352178787482,0.23554446818323296,0.004894543570350796,0.004894543570350796,2.3956556762062312e-05,0.7283261400688982,0.0,600
4684005d7c4ffc42ec107c2ac12459bb378600cd072024c3213357b4a8e3f216,97c24c4110264baad6aef961b094559b50e64d61123908e7e8beb47e4835ab0c,electricity,minnesota,screen,monthly,linear,electricity_pre_tax,False,ok,,0.1,0.25,2025-09-01,1,2025-10-01,0.2316646695677195,0.0008958899532470728,4.903623921864845,0.006679540447984245,0.23312910954452842,0.2330669467137497,0.0014644399768089233,0.0014644399768089233,2.14458444567612e-06,0.7273740377840623,0.0,600
4684005d7c4ffc42ec107c2ac12459bb378600cd072024c3213357b4a8e3f216,97c24c4110264baad6aef961b094559b50e64d61123908e7e8beb47e4835ab0c,electricity,minnesota,screen,monthly,linear,electricity_pre_tax,False,ok,,0.1,0.25,2025-09-01,3,2025-12-01,0.2326306861600921,0.0011047728976686967,4.577779199928965,0.008636572655535142,0.2335461981121611,0.23350993141885826,0.0009155119520689869,0.0009155119520689869,8.381621343811671e-07,0.7273740377840623,0.0,600
4684005d7c4ffc42ec107c2ac12459bb378600cd072024c3213357b4a8e3f216,97c24c4110264baad6aef961b094559b50e64d61123908e7e8beb47e4835ab0c,electricity,minnesota,screen,monthly,linear,electricity_pre_tax,False,ok,,0.1,0.25,2025-09-01,6,2026-03-01,0.2327686885304311,0.0018192144944854808,4.019621565284833,0.014640373174015217,0.23430973008473033,0.2340772752629878,0.0015410415542992384,0.0015410415542992384,2.3748090720770126e-06,0.7273740377840623,0.0,600
b93f42e531176eb3199029ac3c9f190dfea7d79c6093c974631db19301f2b4c3,97c24c4110264baad6aef961b094559b50e64d61123908e7e8beb47e4835ab0c,electricity,minnesota,screen,monthly,linear,electricity_pre_tax,False,ok,,0.1,0.25,2025-10-01,1,2025-11-01,0.2322166790490753,0.0005375434506021586,5.239674395745055,0.006231995893142668,0.23157516880261758,0.23178393868846392,-0.0006415102464577271,0.0006415102464577271,4.1153539631025384e-07,0.7287742927310455,0.0,600
b93f42e531176eb3199029ac3c9f190dfea7d79c6093c974631db19301f2b4c3,97c24c4110264baad6aef961b094559b50e64d61123908e7e8beb47e4835ab0c,electricity,minnesota,screen,monthly,linear,electricity_pre_tax,False,ok,,0.1,0.25,2025-10-01,3,2026-01-01,0.2317474709899229,0.0010794578064581362,4.60001854135735,0.0117499483508174,0.2317054088163588,0.23154758392907887,-4.20621735641169e-05,4.20621735641169e-05,1.7692264449378945e-09,0.7287742927310455,0.0,600
b93f42e531176eb3199029ac3c9f190dfea7d79c6093c974631db19301f2b4c3,97c24c4110264baad6aef961b094559b50e64d61123908e7e8beb47e4835ab0c,electricity,minnesota,screen,monthly,linear,electricity_pre_tax,False,ok,,0.1,0.25,2025-10-01,6,2026-04-01,0.2341763127078883,0.0018587958970123228,4.131716625755196,0.015583004302328993,0.23209870721008705,0.23285014166849866,-0.002077605497801255,0.002077605497801255,4.316444604494e-06,0.7287742927310455,0.0,600
5220d569646ba50029a414158198640704ffab48125cc755474081f09a99b204,97c24c4110264baad6aef961b094559b50e64d61123908e7e8beb47e4835ab0c,electricity,minnesota,screen,monthly,linear,electricity_pre_tax,False,ok,,0.1,0.25,2025-11-01,1,2025-12-01,0.2326306861600921,0.0005027894571452795,5.2928709039542525,0.005711078204846384,0.23194632700297263,0.2323753588262092,-0.0006843591571194796,0.0006843591571194796,4.6834745593328453e-07,0.7276411200814419,0.0,600
5220d569646ba50029a414158198640704ffab48125cc755474081f09a99b204,97c24c4110264baad6aef961b094559b50e64d61123908e7e8beb47e4835ab0c,electricity,minnesota,screen,monthly,linear,electricity_pre_tax,False,ok,,0.1,0.25,2025-11-01,3,2026-02-01,0.2319406743083974,0.0008972563860981096,4.7873359765419465,0.008481938470478742,0.23233387168523567,0.23230799339885352,0.00039319737683826683,0.00039319737683826683,1.5460417715249402e-07,0.7276411200814419,0.0,600
5220d569646ba50029a414158198640704ffab48125cc755474081f09a99b204,97c24c4110264baad6aef961b094559b50e64d61123908e7e8beb47e4835ab0c,electricity,minnesota,screen,monthly,linear,electricity_pre_tax,False,ok,,0.1,0.25,2025-11-01,6,2026-05-01,0.2342867146041594,0.001415625742895386,4.364148234909745,0.012079680676844506,0.23404338096747826,0.23389213591221297,-0.00024333363668113672,0.00024333363668113672,5.9211258740467444e-08,0.7276411200814419,0.0,600
7643ab78008d68c58c3f66e7a1a54aef5195756597404a31b86269fc2d27c6b2,97c24c4110264baad6aef961b094559b50e64d61123908e7e8beb47e4835ab0c,electricity,minnesota,screen,monthly,linear,electricity_pre_tax,False,ok,,0.1,0.25,2025-12-01,1,2026-01-01,0.2317474709899229,0.0005029643622501442,5.395655090384913,0.0038499772713051312,0.2324392059007722,0.23247634283915336,0.0006917349108492843,0.0006917349108492843,4.784971868876672e-07,0.7275629141620064,0.0,600
7643ab78008d68c58c3f66e7a1a54aef5195756597404a31b86269fc2d27c6b2,97c24c4110264baad6aef961b094559b50e64d61123908e7e8beb47e4835ab0c,electricity,minnesota,screen,monthly,linear,electricity_pre_tax,False,ok,,0.1,0.25,2025-12-01,3,2026-03-01,0.2327686885304311,0.000720268630505643,4.962501797984309,0.006948112393240807,0.2325721086455073,0.2330088258996989,-0.00019657988492380318,0.00019657988492380318,3.86436511566557e-08,0.7275629141620064,0.0,600
7643ab78008d68c58c3f66e7a1a54aef5195756597404a31b86269fc2d27c6b2,97c24c4110264baad6aef961b094559b50e64d61123908e7e8beb47e4835ab0c,electricity,minnesota,screen,monthly,linear,electricity_pre_tax,False,ok,,0.1,0.25,2025-12-01,6,2026-06-01,0.2399448117880561,0.003525478910134542,3.570998340020278,0.01272734587738562,0.23387562515025262,0.23448785837515662,-0.006069186637803481,0.006069186637803481,3.683502644449232e-05,0.7275629141620064,0.0,600
d895c6c08b16d18545322f7122a39781f5a1b41841195451230f50367aac4733,c861fec472571bb699f5490a27a4f975e3c1746a4a80b7d7e4a1b8fb0b7cd6a9,electricity,minnesota,screen,monthly,linear,electricity_pre_tax,False,ok,,0.1,0.5,2025-07-01,1,2025-08-01,0.2340659108116171,0.0014034537897000547,4.527611810880913,0.010372106803711497,0.2362942412234573,0.23643875739117004,0.0022283304118402014,0.0022283304118402014,4.965456424331921e-06,0.7283698329592005,0.0,600
d895c6c08b16d18545322f7122a39781f5a1b41841195451230f50367aac4733,c861fec472571bb699f5490a27a4f975e3c1746a4a80b7d7e4a1b8fb0b7cd6a9,electricity,minnesota,screen,monthly,linear,electricity_pre_tax,False,ok,,0.1,0.5,2025-07-01,3,2025-10-01,0.2316646695677195,0.0034668583839614657,3.5463129010906904,0.014702036988268285,0.237905519722402,0.23674657640113117,0.006240850154682509,0.006240850154682509,3.8948210653200694e-05,0.7283698329592005,0.0,600
d895c6c08b16d18545322f7122a39781f5a1b41841195451230f50367aac4733,c861fec472571bb699f5490a27a4f975e3c1746a4a80b7d7e4a1b8fb0b7cd6a9,electricity,minnesota,screen,monthly,linear,electricity_pre_tax,False,ok,,0.1,0.5,2025-07-01,6,2026-01-01,0.2317474709899229,0.0036020584021551876,3.6603380867095012,0.022263568140722646,0.23703107425676695,0.23658192497908231,0.005283603266844045,0.005283603266844045,2.791646348140506e-05,0.7283698329592005,0.0,600
ded209d4df862bc911752868f99df413279ea55f9f4318e80196e71b185779ad,c861fec472571bb699f5490a27a4f975e3c1746a4a80b7d7e4a1b8fb0b7cd6a9,electricity,minnesota,screen,monthly,linear,electricity_pre_tax,False,ok,,0.1,0.5,2025-08-01,1,2025-09-01,0.2329342913748377,0.0007742348870828056,4.891211692265848,0.003993107339955959,0.23390821514406837,0.23415247954575436,0.0009739237692306668,0.0009739237692306668,9.485275082724692e-07,0.7292366534457928,0.0,600
ded209d4df862bc911752868f99df413279ea55f9f4318e80196e71b185779ad,c861fec472571bb699f5490a27a4f975e3c1746a4a80b7d7e4a1b8fb0b7cd6a9,electricity,minnesota,screen,monthly,linear,electricity_pre_tax,False,ok,,0.1,0.5,2025-08-01,3,2025-11-01,0.2322166790490753,0.001554754616136209,4.249266087773247,0.010088997295165688,0.23490725539624346,0.2341960908360208,0.0026905763471681554,0.0026905763471681554,7.2392010799407346e-06,0.7292366534457928,0.0,600
ded209d4df862bc911752868f99df413279ea55f9f4318e80196e71b185779ad,c861fec472571bb699f5490a27a4f975e3c1746a4a80b7d7e4a1b8fb0b7cd6a9,electricity,minnesota,screen,monthly,linear,electricity_pre_tax,False,ok,,0.1,0.5,2025-08-01,6,2026-02-01,0.2319406743083974,0.002251994520797427,3.91703624414437,0.016114607086605157,0.23555005256480036,0.23472473144925313,0.003609378256402951,0.003609378256402951,1.3027611397794406e-05,0.7292366534457928,0.0,600
428e18d2e1e7533c506af7e7046477b448ce6cd673d6c76385621f5d483fcf55,c861fec472571bb699f5490a27a4f975e3c1746a4a80b7d7e4a1b8fb0b7cd6a9,electricity,minnesota,screen,monthly,linear,electricity_pre_tax,False,ok,,0.1,0.5,2025-09-01,1,2025-10-01,0.2316646695677195,0.000885316779406866,4.932710884472719,0.006099097363328996,0.23334325844337087,0.23299639175366382,0.0016785888756513656,0.0016785888756513656,2.8176606134605156e-06,0.729914628498749,0.0,600
428e18d2e1e7533c506af7e7046477b448ce6cd673d6c76385621f5d483fcf55,c861fec472571bb699f5490a27a4f975e3c1746a4a80b7d7e4a1b8fb0b7cd6a9,electricity,minnesota,screen,monthly,linear,electricity_pre_tax,False,ok,,0.1,0.5,2025-09-01,3,2025-12-01,0.2326306861600921,0.0010828345199187521,4.580427675642712,0.008070171017768007,0.23380360225978034,0.23366402240974116,0.001172916099688226,0.001172916099688226,1.3757321769078404e-06,0.729914628498749,0.0,600
428e18d2e1e7533c506af7e7046477b448ce6cd673d6c76385621f5d483fcf55,c861fec472571bb699f5490a27a4f975e3c1746a4a80b7d7e4a1b8fb0b7cd6a9,electricity,minnesota,screen,monthly,linear,electricity_pre_tax,False,ok,,0.1,0.5,2025-09-01,6,2026-03-01,0.2327686885304311,0.0017521886030178986,4.08289413801435,0.015175423615725304,0.23454842127627007,0.2341788720307179,0.00177973274583898,0.00177973274583898,3.1674486466115553e-06,0.729914628498749,0.0,600
0b8be17e67d838bd7dbbb134fd3f0ae0b8c0bfc7ebd4c3de1ab6b26a015183dd,c861fec472571bb699f5490a27a4f975e3c1746a4a80b7d7e4a1b8fb0b7cd6a9,electricity,minnesota,screen,monthly,linear,electricity_pre_tax,False,ok,,0.1,0.5,2025-10-01,1,2025-11-01,0.2322166790490753,0.0005525765847017266,5.190987913686772,0.00384164343815416,0.23193212771820973,0.23188478218796293,-0.00028455133086557893,0.00028455133086557893,8.096945989737217e-08,0.7299338542991987,0.0,600
0b8be17e67d838bd7dbbb134fd3f0ae0b8c0bfc7ebd4c3de1ab6b26a015183dd,c861fec472571bb699f5490a27a4f975e3c1746a4a80b7d7e4a1b8fb0b7cd6a9,electricity,minnesota,screen,monthly,linear,electricity_pre_tax,False,ok,,0.1,0.5,2025-10-01,3,2026-01-01,0.2317474709899229,0.0010585587216352397,4.5754340788701064,0.011762071961987784,0.23150571248125412,0.23167370979651442,-0.00024175850866878235,0.00024175850866878235,5.844717651375371e-08,0.7299338542991987,0.0,600
0b8be17e67d838bd7dbbb134fd3f0ae0b8c0bfc7ebd4c3de1ab6b26a015183dd,c861fec472571bb699f5490a27a4f975e3c1746a4a80b7d7e4a1b8fb0b7cd6a9,electricity,minnesota,screen,monthly,linear,electricity_pre_tax,False,ok,,0.1,0.5,2025-10-01,6,2026-04-01,0.2341763127078883,0.001854647388065369,4.046750002958024,0.015753605217617875,0.23230649633304296,0.23231534325225756,-0.0018698163748453456,0.0018698163748453456,3.49621327563979e-06,0.7299338542991987,0.0,600
dd9e430588cb94080751bfbf922c6cd8207ac79d93b61c4d308855c282187789,c861fec472571bb699f5490a27a4f975e3c1746a4a80b7d7e4a1b8fb0b7cd6a9,electricity,minnesota,screen,monthly,linear,electricity_pre_tax,False,ok,,0.1,0.5,2025-11-01,1,2025-12-01,0.2326306861600921,0.0004929276213379592,5.367920093453456,0.007032859213114495,0.23195368724101142,0.23220482030729772,-0.0006769989190806847,0.0006769989190806847,4.583275364364154e-07,0.7298852199535475,0.0,600
dd9e430588cb94080751bfbf922c6cd8207ac79d93b61c4d308855c282187789,c861fec472571bb699f5490a27a4f975e3c1746a4a80b7d7e4a1b8fb0b7cd6a9,electricity,minnesota,screen,monthly,linear,electricity_pre_tax,False,ok,,0.1,0.5,2025-11-01,3,2026-02-01,0.2319406743083974,0.0009093709666020021,4.70304628928344,0.009884466002028521,0.23183519162928964,0.23221310159211536,-0.0001054826791077601,0.0001054826791077601,1.112659559175069e-08,0.7298852199535475,0.0,600
dd9e430588cb94080751bfbf922c6cd8207ac79d93b61c4d308855c282187789,c861fec472571bb699f5490a27a4f975e3c1746a4a80b7d7e4a1b8fb0b7cd6a9,electricity,minnesota,screen,monthly,linear,electricity_pre_tax,False,ok,,0.1,0.5,2025-11-01,6,2026-05-01,0.2342867146041594,0.0015267550624638825,4.223098483289913,0.015303153665498863,0.2350801250163422,0.23384331457814567,0.00079341041218281,0.00079341041218281,6.295000821600966e-07,0.7298852199535475,0.0,600
6c7012372a3fc260200d03ceeecae81eeb22d1d8d1b841539a7250a790700576,c861fec472571bb699f5490a27a4f975e3c1746a4a80b7d7e4a1b8fb0b7cd6a9,electricity,minnesota,screen,monthly,linear,electricity_pre_tax,False,ok,,0.1,0.5,2025-12-01,1,2026-01-01,0.2317474709899229,0.0004697553500343475,5.405391934140333,0.004043163714951942,0.23236568134048927,0.23228243816211752,0.0006182103505663616,0.0006182103505663616,3.8218403754738374e-07,0.728742643430497,0.0,600
6c7012372a3fc260200d03ceeecae81eeb22d1d8d1b841539a7250a790700576,c861fec472571bb699f5490a27a4f975e3c1746a4a80b7d7e4a1b8fb0b7cd6a9,electricity,minnesota,screen,monthly,linear,electricity_pre_tax,False,ok,,0.1,0.5,2025-12-01,3,2026-03-01,0.2327686885304311,0.0007642145176219427,4.8767254714129535,0.006670092682559533,0.23254509594410422,0.23257841424723996,-0.00022359258632687062,0.00022359258632687062,4.9993644660339094e-08,0.728742643430497,0.0,600
6c7012372a3fc260200d03ceeecae81eeb22d1d8d1b841539a7250a790700576,c861fec472571bb699f5490a27a4f975e3c1746a4a80b7d7e4a1b8fb0b7cd6a9,electricity,minnesota,screen,monthly,linear,electricity_pre_tax,False,ok,,0.1,0.5,2025-12-01,6,2026-06-01,0.2399448117880561,0.0036601989096000306,3.426183655990286,0.015155490168019899,0.2346841627169842,0.2341072073187236,-0.0052606490710719045,0.0052606490710719045,2.7674428648969692e-05,0.728742643430497,0.0,600
0b38e4af994b9a89fab00b189d7e788cc9584b45187e16e266717152d540c610,7d7fa615e99da34b262233964695615aed3d767908a01bb89f0095d0e0d21fb8,electricity,minnesota,screen,monthly,linear,electricity_pre_tax,False,ok,,0.1,0.75,2025-07-01,1,2025-08-01,0.2340659108116171,0.001393075990900662,4.522841878073153,0.007927030920997212,0.23620655551638584,0.23634494681429788,0.0021406447047687405,0.0021406447047687405,4.582359752054448e-06,0.7335512063411715,0.0,600
0b38e4af994b9a89fab00b189d7e788cc9584b45187e16e266717152d540c610,7d7fa615e99da34b262233964695615aed3d767908a01bb89f0095d0e0d21fb8,electricity,minnesota,screen,monthly,linear,electricity_pre_tax,False,ok,,0.1,0.75,2025-07-01,3,2025-10-01,0.2316646695677195,0.0033942183009571907,3.625034497523462,0.014233358019971875,0.23794193040663184,0.23693929660557683,0.006277260838912335,0.006277260838912335,3.9404003639742395e-05,0.7335512063411715,0.0,600
0b38e4af994b9a89fab00b189d7e788cc9584b45187e16e266717152d540c610,7d7fa615e99da34b262233964695615aed3d767908a01bb89f0095d0e0d21fb8,electricity,minnesota,screen,monthly,linear,electricity_pre_tax,False,ok,,0.1,0.75,2025-07-01,6,2026-01-01,0.2317474709899229,0.0034954012157927903,3.641253878201981,0.01933506347498982,0.2370996597396297,0.23691039024656818,0.005352188749706804,0.005352188749706804,2.8645924412488086e-05,0.7335512063411715,0.0,600
0d54ee5f1075eb548144d3f5298bf2fc35612bf72ee4292e7b0ad2641f2c282c,7d7fa615e99da34b262233964695615aed3d767908a01bb89f0095d0e0d21fb8,electricity,minnesota,screen,monthly,linear,electricity_pre_tax,False,ok,,0.1,0.75,2025-08-01,1,2025-09-01,0.2329342913748377,0.0008095866816425848,5.007070655704492,0.004006138893795626,0.23398407712728309,0.2343086731108953,0.0010497857524453813,0.0010497857524453813,1.1020501260373153e-06,0.7344658670424762,0.0,600
0d54ee5f1075eb548144d3f5298bf2fc35612bf72ee4292e7b0ad2641f2c282c,7d7fa615e99da34b262233964695615aed3d767908a01bb89f0095d0e0d21fb8,electricity,minnesota,screen,monthly,linear,electricity_pre_tax,False,ok,,0.1,0.75,2025-08-01,3,2025-11-01,0.2322166790490753,0.0015504593850671888,4.311590871839126,0.009533088610178816,0.23427026353235655,0.23437602308770955,0.0020535844832812455,0.0020535844832812455,4.2172092299735004e-06,0.7344658670424762,0.0,600
0d54ee5f1075eb548144d3f5298bf2fc35612bf72ee4292e7b0ad2641f2c282c,7d7fa615e99da34b262233964695615aed3d767908a01bb89f0095d0e0d21fb8,electricity,minnesota,screen,monthly,linear,electricity_pre_tax,False,ok,,0.1,0.75,2025-08-01,6,2026-02-01,0.2319406743083974,0.00212012097027955,3.9537854751134294,0.013108578399244068,0.2339570278139629,0.23449214431866577,0.0020163535055655046,0.0020163535055655046,4.065681459406299e-06,0.7344658670424762,0.0,600
7c48cf89782b8557752d18d258ff7081539ed7a1e63e410702c63a289894a2bc,7d7fa615e99da34b262233964695615aed3d767908a01bb89f0095d0e0d21fb8,electricity,minnesota,screen,monthly,linear,electricity_pre_tax,False,ok,,0.1,0.75,2025-09-01,1,2025-10-01,0.2316646695677195,0.0008208634747116834,4.993462106608064,0.007484053976613993,0.23332561804678079,0.2329015022521685,0.001660948479061286,0.001660948479061286,2.7587498500959995e-06,0.7345321609488664,0.0,600
7c48cf89782b8557752d18d258ff7081539ed7a1e63e410702c63a289894a2bc,7d7fa615e99da34b262233964695615aed3d767908a01bb89f0095d0e0d21fb8,electricity,minnesota,screen,monthly,linear,electricity_pre_tax,False,ok,,0.1,0.75,2025-09-01,3,2025-12-01,0.2326306861600921,0.0011264803515746236,4.541162753918538,0.009659420743840295,0.23377642291335965,0.23351189335164813,0.00114573675326754,0.00114573675326754,1.3127127077880439e-06,0.7345321609488664,0.0,600
7c48cf89782b8557752d18d258ff7081539ed7a1e63e410702c63a289894a2bc,7d7fa615e99da34b262233964695615aed3d767908a01bb89f0095d0e0d21fb8,electricity,minnesota,screen,monthly,linear,electricity_pre_tax,False,ok,,0.1,0.75,2025-09-01,6,2026-03-01,0.2327686885304311,0.0018557985031190062,3.9986808673028804,0.014330305281867807,0.23461784900129204,0.23424108455775836,0.00184916047086095,0.00184916047086095,3.41939444699469e-06,0.7345321609488664,0.0,600
3c13bc98cdd1f7f73247d1e8f3f896b717891007cf4682ac108abb5f2093e1d2,7d7fa615e99da34b262233964695615aed3d767908a01bb89f0095d0e0d21fb8,electricity,minnesota,screen,monthly,linear,electricity_pre_tax,False,ok,,0.1,0.75,2025-10-01,1,2025-11-01,0.2322166790490753,0.0005381074459998689,5.217765311981143,0.003190783047945305,0.23206329054359506,0.2319265013494424,-0.0001533885054802453,0.0001533885054802453,2.3528033613463243e-08,0.734138068103473,0.0,600
3c13bc98cdd1f7f73247d1e8f3f896b717891007cf4682ac108abb5f2093e1d2,7d7fa615e99da34b262233964695615aed3d767908a01bb89f0095d0e0d21fb8,electricity,minnesota,screen,monthly,linear,electricity_pre_tax,False,ok,,0.1,0.75,2025-10-01,3,2026-01-01,0.2317474709899229,0.0011056062214010879,4.440221865585698,0.008037393137379964,0.2318662375032388,0.2315141038534504,0.00011876651331588217,0.00011876651331588217,1.4105484685211617e-08,0.734138068103473,0.0,600
3c13bc98cdd1f7f73247d1e8f3f896b717891007cf4682ac108abb5f2093e1d2,7d7fa615e99da34b262233964695615aed3d767908a01bb89f0095d0e0d21fb8,electricity,minnesota,screen,monthly,linear,electricity_pre_tax,False,ok,,0.1,0.75,2025-10-01,6,2026-04-01,0.2341763127078883,0.0018190547596087679,4.057279278372105,0.014081329816325573,0.23233413712262393,0.23281394474839914,-0.0018421755852643662,0.0018421755852643662,3.39361088694411e-06,0.734138068103473,0.0,600
4bfae6dec9de2333d127571090c9d07995837f12717f8b72572e041437c17fde,7d7fa615e99da34b262233964695615aed3d767908a01bb89f0095d0e0d21fb8,electricity,minnesota,screen,monthly,linear,electricity_pre_tax,False,ok,,0.1,0.75,2025-11-01,1,2025-12-01,0.2326306861600921,0.0004783321134137781,5.393253907024739,0.005986604550395124,0.23225549497973616,0.23238564670901998,-0.00037519118035594934,0.00037519118035594934,1.407684218168905e-07,0.734213367329345,0.0,600
4bfae6dec9de2333d127571090c9d07995837f12717f8b72572e041437c17fde,7d7fa615e99da34b262233964695615aed3d767908a01bb89f0095d0e0d21fb8,electricity,minnesota,screen,monthly,linear,electricity_pre_tax,False,ok,,0.1,0.75,2025-11-01,3,2026-02-01,0.2319406743083974,0.0008824743637956072,4.777666701393551,0.008740086304772859,0.2325045166871288,0.23230073945762628,0.0005638423787313884,0.0005638423787313884,3.1791822805347045e-07,0.734213367329345,0.0,600
4bfae6dec9de2333d127571090c9d07995837f12717f8b72572e041437c17fde,7d7fa615e99da34b262233964695615aed3d767908a01bb89f0095d0e0d21fb8,electricity,minnesota,screen,monthly,linear,electricity_pre_tax,False,ok,,0.1,0.75,2025-11-01,6,2026-05-01,0.2342867146041594,0.0015993068117062595,4.204588256797949,0.013765765820305538,0.2336672260170794,0.23307710472089072,-0.0006194885870799971,0.0006194885870799971,3.8376610952237117e-07,0.734213367329345,0.0,600
82b0aed68e74df4206903c49fcfb259ffbe83b4a3b15c0fe4ff05f58c28a98fe,7d7fa615e99da34b262233964695615aed3d767908a01bb89f0095d0e0d21fb8,electricity,minnesota,screen,monthly,linear,electricity_pre_tax,False,ok,,0.1,0.75,2025-12-01,1,2026-01-01,0.2317474709899229,0.00044024116498399637,5.586885229718028,0.004532297051166619,0.2323679548938864,0.23224439583763445,0.0006204839039634924,0.0006204839039634924,3.850002750777765e-07,0.7337448254787737,0.0,600
82b0aed68e74df4206903c49fcfb259ffbe83b4a3b15c0fe4ff05f58c28a98fe,7d7fa615e99da34b262233964695615aed3d767908a01bb89f0095d0e0d21fb8,electricity,minnesota,screen,monthly,linear,electricity_pre_tax,False,ok,,0.1,0.75,2025-12-01,3,2026-03-01,0.2327686885304311,0.0007160580949551651,4.948496215749708,0.009308622413138479,0.23320146515908466,0.23289919059826167,0.00043277662865356947,0.00043277662865356947,1.8729561030874957e-07,0.7337448254787737,0.0,600
82b0aed68e74df4206903c49fcfb259ffbe83b4a3b15c0fe4ff05f58c28a98fe,7d7fa615e99da34b262233964695615aed3d767908a01bb89f0095d0e0d21fb8,electricity,minnesota,screen,monthly,linear,electricity_pre_tax,False,ok,,0.1,0.75,2025-12-01,6,2026-06-01,0.2399448117880561,0.0037153461204797508,3.3386094989788067,0.012560479004864827,0.23503927491527085,0.23415898195690762,-0.004905536872785249,0.004905536872785249,2.406429201025568e-05,0.7337448254787737,0.0,600
c63ce8e3853a58c47ebfcdbc0a0a533bf45d5d88fdbfe73c5bd0dca5dbeb1df5,4f62d174409f302dfd688c966d6e428d3e7647640d0fa126de88b9ef92faa942,electricity,minnesota,screen,monthly,linear,electricity_pre_tax,False,ok,,0.1,1.0,2025-07-01,1,2025-08-01,0.2340659108116171,0.00143765836501453,4.481753844409649,0.009800770468686496,0.23637260229183837,0.2362992995045845,0.002306691480221279,0.002306691480221279,5.320825584925436e-06,0.7396320885226155,0.0,600
c63ce8e3853a58c47ebfcdbc0a0a533bf45d5d88fdbfe73c5bd0dca5dbeb1df5,4f62d174409f302dfd688c966d6e428d3e7647640d0fa126de88b9ef92faa942,electricity,minnesota,screen,monthly,linear,electricity_pre_tax,False,ok,,0.1,1.0,2025-07-01,3,2025-10-01,0.2316646695677195,0.003557414900144898,3.4526084884482806,0.01521549538560155,0.23780303076315212,0.23674545991955287,0.006138361195432623,0.006138361195432623,3.767947816559303e-05,0.7396320885226155,0.0,600
c63ce8e3853a58c47ebfcdbc0a0a533bf45d5d88fdbfe73c5bd0dca5dbeb1df5,4f62d174409f302dfd688c966d6e428d3e7647640d0fa126de88b9ef92faa942,electricity,minnesota,screen,monthly,linear,electricity_pre_tax,False,ok,,0.1,1.0,2025-07-01,6,2026-01-01,0.2317474709899229,0.0035135639365045344,3.624339936733943,0.020952720090751928,0.23700137425440662,0.2368180842831628,0.005253903264483717,0.005253903264483717,2.760349951255266e-05,0.7396320885226155,0.0,600
04f7cf7a9240d7d79d8bb08e66fea6fd09245e03e29f30562431c0b2a81b03fc,4f62d174409f302dfd688c966d6e428d3e7647640d0fa126de88b9ef92faa942,electricity,minnesota,screen,monthly,linear,electricity_pre_tax,False,ok,,0.1,1.0,2025-08-01,1,2025-09-01,0.2329342913748377,0.0007868167107421672,5.0328970355739315,0.0043703772472245125,0.23375568195273833,0.23420984056903313,0.0008213905779006214,0.0008213905779006214,6.746824814639168e-07,0.7409346291921306,0.0,600
04f7cf7a9240d7d79d8bb08e66fea6fd09245e03e29f30562431c0b2a81b03fc,4f62d174409f302dfd688c966d6e428d3e7647640d0fa126de88b9ef92faa942,electricity,minnesota,screen,monthly,linear,electricity_pre_tax,False,ok,,0.1,1.0,2025-08-01,3,2025-11-01,0.2322166790490753,0.0014758111656103254,4.317494404706029,0.01303331589913248,0.23402520927088996,0.23409809828587713,0.0018085302218146526,0.0018085302218146526,3.2707815632169567e-06,0.7409346291921306,0.0,600
04f7cf7a9240d7d79d8bb08e66fea6fd09245e03e29f30562431c0b2a81b03fc,4f62d174409f302dfd688c966d6e428d3e7647640d0fa126de88b9ef92faa942,electricity,minnesota,screen,monthly,linear,electricity_pre_tax,False,ok,,0.1,1.0,2025-08-01,6,2026-02-01,0.2319406743083974,0.002163462382525078,3.965855699755707,0.01714546915962105,0.23411549769422957,0.23430035663968496,0.002174823385832164,0.002174823385832164,4.729856759562479e-06,0.7409346291921306,0.0,600
5a7cadf2ee045cd6cab88549c31ede28091ccc3aabbab73e2e1d40c6267b14a4,4f62d174409f302dfd688c966d6e428d3e7647640d0fa126de88b9ef92faa942,electricity,minnesota,screen,monthly,linear,electricity_pre_tax,False,ok,,0.1,1.0,2025-09-01,1,2025-10-01,0.2316646695677195,0.0008742228813128248,4.967721664146076,0.00885463196930084,0.23383164447789512,0.2330667018767959,0.0021669749101756175,0.0021669749101756175,4.695780261330625e-06,0.7419690593311656,0.0,600
5a7cadf2ee045cd6cab88549c31ede28091ccc3aabbab73e2e1d40c6267b14a4,4f62d174409f302dfd688c966d6e428d3e7647640d0fa126de88b9ef92faa942,electricity,minnesota,screen,monthly,linear,electricity_pre_tax,False,ok,,0.1,1.0,2025-09-01,3,2025-12-01,0.2326306861600921,0.0010954676465747123,4.61231997671298,0.011405892039839258,0.23426182840496948,0.2335798085954915,0.0016311422448773705,0.0016311422448773705,2.6606250230235876e-06,0.7419690593311656,0.0,600
5a7cadf2ee045cd6cab88549c31ede28091ccc3aabbab73e2e1d40c6267b14a4,4f62d174409f302dfd688c966d6e428d3e7647640d0fa126de88b9ef92faa942,electricity,minnesota,screen,monthly,linear,electricity_pre_tax,False,ok,,0.1,1.0,2025-09-01,6,2026-03-01,0.2327686885304311,0.0017617687130327608,4.150470594979158,0.014975300117267052,0.23556289118029713,0.23438132495234384,0.0027942026498660455,0.0027942026498660455,7.80756844851843e-06,0.7419690593311656,0.0,600
d6a7594d69808ba826b1607fe2532b67a7f8bd34517567467ee6d046d1e69ea7,4f62d174409f302dfd688c966d6e428d3e7647640d0fa126de88b9ef92faa942,electricity,minnesota,screen,monthly,linear,electricity_pre_tax,False,ok,,0.1,1.0,2025-10-01,1,2025-11-01,0.2322166790490753,0.0005187795347890694,5.324782177002902,0.002939500663060324,0.23189159056206884,0.23168970995743893,-0.0003250884870064641,0.0003250884870064641,1.0568252438415197e-07,0.7409497584363072,0.0,600
d6a7594d69808ba826b1607fe2532b67a7f8bd34517567467ee6d046d1e69ea7,4f62d174409f302dfd688c966d6e428d3e7647640d0fa126de88b9ef92faa942,electricity,minnesota,screen,monthly,linear,electricity_pre_tax,False,ok,,0.1,1.0,2025-10-01,3,2026-01-01,0.2317474709899229,0.0010599908046534526,4.536174670163092,0.012612774749476002,0.23215385195718055,0.2313915559974974,0.00040638096725764683,0.00040638096725764683,1.6514549054926062e-07,0.7409497584363072,0.0,600
d6a7594d69808ba826b1607fe2532b67a7f8bd34517567467ee6d046d1e69ea7,4f62d174409f302dfd688c966d6e428d3e7647640d0fa126de88b9ef92faa942,electricity,minnesota,screen,monthly,linear,electricity_pre_tax,False,ok,,0.1,1.0,2025-10-01,6,2026-04-01,0.2341763127078883,0.001747170919759936,4.146055835781045,0.016885968998508725,0.23240975192595792,0.23275080446548346,-0.001766560781930382,0.001766560781930382,3.120736996254482e-06,0.7409497584363072,0.0,600
69c5f906b4e0e3777d2d18932541a362ece90182fec7ce311b419d13da55e6bd,4f62d174409f302dfd688c966d6e428d3e7647640d0fa126de88b9ef92faa942,electricity,minnesota,screen,monthly,linear,electricity_pre_tax,False,ok,,0.1,1.0,2025-11-01,1,2025-12-01,0.2326306861600921,0.00043456199517244486,5.462257882936193,0.004050334208709374,0.2321960843518813,0.23235688109323221,-0.0004346018082108105,0.0004346018082108105,1.8887873170010612e-07,0.7397611700040365,0.0,600
69c5f906b4e0e3777d2d18932541a362ece90182fec7ce311b419d13da55e6bd,4f62d174409f302dfd688c966d6e428d3e7647640d0fa126de88b9ef92faa942,electricity,minnesota,screen,monthly,linear,electricity_pre_tax,False,ok,,0.1,1.0,2025-11-01,3,2026-02-01,0.2319406743083974,0.0009623051198393599,4.739102764536405,0.00971206945346458,0.23183903847770235,0.23238567520521544,-0.0001016358306950571,0.0001016358306950571,1.0329842081074313e-08,0.7397611700040365,0.0,600
69c5f906b4e0e3777d2d18932541a362ece90182fec7ce311b419d13da55e6bd,4f62d174409f302dfd688c966d6e428d3e7647640d0fa126de88b9ef92faa942,electricity,minnesota,screen,monthly,linear,electricity_pre_tax,False,ok,,0.1,1.0,2025-11-01,6,2026-05-01,0.2342867146041594,0.001616890407522522,4.163069669157608,0.013992512177726065,0.23331856059974512,0.2337152026369746,-0.0009681540044142734,0.0009681540044142734,9.373221762633928e-07,0.7397611700040365,0.0,600
893900982287e5574c57f57f85d9b65bc8cbdd476c0a17f01fbf051596c446ee,4f62d174409f302dfd688c966d6e428d3e7647640d0fa126de88b9ef92faa942,electricity,minnesota,screen,monthly,linear,electricity_pre_tax,False,ok,,0.1,1.0,2025-12-01,1,2026-01-01,0.2317474709899229,0.00041393197948420466,5.611657050567036,0.0033708656409681156,0.23212327145051376,0.23220156028367983,0.0003758004605908527,0.0003758004605908527,1.4122598618029702e-07,0.74011442336204,0.0,600
893900982287e5574c57f57f85d9b65bc8cbdd476c0a17f01fbf051596c446ee,4f62d174409f302dfd688c966d6e428d3e7647640d0fa126de88b9ef92faa942,electricity,minnesota,screen,monthly,linear,electricity_pre_tax,False,ok,,0.1,1.0,2025-12-01,3,2026-03-01,0.2327686885304311,0.0007433785091860152,4.850577773326144,0.007083229418147462,0.23277534670148847,0.2328680856068533,6.6581710573832e-06,6.6581710573832e-06,4.433124182937532e-11,0.74011442336204,0.0,600
893900982287e5574c57f57f85d9b65bc8cbdd476c0a17f01fbf051596c446ee,4f62d174409f302dfd688c966d6e428d3e7647640d0fa126de88b9ef92faa942,electricity,minnesota,screen,monthly,linear,electricity_pre_tax,False,ok,,0.1,1.0,2025-12-01,6,2026-06-01,0.2399448117880561,0.0036657889067126786,3.4126845311052314,0.013302950446523559,0.23418143443360587,0.23405123444387466,-0.005763377354450233,0.005763377354450233,3.3216518529789766e-05,0.74011442336204,0.0,600
5c27e2a6ffb25930b0aaa9c125cb246e56f9bb035c7950a81c9433219add699e,5270d04f8abed89de349ee2c2c19d3aae3e219e72eb662190e11c71ea29a69b9,electricity,minnesota,screen,monthly,linear,electricity_pre_tax,False,ok,,0.15,0.25,2025-07-01,1,2025-08-01,0.2340659108116171,0.001389071732881796,4.647737405087643,0.006199924210261266,0.23606394832362138,0.2363247367778321,0.0019980375120042804,0.0019980375120042804,3.992153899376255e-06,0.7547811454359061,0.0,600
5c27e2a6ffb25930b0aaa9c125cb246e56f9bb035c7950a81c9433219add699e,5270d04f8abed89de349ee2c2c19d3aae3e219e72eb662190e11c71ea29a69b9,electricity,minnesota,screen,monthly,linear,electricity_pre_tax,False,ok,,0.15,0.25,2025-07-01,3,2025-10-01,0.2316646695677195,0.0033792664288456375,3.6430609509724743,0.013749812488572618,0.2374268409691543,0.23671777963032864,0.0057621714014348124,0.0057621714014348124,3.320261925951323e-05,0.7547811454359061,0.0,600
5c27e2a6ffb25930b0aaa9c125cb246e56f9bb035c7950a81c9433219add699e,5270d04f8abed89de349ee2c2c19d3aae3e219e72eb662190e11c71ea29a69b9,electricity,minnesota,screen,monthly,linear,electricity_pre_tax,False,ok,,0.15,0.25,2025-07-01,6,2026-01-01,0.2317474709899229,0.0033373796624584784,3.6992262578581467,0.021284995476387274,0.23720228622816,0.2365430140871899,0.0054548152382370985,0.0054548152382370985,2.9755009283303654e-05,0.7547811454359061,0.0,600
8d5738c9ff0327b3d161fc4e64fc8768e923a147202727f19909d96c54feba7f,5270d04f8abed89de349ee2c2c19d3aae3e219e72eb662190e11c71ea29a69b9,electricity,minnesota,screen,monthly,linear,electricity_pre_tax,False,ok,,0.15,0.25,2025-08-01,1,2025-09-01,0.2329342913748377,0.0008347034288957956,4.874436107145847,0.004313566168495375,0.23392670619872896,0.23422594388520462,0.0009924148238912578,0.0009924148238912578,9.848871826791163e-07,0.7559782767141221,0.0,600
8d5738c9ff0327b3d161fc4e64fc8768e923a147202727f19909d96c54feba7f,5270d04f8abed89de349ee2c2c19d3aae3e219e72eb662190e11c71ea29a69b9,electricity,minnesota,screen,monthly,linear,electricity_pre_tax,False,ok,,0.15,0.25,2025-08-01,3,2025-11-01,0.2322166790490753,0.0014828707044469381,4.333421687213555,0.015468765379249032,0.23401917498807773,0.23414210357900472,0.0018024959390024187,0.0018024959390024187,3.248991610120211e-06,0.7559782767141221,0.0,600
8d5738c9ff0327b3d161fc4e64fc8768e923a147202727f19909d96c54feba7f,5270d04f8abed89de349ee2c2c19d3aae3e219e72eb662190e11c71ea29a69b9,electricity,minnesota,screen,monthly,linear,electricity_pre_tax,False,ok,,0.15,0.25,2025-08-01,6,2026-02-01,0.2319406743083974,0.002172064169318538,3.986667701054113,0.0187449575897514,0.23458315011548422,0.23456390589774,0.0026424758070868193,0.0026424758070868193,6.982678391039137e-06,0.7559782767141221,0.0,600
6b39a0344df5f4cb14d4aaf5a2071becd33efa2e081d54a38fa4fa9ae94808f8,5270d04f8abed89de349ee2c2c19d3aae3e219e72eb662190e11c71ea29a69b9,electricity,minnesota,screen,monthly,linear,electricity_pre_tax,False,ok,,0.15,0.25,2025-09-01,1,2025-10-01,0.2316646695677195,0.000867098321799879,4.810784292890169,0.00656283341012011,0.23230721397022833,0.2330216900531457,0.0006425444025088267,0.0006425444025088267,4.128633091954251e-07,0.756066925643706,0.0,600
6b39a0344df5f4cb14d4aaf5a2071becd33efa2e081d54a38fa4fa9ae94808f8,5270d04f8abed89de349ee2c2c19d3aae3e219e72eb662190e11c71ea29a69b9,electricity,minnesota,screen,monthly,linear,electricity_pre_tax,False,ok,,0.15,0.25,2025-09-01,3,2025-12-01,0.2326306861600921,0.001070529690084753,4.578222493487139,0.009583561899386809,0.23310425586585684,0.23328829584735497,0.00047356970576473145,0.00047356970576473145,2.2426826621809433e-07,0.756066925643706,0.0,600
6b39a0344df5f4cb14d4aaf5a2071becd33efa2e081d54a38fa4fa9ae94808f8,5270d04f8abed89de349ee2c2c19d3aae3e219e72eb662190e11c71ea29a69b9,electricity,minnesota,screen,monthly,linear,electricity_pre_tax,False,ok,,0.15,0.25,2025-09-01,6,2026-03-01,0.2327686885304311,0.0019006731151135301,4.014591926094976,0.02141685301910855,0.23155019881090805,0.23311383343834607,-0.0012184897195230415,0.0012184897195230415,1.4847171965833404e-06,0.756066925643706,0.0,600
0ce46a30b6316276342a82cb50f21ddd5e2e43a4e3d5ab1ad2149fe84820191f,5270d04f8abed89de349ee2c2c19d3aae3e219e72eb662190e11c71ea29a69b9,electricity,minnesota,screen,monthly,linear,electricity_pre_tax,False,ok,,0.15,0.25,2025-10-01,1,2025-11-01,0.2322166790490753,0.0005569749216883142,5.280025774853431,0.007357539721465934,0.23109525005871087,0.23180938370423515,-0.001121428990364437,0.001121428990364437,1.2576029804298004e-06,0.755609830641548,0.0,600
0ce46a30b6316276342a82cb50f21ddd5e2e43a4e3d5ab1ad2149fe84820191f,5270d04f8abed89de349ee2c2c19d3aae3e219e72eb662190e11c71ea29a69b9,electricity,minnesota,screen,monthly,linear,electricity_pre_tax,False,ok,,0.15,0.25,2025-10-01,3,2026-01-01,0.2317474709899229,0.0011774115747123582,4.488980195938661,0.013273453962905694,0.2310433516773981,0.2314152863028282,-0.0007041193125248146,0.0007041193125248146,4.957840062704176e-07,0.755609830641548,0.0,600
0ce46a30b6316276342a82cb50f21ddd5e2e43a4e3d5ab1ad2149fe84820191f,5270d04f8abed89de349ee2c2c19d3aae3e219e72eb662190e11c71ea29a69b9,electricity,minnesota,screen,monthly,linear,electricity_pre_tax,False,ok,,0.15,0.25,2025-10-01,6,2026-04-01,0.2341763127078883,0.0020578464142908355,3.987010098803566,0.015474526516591747,0.23130666167051753,0.23228100179519787,-0.002869651037370774,0.002869651037370774,8.234897076283159e-06,0.755609830641548,0.0,600
4813865d37dcb28fc159e16671a47671759399e0f158c1f418c03df335295a42,5270d04f8abed89de349ee2c2c19d3aae3e219e72eb662190e11c71ea29a69b9,electricity,minnesota,screen,monthly,linear,electricity_pre_tax,False,ok,,0.15,0.25,2025-11-01,1,2025-12-01,0.2326306861600921,0.0004830417167169983,5.38561409781726,0.008052060310217692,0.2320429282662802,0.23225939652951735,-0.0005877578938119077,0.0005877578938119077,3.4545934173820977e-07,0.7565620300658916,0.0,600
4813865d37dcb28fc159e16671a47671759399e0f158c1f418c03df335295a42,5270d04f8abed89de349ee2c2c19d3aae3e219e72eb662190e11c71ea29a69b9,electricity,minnesota,screen,monthly,linear,electricity_pre_tax,False,ok,,0.15,0.25,2025-11-01,3,2026-02-01,0.2319406743083974,0.0009196122551148505,4.759643473997835,0.010703986456828728,0.23258995918740524,0.23225780600535417,0.0006492848790078387,0.0006492848790078387,4.2157085410822377e-07,0.7565620300658916,0.0,600
4813865d37dcb28fc159e16671a47671759399e0f158c1f418c03df335295a42,5270d04f8abed89de349ee2c2c19d3aae3e219e72eb662190e11c71ea29a69b9,electricity,minnesota,screen,monthly,linear,electricity_pre_tax,False,ok,,0.15,0.25,2025-11-01,6,2026-05-01,0.2342867146041594,0.0015647444166595843,4.280265453880432,0.014232374736705865,0.2336033163149584,0.23338974043184765,-0.0006833982892009982,0.0006833982892009982,4.670332216828512e-07,0.7565620300658916,0.0,600
7adc896e28914493a5023885262b6d7ca4f8e215128f76fc482f3ddd3ff3f376,5270d04f8abed89de349ee2c2c19d3aae3e219e72eb662190e11c71ea29a69b9,electricity,minnesota,screen,monthly,linear,electricity_pre_tax,False,ok,,0.15,0.25,2025-12-01,1,2026-01-01,0.2317474709899229,0.00046918431585704634,5.501324160898212,0.0027406932664014757,0.23240192798219578,0.2322903948141109,0.0006544569922728727,0.0006544569922728727,4.283139547348549e-07,0.7540099957556464,0.0,600
7adc896e28914493a5023885262b6d7ca4f8e215128f76fc482f3ddd3ff3f376,5270d04f8abed89de349ee2c2c19d3aae3e219e72eb662190e11c71ea29a69b9,electricity,minnesota,screen,monthly,linear,electricity_pre_tax,False,ok,,0.15,0.25,2025-12-01,3,2026-03-01,0.2327686885304311,0.0006838850328038928,5.017958529291189,0.00718319579987507,0.23310659831683958,0.23283051957487694,0.00033790978640849123,0.00033790978640849123,1.1418302375063217e-07,0.7540099957556464,0.0,600
7adc896e28914493a5023885262b6d7ca4f8e215128f76fc482f3ddd3ff3f376,5270d04f8abed89de349ee2c2c19d3aae3e219e72eb662190e11c71ea29a69b9,electricity,minnesota,screen,monthly,linear,electricity_pre_tax,False,ok,,0.15,0.25,2025-12-01,6,2026-06-01,0.2399448117880561,0.003609478135978769,3.308950438571971,0.012325675187259836,0.23532876653929188,0.23410650937342456,-0.004616045248764217,0.004616045248764217,2.13078737386387e-05,0.7540099957556464,0.0,600
8cb771b12742dcd3c94af3e751ab6af65b6028bab4e1125b2d208237c8be3b77,79dc5fc212b949b95c66e29a02b905b5016b375aa739c5c2a5acf5a55cf45771,electricity,minnesota,screen,monthly,linear,electricity_pre_tax,False,ok,,0.15,0.5,2025-07-01,1,2025-08-01,0.2340659108116171,0.0014306982375790105,4.496504707466238,0.007281111628656255,0.23621220431982143,0.23636001534354273,0.0021462935082043333,0.0021462935082043333,4.6065758233600645e-06,0.7566682913434998,0.0,600
8cb771b12742dcd3c94af3e751ab6af65b6028bab4e1125b2d208237c8be3b77,79dc5fc212b949b95c66e29a02b905b5016b375aa739c5c2a5acf5a55cf45771,electricity,minnesota,screen,monthly,linear,electricity_pre_tax,False,ok,,0.15,0.5,2025-07-01,3,2025-10-01,0.2316646695677195,0.0032234150203909037,3.6118735953334262,0.013553412328962145,0.23725898364228765,0.23647608009855364,0.005594314074568146,0.005594314074568146,3.129634996491126e-05,0.7566682913434998,0.0,600
8cb771b12742dcd3c94af3e751ab6af65b6028bab4e1125b2d208237c8be3b77,79dc5fc212b949b95c66e29a02b905b5016b375aa739c5c2a5acf5a55cf45771,electricity,minnesota,screen,monthly,linear,electricity_pre_tax,False,ok,,0.15,0.5,2025-07-01,6,2026-01-01,0.2317474709899229,0.003318470955731125,3.6136308670440442,0.02159829151203694,0.23697155521326502,0.23664083718506412,0.0052240842233421125,0.0052240842233421125,2.7291055972571962e-05,0.7566682913434998,0.0,600
43ea0d04652c4eeb85836cc3578ffee0b16bc0d09a7efeb53043565ce3812708,79dc5fc212b949b95c66e29a02b905b5016b375aa739c5c2a5acf5a55cf45771,electricity,minnesota,screen,monthly,linear,electricity_pre_tax,False,ok,,0.15,0.5,2025-08-01,1,2025-09-01,0.2329342913748377,0.0007283201364274407,5.053467901092603,0.0061886222593627895,0.23364605792227644,0.2339463115526704,0.0007117665474387358,0.0007117665474387358,5.066116180528581e-07,0.7587658339967693,0.0,600
43ea0d04652c4eeb85836cc3578ffee0b16bc0d09a7efeb53043565ce3812708,79dc5fc212b949b95c66e29a02b905b5016b375aa739c5c2a5acf5a55cf45771,electricity,minnesota,screen,monthly,linear,electricity_pre_tax,False,ok,,0.15,0.5,2025-08-01,3,2025-11-01,0.2322166790490753,0.001428546628786484,4.345857325492643,0.014132325572193186,0.2335610826945266,0.23395847198003866,0.0013444036454512975,0.0013444036454512975,1.8074211619027381e-06,0.7587658339967693,0.0,600
43ea0d04652c4eeb85836cc3578ffee0b16bc0d09a7efeb53043565ce3812708,79dc5fc212b949b95c66e29a02b905b5016b375aa739c5c2a5acf5a55cf45771,electricity,minnesota,screen,monthly,linear,electricity_pre_tax,False,ok,,0.15,0.5,2025-08-01,6,2026-02-01,0.2319406743083974,0.0021324327325246036,4.015391137974451,0.02025843402804768,0.23460014177255384,0.23408418619671806,0.002659467464156434,0.002659467464156434,7.072767192906655e-06,0.7587658339967693,0.0,600
2da18c354aff3863163953c62da3360dba840817d251c826948dff3ee9fb7f51,79dc5fc212b949b95c66e29a02b905b5016b375aa739c5c2a5acf5a55cf45771,electricity,minnesota,screen,monthly,linear,electricity_pre_tax,False,ok,,0.15,0.5,2025-09-01,1,2025-10-01,0.2316646695677195,0.0009351034802357102,4.901745030306694,0.0071628430066592455,0.23384634943437657,0.23315554295823188,0.0021816798666570714,0.0021816798666570714,4.759727040576817e-06,0.7589916735453632,0.0,600
2da18c354aff3863163953c62da3360dba840817d251c826948dff3ee9fb7f51,79dc5fc212b949b95c66e29a02b905b5016b375aa739c5c2a5acf5a55cf45771,electricity,minnesota,screen,monthly,linear,electricity_pre_tax,False,ok,,0.15,0.5,2025-09-01,3,2025-12-01,0.2326306861600921,0.0010787148501396338,4.62838331538264,0.010232249808525518,0.23418326921125973,0.23352858998775822,0.001552583051167622,0.001552583051167622,2.4105141307729627e-06,0.7589916735453632,0.0,600
2da18c354aff3863163953c62da3360dba840817d251c826948dff3ee9fb7f51,79dc5fc212b949b95c66e29a02b905b5016b375aa739c5c2a5acf5a55cf45771,electricity,minnesota,screen,monthly,linear,electricity_pre_tax,False,ok,,0.15,0.5,2025-09-01,6,2026-03-01,0.2327686885304311,0.0017805856317304357,4.189403367277055,0.014711088793631075,0.23544793787878585,0.2341531447399322,0.0026792493483547564,0.0026792493483547564,7.178377070659387e-06,0.7589916735453632,0.0,600
2fa386b2b2c8d341fc86cbf179cd791646bebfcddc098eaeccc20672dbfeee3b,79dc5fc212b949b95c66e29a02b905b5016b375aa739c5c2a5acf5a55cf45771,electricity,minnesota,screen,monthly,linear,electricity_pre_tax,False,ok,,0.15,0.5,2025-10-01,1,2025-11-01,0.2322166790490753,0.0005464361049049926,5.261356998169575,0.006131044125856423,0.23155427156936306,0.2316604010844414,-0.0006624074797122459,0.0006624074797122459,4.3878366917872944e-07,0.7578948266524244,0.0,600
2fa386b2b2c8d341fc86cbf179cd791646bebfcddc098eaeccc20672dbfeee3b,79dc5fc212b949b95c66e29a02b905b5016b375aa739c5c2a5acf5a55cf45771,electricity,minnesota,screen,monthly,linear,electricity_pre_tax,False,ok,,0.15,0.5,2025-10-01,3,2026-01-01,0.2317474709899229,0.001078759241204253,4.5883254213822156,0.012643112850693843,0.23140750357751666,0.23131753273354239,-0.0003399674124062446,0.0003399674124062446,1.155778414981976e-07,0.7578948266524244,0.0,600
2fa386b2b2c8d341fc86cbf179cd791646bebfcddc098eaeccc20672dbfeee3b,79dc5fc212b949b95c66e29a02b905b5016b375aa739c5c2a5acf5a55cf45771,electricity,minnesota,screen,monthly,linear,electricity_pre_tax,False,ok,,0.15,0.5,2025-10-01,6,2026-04-01,0.2341763127078883,0.001862474021486424,4.0920002495420995,0.01542031599428656,0.23218094706065132,0.23245600565103136,-0.001995365647236985,0.001995365647236985,3.981484066173473e-06,0.7578948266524244,0.0,600
a04f8e446e46f25e4bdd93fc19941dc5dd1c42cc02b1e5931f3014a2cfec0ed9,79dc5fc212b949b95c66e29a02b905b5016b375aa739c5c2a5acf5a55cf45771,electricity,minnesota,screen,monthly,linear,electricity_pre_tax,False,ok,,0.15,0.5,2025-11-01,1,2025-12-01,0.2326306861600921,0.0005390429954836764,5.311695046602276,0.008073608919708184,0.23189991570873436,0.23209892487041178,-0.0007307704513577484,0.0007307704513577484,5.340254525776073e-07,0.7587651007966275,0.0,600
a04f8e446e46f25e4bdd93fc19941dc5dd1c42cc02b1e5931f3014a2cfec0ed9,79dc5fc212b949b95c66e29a02b905b5016b375aa739c5c2a5acf5a55cf45771,electricity,minnesota,screen,monthly,linear,electricity_pre_tax,False,ok,,0.15,0.5,2025-11-01,3,2026-02-01,0.2319406743083974,0.0010609375844009249,4.668934443879069,0.01099364282886561,0.23233491427081499,0.23222167676567362,0.00039423996241758075,0.00039423996241758075,1.554251479670155e-07,0.7587651007966275,0.0,600
a04f8e446e46f25e4bdd93fc19941dc5dd1c42cc02b1e5931f3014a2cfec0ed9,79dc5fc212b949b95c66e29a02b905b5016b375aa739c5c2a5acf5a55cf45771,electricity,minnesota,screen,monthly,linear,electricity_pre_tax,False,ok,,0.15,0.5,2025-11-01,6,2026-05-01,0.2342867146041594,0.0017953248531126483,4.140150772881276,0.01543084454489578,0.2344074193622643,0.23332039437544905,0.00012070475810491144,0.00012070475810491144,1.4569638629165184e-08,0.7587651007966275,0.0,600
b3c9ccc5357c9786c3a95091123ececbb73a04518f3d09850ce367436b12da17,79dc5fc212b949b95c66e29a02b905b5016b375aa739c5c2a5acf5a55cf45771,electricity,minnesota,screen,monthly,linear,electricity_pre_tax,False,ok,,0.15,0.5,2025-12-01,1,2026-01-01,0.2317474709899229,0.00045012089287712383,5.512513637321717,0.004496239450377079,0.23228592919941113,0.23224813751518047,0.000538458209488224,0.000538458209488224,2.899372433652641e-07,0.7568047420991652,0.0,600
b3c9ccc5357c9786c3a95091123ececbb73a04518f3d09850ce367436b12da17,79dc5fc212b949b95c66e29a02b905b5016b375aa739c5c2a5acf5a55cf45771,electricity,minnesota,screen,monthly,linear,electricity_pre_tax,False,ok,,0.15,0.5,2025-12-01,3,2026-03-01,0.2327686885304311,0.0007256892844936741,4.955318089807861,0.0077111030724166954,0.23285575886480625,0.23285645365742386,8.70703343751611e-05,8.70703343751611e-05,7.58124312820236e-09,0.7568047420991652,0.0,600
b3c9ccc5357c9786c3a95091123ececbb73a04518f3d09850ce367436b12da17,79dc5fc212b949b95c66e29a02b905b5016b375aa739c5c2a5acf5a55cf45771,electricity,minnesota,screen,monthly,linear,electricity_pre_tax,False,ok,,0.15,0.5,2025-12-01,6,2026-06-01,0.2399448117880561,0.0037191737746435603,3.3345249162536597,0.012408398559149334,0.23441779410412789,0.2343006665929805,-0.005527017683928215,0.005527017683928215,3.0547924478455205e-05,0.7568047420991652,0.0,600
63fa06734f8b5822335083fe7b43d35ae6c0a4dad74897c05b1e3bede8ce3c4f,9edc7e613a3a669a07491dc0168dadcbfcea79efc585e08d7f05a25380db1250,electricity,minnesota,screen,monthly,linear,electricity_pre_tax,False,ok,,0.15,0.75,2025-07-01,1,2025-08-01,0.2340659108116171,0.0015518623395513785,4.425119093538697,0.004511525414745611,0.2366347159035457,0.2366040333095177,0.002568805091928611,0.002568805091928611,6.598759600318359e-06,0.7616238694248231,0.0,600
63fa06734f8b5822335083fe7b43d35ae6c0a4dad74897c05b1e3bede8ce3c4f,9edc7e613a3a669a07491dc0168dadcbfcea79efc585e08d7f05a25380db1250,electricity,minnesota,screen,monthly,linear,electricity_pre_tax,False,ok,,0.15,0.75,2025-07-01,3,2025-10-01,0.2316646695677195,0.0033166153117631346,3.584832386390648,0.01135496501476773,0.23713843088744863,0.23705333624759548,0.005473761319729126,0.005473761319729126,2.996206298536274e-05,0.7616238694248231,0.0,600
63fa06734f8b5822335083fe7b43d35ae6c0a4dad74897c05b1e3bede8ce3c4f,9edc7e613a3a669a07491dc0168dadcbfcea79efc585e08d7f05a25380db1250,electricity,minnesota,screen,monthly,linear,electricity_pre_tax,False,ok,,0.15,0.75,2025-07-01,6,2026-01-01,0.2317474709899229,0.003590862575488761,3.441123198278863,0.018630217919911107,0.2368270365545299,0.2370296911663432,0.005079565564607008,0.005079565564607008,2.5801986325141315e-05,0.7616238694248231,0.0,600
36be4172e748ba525a700ca31177753ab5afa048cc4dfa734a9416a2dcddd3cb,9edc7e613a3a669a07491dc0168dadcbfcea79efc585e08d7f05a25380db1250,electricity,minnesota,screen,monthly,linear,electricity_pre_tax,False,ok,,0.15,0.75,2025-08-01,1,2025-09-01,0.2329342913748377,0.0007456330075916581,5.0543541142816295,0.00515901757635247,0.23391171998331856,0.23396424299545676,0.0009774286084808514,0.0009774286084808514,9.553666846768137e-07,0.7634727955763871,0.0,600
36be4172e748ba525a700ca31177753ab5afa048cc4dfa734a9416a2dcddd3cb,9edc7e613a3a669a07491dc0168dadcbfcea79efc585e08d7f05a25380db1250,electricity,minnesota,screen,monthly,linear,electricity_pre_tax,False,ok,,0.15,0.75,2025-08-01,3,2025-11-01,0.2322166790490753,0.0015130328362918917,4.268447776957913,0.010550844406344916,0.2343925321353704,0.23394336780192257,0.0021758530862950876,0.0021758530862950876,4.7343366531398574e-06,0.7634727955763871,0.0,600
36be4172e748ba525a700ca31177753ab5afa048cc4dfa734a9416a2dcddd3cb,9edc7e613a3a669a07491dc0168dadcbfcea79efc585e08d7f05a25380db1250,electricity,minnesota,screen,monthly,linear,electricity_pre_tax,False,ok,,0.15,0.75,2025-08-01,6,2026-02-01,0.2319406743083974,0.002174178971827554,3.966606718312212,0.015336149822035253,0.2351070050950572,0.23411642807431332,0.003166330786659788,0.003166330786659788,1.002565065054959e-05,0.7634727955763871,0.0,600
1c9c2652b3f8b3b7e7a75e224b8339fd8f6faf1916d6d3ec01fdb78899defe39,9edc7e613a3a669a07491dc0168dadcbfcea79efc585e08d7f05a25380db1250,electricity,minnesota,screen,monthly,linear,electricity_pre_tax,False,ok,,0.15,0.75,2025-09-01,1,2025-10-01,0.2316646695677195,0.0008140566234095536,4.939825175682383,0.006746017820549257,0.2331396478112223,0.23285644395169408,0.0014749782435027892,0.0014749782435027892,2.175560818806573e-06,0.762846783031501,0.0,600
1c9c2652b3f8b3b7e7a75e224b8339fd8f6faf1916d6d3ec01fdb78899defe39,9edc7e613a3a669a07491dc0168dadcbfcea79efc585e08d7f05a25380db1250,electricity,minnesota,screen,monthly,linear,electricity_pre_tax,False,ok,,0.15,0.75,2025-09-01,3,2025-12-01,0.2326306861600921,0.001023394936167787,4.580631416789657,0.008802321711973477,0.23317967693532599,0.23310882607608213,0.0005489907752338763,0.0005489907752338763,3.013908712918925e-07,0.762846783031501,0.0,600
1c9c2652b3f8b3b7e7a75e224b8339fd8f6faf1916d6d3ec01fdb78899defe39,9edc7e613a3a669a07491dc0168dadcbfcea79efc585e08d7f05a25380db1250,electricity,minnesota,screen,monthly,linear,electricity_pre_tax,False,ok,,0.15,0.75,2025-09-01,6,2026-03-01,0.2327686885304311,0.0017502066042402592,4.054588463947924,0.015069549359044107,0.23344068680382926,0.23338618740707795,0.0006719982733981722,0.0006719982733981722,4.515816794501246e-07,0.762846783031501,0.0,600
750bf58eb91d9a7a9f608bce23de8a5063b0de8b5c8c8f85385ae2e16a127c7f,9edc7e613a3a669a07491dc0168dadcbfcea79efc585e08d7f05a25380db1250,electricity,minnesota,screen,monthly,linear,electricity_pre_tax,False,ok,,0.15,0.75,2025-10-01,1,2025-11-01,0.2322166790490753,0.0005547791155566431,5.228921695828525,0.00289332477435243,0.23161847103846156,0.23156504772471098,-0.0005982080106137488,0.0005982080106137488,3.5785282396245904e-07,0.7632259345650264,0.0,600
750bf58eb91d9a7a9f608bce23de8a5063b0de8b5c8c8f85385ae2e16a127c7f,9edc7e613a3a669a07491dc0168dadcbfcea79efc585e08d7f05a25380db1250,electricity,minnesota,screen,monthly,linear,electricity_pre_tax,False,ok,,0.15,0.75,2025-10-01,3,2026-01-01,0.2317474709899229,0.0010690338063432878,4.6060310812361145,0.009292555224639584,0.23157296385803178,0.2312273517933166,-0.00017450713189112732,0.00017450713189112732,3.045273908086731e-08,0.7632259345650264,0.0,600
750bf58eb91d9a7a9f608bce23de8a5063b0de8b5c8c8f85385ae2e16a127c7f,9edc7e613a3a669a07491dc0168dadcbfcea79efc585e08d7f05a25380db1250,electricity,minnesota,screen,monthly,linear,electricity_pre_tax,False,ok,,0.15,0.75,2025-10-01,6,2026-04-01,0.2341763127078883,0.001893647952522782,4.110258150463231,0.015466263510341886,0.23218576108687652,0.23222238951286986,-0.001990551621011777,0.001990551621011777,3.962295755912613e-06,0.7632259345650264,0.0,600
9c66f92d9a9ce751de3e7022016b0897f6e04daa58dcd94cef877dd1533cb371,9edc7e613a3a669a07491dc0168dadcbfcea79efc585e08d7f05a25380db1250,electricity,minnesota,screen,monthly,linear,electricity_pre_tax,False,ok,,0.15,0.75,2025-11-01,1,2025-12-01,0.2326306861600921,0.0004906738218417462,5.353926203660944,0.005117183369178935,0.23192116666665025,0.2322904591969689,-0.0007095194934418625,0.0007095194934418625,5.034179115739972e-07,0.7643301821652786,0.0,600
9c66f92d9a9ce751de3e7022016b0897f6e04daa58dcd94cef877dd1533cb371,9edc7e613a3a669a07491dc0168dadcbfcea79efc585e08d7f05a25380db1250,electricity,minnesota,screen,monthly,linear,electricity_pre_tax,False,ok,,0.15,0.75,2025-11-01,3,2026-02-01,0.2319406743083974,0.0009269324608850047,4.756266018597749,0.009222316611440556,0.23142027047717686,0.23203827526844872,-0.0005204038312205395,0.0005204038312205395,2.708201475490157e-07,0.7643301821652786,0.0,600
9c66f92d9a9ce751de3e7022016b0897f6e04daa58dcd94cef877dd1533cb371,9edc7e613a3a669a07491dc0168dadcbfcea79efc585e08d7f05a25380db1250,electricity,minnesota,screen,monthly,linear,electricity_pre_tax,False,ok,,0.15,0.75,2025-11-01,6,2026-05-01,0.2342867146041594,0.0017448618568418357,4.12258309705337,0.013119232965220039,0.2330215893826489,0.23290484912441145,-0.0012651252215104825,0.0012651252215104825,1.6005418261019473e-06,0.7643301821652786,0.0,600
de331fb98589d4570cd03136502d3c7fecea4b5dd54ff4936300b5b19dd33479,9edc7e613a3a669a07491dc0168dadcbfcea79efc585e08d7f05a25380db1250,electricity,minnesota,screen,monthly,linear,electricity_pre_tax,False,ok,,0.15,0.75,2025-12-01,1,2026-01-01,0.2317474709899229,0.0004314396052353196,5.553986712223146,0.004316182381474283,0.23215999525081807,0.23224848800279935,0.00041252426089516403,0.00041252426089516403,1.7017626582710137e-07,0.76032085807145,0.0,600
de331fb98589d4570cd03136502d3c7fecea4b5dd54ff4936300b5b19dd33479,9edc7e613a3a669a07491dc0168dadcbfcea79efc585e08d7f05a25380db1250,electricity,minnesota,screen,monthly,linear,electricity_pre_tax,False,ok,,0.15,0.75,2025-12-01,3,2026-03-01,0.2327686885304311,0.0006281716092658321,5.113428150845621,0.007086521597799336,0.23239585063829027,0.23248489950233664,-0.0003728378921408204,0.0003728378921408204,1.3900809381601004e-07,0.76032085807145,0.0,600
de331fb98589d4570cd03136502d3c7fecea4b5dd54ff4936300b5b19dd33479,9edc7e613a3a669a07491dc0168dadcbfcea79efc585e08d7f05a25380db1250,electricity,minnesota,screen,monthly,linear,electricity_pre_tax,False,ok,,0.15,0.75,2025-12-01,6,2026-06-01,0.2399448117880561,0.0037498831414020835,3.314934537938928,0.013135655240523337,0.2345179676171456,0.23402464593544453,-0.005426844170910494,0.005426844170910494,2.945063765534521e-05,0.76032085807145,0.0,600
f067f352873205d83cc690c6e827d7ccac32c487cb68c5d6a29f4b5401a68e22,e9d011ca7c1fbc8d287d20fa60248d9c8c49fe26b0c3c32eabeae1b5addf0045,electricity,minnesota,screen,monthly,linear,electricity_pre_tax,False,ok,,0.15,1.0,2025-07-01,1,2025-08-01,0.2340659108116171,0.0013115623396403493,4.625544519851784,0.007641811971834702,0.2356807228825836,0.2362828518654569,0.0016148120709665037,0.0016148120709665037,2.6076180245391284e-06,0.7670073894086957,0.0,600
f067f352873205d83cc690c6e827d7ccac32c487cb68c5d6a29f4b5401a68e22,e9d011ca7c1fbc8d287d20fa60248d9c8c49fe26b0c3c32eabeae1b5addf0045,electricity,minnesota,screen,monthly,linear,electricity_pre_tax,False,ok,,0.15,1.0,2025-07-01,3,2025-10-01,0.2316646695677195,0.003211782882076292,3.691048648458331,0.014355292519017496,0.2374362267787822,0.23655532186147277,0.005771557211062706,0.005771557211062706,3.3310872640569916e-05,0.7670073894086957,0.0,600
f067f352873205d83cc690c6e827d7ccac32c487cb68c5d6a29f4b5401a68e22,e9d011ca7c1fbc8d287d20fa60248d9c8c49fe26b0c3c32eabeae1b5addf0045,electricity,minnesota,screen,monthly,linear,electricity_pre_tax,False,ok,,0.15,1.0,2025-07-01,6,2026-01-01,0.2317474709899229,0.0033429657924079533,3.638700774057643,0.019779844329238242,0.23715822043978743,0.23651605315355204,0.005410749449864527,0.005410749449864527,2.927620960920928e-05,0.7670073894086957,0.0,600
9202ce7152a307d4ed97c3ae8f00a9c922f49e73a320c579756a4fc1ca75c006,e9d011ca7c1fbc8d287d20fa60248d9c8c49fe26b0c3c32eabeae1b5addf0045,electricity,minnesota,screen,monthly,linear,electricity_pre_tax,False,ok,,0.15,1.0,2025-08-01,1,2025-09-01,0.2329342913748377,0.0007247035188925502,5.111345052051149,0.0033546269531548292,0.23385480695642927,0.23415295297357536,0.0009205155815915633,0.0009205155815915633,8.473489359528541e-07,0.7690725106743259,0.0,600
9202ce7152a307d4ed97c3ae8f00a9c922f49e73a320c579756a4fc1ca75c006,e9d011ca7c1fbc8d287d20fa60248d9c8c49fe26b0c3c32eabeae1b5addf0045,electricity,minnesota,screen,monthly,linear,electricity_pre_tax,False,ok,,0.15,1.0,2025-08-01,3,2025-11-01,0.2322166790490753,0.0013888935934767256,4.344916037062706,0.011138098488069646,0.23400529224581404,0.2340220414053852,0.0017886131967387309,0.0017886131967387309,3.199137167547942e-06,0.7690725106743259,0.0,600
9202ce7152a307d4ed97c3ae8f00a9c922f49e73a320c579756a4fc1ca75c006,e9d011ca7c1fbc8d287d20fa60248d9c8c49fe26b0c3c32eabeae1b5addf0045,electricity,minnesota,screen,monthly,linear,electricity_pre_tax,False,ok,,0.15,1.0,2025-08-01,6,2026-02-01,0.2319406743083974,0.0020145527959184928,4.016744763714968,0.01567136945518369,0.2335763789385435,0.23362836738327403,0.0016357046301460898,0.0016357046301460898,2.6755296370813565e-06,0.7690725106743259,0.0,600
e4444478f698ac940057aa14105ea485df9e63699709c3f45825b5ac49d73827,e9d011ca7c1fbc8d287d20fa60248d9c8c49fe26b0c3c32eabeae1b5addf0045,electricity,minnesota,screen,monthly,linear,electricity_pre_tax,False,ok,,0.15,1.0,2025-09-01,1,2025-10-01,0.2316646695677195,0.0008617952120347156,4.979251704417328,0.007091948172121842,0.23345348459412904,0.23294827792781309,0.0017888150264095404,0.0017888150264095404,3.1998591987085647e-06,0.7692798226387922,0.0,600
e4444478f698ac940057aa14105ea485df9e63699709c3f45825b5ac49d73827,e9d011ca7c1fbc8d287d20fa60248d9c8c49fe26b0c3c32eabeae1b5addf0045,electricity,minnesota,screen,monthly,linear,electricity_pre_tax,False,ok,,0.15,1.0,2025-09-01,3,2025-12-01,0.2326306861600921,0.0010361496680230849,4.668767635769795,0.008936065238922401,0.23364584025421264,0.23333504180705442,0.001015154094120535,0.001015154094120535,1.030537834809684e-06,0.7692798226387922,0.0,600
e4444478f698ac940057aa14105ea485df9e63699709c3f45825b5ac49d73827,e9d011ca7c1fbc8d287d20fa60248d9c8c49fe26b0c3c32eabeae1b5addf0045,electricity,minnesota,screen,monthly,linear,electricity_pre_tax,False,ok,,0.15,1.0,2025-09-01,6,2026-03-01,0.2327686885304311,0.0019063233471337,3.930614488079824,0.015874206935832795,0.2339341076913568,0.2340731316181135,0.001165419160925718,0.001165419160925718,1.3582018206528047e-06,0.7692798226387922,0.0,600
f6f7e9df2ec20d994545657a1b168d3512fdafd02f31394072a1ee915c24e46f,e9d011ca7c1fbc8d287d20fa60248d9c8c49fe26b0c3c32eabeae1b5addf0045,electricity,minnesota,screen,monthly,linear,electricity_pre_tax,False,ok,,0.15,1.0,2025-10-01,1,2025-11-01,0.2322166790490753,0.0005532867782323933,5.221448166516719,0.0054810573857966395,0.23156251216688303,0.23155498434850824,-0.0006541668821922753,0.0006541668821922753,4.279343097571621e-07,0.768426911234523,0.0,600
f6f7e9df2ec20d994545657a1b168d3512fdafd02f31394072a1ee915c24e46f,e9d011ca7c1fbc8d287d20fa60248d9c8c49fe26b0c3c32eabeae1b5addf0045,electricity,minnesota,screen,monthly,linear,electricity_pre_tax,False,ok,,0.15,1.0,2025-10-01,3,2026-01-01,0.2317474709899229,0.0010916246756200792,4.508127467596289,0.009410996553287967,0.23146098282780117,0.23102270209730805,-0.0002864881621217341,0.0002864881621217341,8.207546703588901e-08,0.768426911234523,0.0,600
f6f7e9df2ec20d994545657a1b168d3512fdafd02f31394072a1ee915c24e46f,e9d011ca7c1fbc8d287d20fa60248d9c8c49fe26b0c3c32eabeae1b5addf0045,electricity,minnesota,screen,monthly,linear,electricity_pre_tax,False,ok,,0.15,1.0,2025-10-01,6,2026-04-01,0.2341763127078883,0.0018406276692756723,4.045410192499261,0.013591718206176422,0.2328095488883209,0.2324068738184416,-0.001366763819567407,0.001366763819567407,1.8680433384784875e-06,0.768426911234523,0.0,600
04df7698e8f018eb3e9b155eab08bc868e055069f614af6d9217064c0005c9af,e9d011ca7c1fbc8d287d20fa60248d9c8c49fe26b0c3c32eabeae1b5addf0045,electricity,minnesota,screen,monthly,linear,electricity_pre_tax,False,ok,,0.15,1.0,2025-11-01,1,2025-12-01,0.2326306861600921,0.0005010665984582503,5.3048316537078914,0.005448493724072303,0.23241723688013058,0.23224043851267173,-0.00021344927996153062,0.00021344927996153062,4.556059511609588e-08,0.7699675580230023,0.0,600
04df7698e8f018eb3e9b155eab08bc868e055069f614af6d9217064c0005c9af,e9d011ca7c1fbc8d287d20fa60248d9c8c49fe26b0c3c32eabeae1b5addf0045,electricity,minnesota,screen,monthly,linear,electricity_pre_tax,False,ok,,0.15,1.0,2025-11-01,3,2026-02-01,0.2319406743083974,0.0009240898107335154,4.7503117016449075,0.009826936660432611,0.232015202887931,0.23198181750471047,7.452857953360592e-05,7.452857953360592e-05,5.554509167297023e-09,0.7699675580230023,0.0,600
04df7698e8f018eb3e9b155eab08bc868e055069f614af6d9217064c0005c9af,e9d011ca7c1fbc8d287d20fa60248d9c8c49fe26b0c3c32eabeae1b5addf0045,electricity,minnesota,screen,monthly,linear,electricity_pre_tax,False,ok,,0.15,1.0,2025-11-01,6,2026-05-01,0.2342867146041594,0.0016966683265089919,4.155450652877278,0.014220708140296868,0.2339892971410105,0.23293492147683187,-0.0002974174631489024,0.0002974174631489024,8.845714738592871e-08,0.7699675580230023,0.0,600
d5f0046ccf99119992a18fbbf23b7f4c69c1db58392cbd80292e6d9144e4803d,e9d011ca7c1fbc8d287d20fa60248d9c8c49fe26b0c3c32eabeae1b5addf0045,electricity,minnesota,screen,monthly,linear,electricity_pre_tax,False,ok,,0.15,1.0,2025-12-01,1,2026-01-01,0.2317474709899229,0.0004240779419013446,5.454939344524323,0.0042358641148375255,0.23218424470975105,0.2320801736371563,0.00043677371982814295,0.00043677371982814295,1.907712823325131e-07,0.7662577733129996,0.0,600
d5f0046ccf99119992a18fbbf23b7f4c69c1db58392cbd80292e6d9144e4803d,e9d011ca7c1fbc8d287d20fa60248d9c8c49fe26b0c3c32eabeae1b5addf0045,electricity,minnesota,screen,monthly,linear,electricity_pre_tax,False,ok,,0.15,1.0,2025-12-01,3,2026-03-01,0.2327686885304311,0.0007443272313489421,4.964095840326831,0.007196005204881845,0.23272486804865475,0.23243973489486122,-4.3820481776341014e-05,4.3820481776341014e-05,1.920234623110635e-09,0.7662577733129996,0.0,600
d5f0046ccf99119992a18fbbf23b7f4c69c1db58392cbd80292e6d9144e4803d,e9d011ca7c1fbc8d287d20fa60248d9c8c49fe26b0c3c32eabeae1b5addf0045,electricity,minnesota,screen,monthly,linear,electricity_pre_tax,False,ok,,0.15,1.0,2025-12-01,6,2026-06-01,0.2399448117880561,0.0038001526006358156,3.3476291175014463,0.015081681279233526,0.23529073718419957,0.23372891653763062,-0.004654074603856528,0.004654074603856528,2.1660410418262302e-05,0.7662577733129996,0.0,600
40588b06b030248300d2ade8cabb3e14a1d5319d3b6306e2a4e2e1837e21f5db,059827a779da9b307f0aaec6bc5a1f8368404041c62336cfbc3d20c670491559,electricity,minnesota,screen,monthly,linear,electricity_pre_tax,False,ok,,0.2,0.25,2025-07-01,1,2025-08-01,0.2340659108116171,0.0014511915519790663,4.502201090390146,0.005562265469696063,0.23678619078419066,0.2364517189001032,0.0027202799725735693,0.0027202799725735693,7.3999231291848595e-06,0.7753230236254176,0.0,600
40588b06b030248300d2ade8cabb3e14a1d5319d3b6306e2a4e2e1837e21f5db,059827a779da9b307f0aaec6bc5a1f8368404041c62336cfbc3d20c670491559,electricity,minnesota,screen,monthly,linear,electricity_pre_tax,False,ok,,0.2,0.25,2025-07-01,3,2025-10-01,0.2316646695677195,0.0034110609699718316,3.6414060546296625,0.01367889068406,0.23851969634667786,0.23704908098445815,0.006855026778958356,0.006855026778958356,4.699139214023618e-05,0.7753230236254176,0.0,600
40588b06b030248300d2ade8cabb3e14a1d5319d3b6306e2a4e2e1837e21f5db,059827a779da9b307f0aaec6bc5a1f8368404041c62336cfbc3d20c670491559,electricity,minnesota,screen,monthly,linear,electricity_pre_tax,False,ok,,0.2,0.25,2025-07-01,6,2026-01-01,0.2317474709899229,0.00338473799197472,3.714002672184643,0.020497498647517355,0.23797677595839797,0.23681878264339756,0.006229304968475069,0.006229304968475069,3.880424039026818e-05,0.7753230236254176,0.0,600
88414cb884e79c496411399d819373937ba371f7136401058b2bbbbbf1e95176,059827a779da9b307f0aaec6bc5a1f8368404041c62336cfbc3d20c670491559,electricity,minnesota,screen,monthly,linear,electricity_pre_tax,False,ok,,0.2,0.25,2025-08-01,1,2025-09-01,0.2329342913748377,0.0007732148526464551,4.827828449958092,0.003974755876715027,0.23363742567447118,0.23409282133226444,0.0007031342996334788,0.0007031342996334788,4.943978433210629e-07,0.7746130338808144,0.0,600
88414cb884e79c496411399d819373937ba371f7136401058b2bbbbbf1e95176,059827a779da9b307f0aaec6bc5a1f8368404041c62336cfbc3d20c670491559,electricity,minnesota,screen,monthly,linear,electricity_pre_tax,False,ok,,0.2,0.25,2025-08-01,3,2025-11-01,0.2322166790490753,0.0015093509873579554,4.250132993797518,0.00928305414463745,0.23442252207386494,0.23395398534328893,0.0022058430247896277,0.0022058430247896277,4.865743450013054e-06,0.7746130338808144,0.0,600
88414cb884e79c496411399d819373937ba371f7136401058b2bbbbbf1e95176,059827a779da9b307f0aaec6bc5a1f8368404041c62336cfbc3d20c670491559,electricity,minnesota,screen,monthly,linear,electricity_pre_tax,False,ok,,0.2,0.25,2025-08-01,6,2026-02-01,0.2319406743083974,0.002160552713852232,3.941951390966576,0.016806438951226542,0.2350767977651364,0.23415547077428572,0.0031361234567389984,0.0031361234567389984,9.835270335908564e-06,0.7746130338808144,0.0,600
78ef1692cda89cd9c04befa0a2d93be0bfa748467416fef8a7376acda2276b35,059827a779da9b307f0aaec6bc5a1f8368404041c62336cfbc3d20c670491559,electricity,minnesota,screen,monthly,linear,electricity_pre_tax,False,ok,,0.2,0.25,2025-09-01,1,2025-10-01,0.2316646695677195,0.0008661596035131748,4.912805947881498,0.008061715587963552,0.2333187173024811,0.2329647590278211,0.0016540477347616045,0.0016540477347616045,2.7358739088699953e-06,0.77586029106118,0.0,600
78ef1692cda89cd9c04befa0a2d93be0bfa748467416fef8a7376acda2276b35,059827a779da9b307f0aaec6bc5a1f8368404041c62336cfbc3d20c670491559,electricity,minnesota,screen,monthly,linear,electricity_pre_tax,False,ok,,0.2,0.25,2025-09-01,3,2025-12-01,0.2326306861600921,0.0013165553132768251,4.365984784166093,0.011935553110972963,0.2337327969551033,0.2336204177800228,0.0011021107950111853,0.0011021107950111853,1.2146482044801867e-06,0.77586029106118,0.0,600
78ef1692cda89cd9c04befa0a2d93be0bfa748467416fef8a7376acda2276b35,059827a779da9b307f0aaec6bc5a1f8368404041c62336cfbc3d20c670491559,electricity,minnesota,screen,monthly,linear,electricity_pre_tax,False,ok,,0.2,0.25,2025-09-01,6,2026-03-01,0.2327686885304311,0.0019840178341550014,3.97021393738898,0.01566900749304712,0.23445274532187682,0.2335081956995329,0.0016840567914457316,0.0016840567914457316,2.8360472768144925e-06,0.77586029106118,0.0,600
ff4052274fa55d8d678cabaa7de206a3f0c9b58baad702394d54b8d88c6ee568,059827a779da9b307f0aaec6bc5a1f8368404041c62336cfbc3d20c670491559,electricity,minnesota,screen,monthly,linear,electricity_pre_tax,False,ok,,0.2,0.25,2025-10-01,1,2025-11-01,0.2322166790490753,0.0005379059474182925,5.20649191397065,0.0040520324793201735,0.23217778240930045,0.23208068698704207,-3.889663977485469e-05,3.889663977485469e-05,1.512948585774808e-09,0.7754206051553323,0.0,600
ff4052274fa55d8d678cabaa7de206a3f0c9b58baad702394d54b8d88c6ee568,059827a779da9b307f0aaec6bc5a1f8368404041c62336cfbc3d20c670491559,electricity,minnesota,screen,monthly,linear,electricity_pre_tax,False,ok,,0.2,0.25,2025-10-01,3,2026-01-01,0.2317474709899229,0.0010671760735584913,4.568678724007832,0.009984753803144142,0.23175731680399167,0.231592454310866,9.845814068765169e-06,9.845814068765169e-06,9.694005467669412e-11,0.7754206051553323,0.0,600
ff4052274fa55d8d678cabaa7de206a3f0c9b58baad702394d54b8d88c6ee568,059827a779da9b307f0aaec6bc5a1f8368404041c62336cfbc3d20c670491559,electricity,minnesota,screen,monthly,linear,electricity_pre_tax,False,ok,,0.2,0.25,2025-10-01,6,2026-04-01,0.2341763127078883,0.001870224367456306,3.9961088810608594,0.013688849589558516,0.2321582766780449,0.23209523506078147,-0.0020180360298434064,0.0020180360298434064,4.072469417746138e-06,0.7754206051553323,0.0,600
d3ee49c014267d06052af98cf40ffbfa7fc30174c033a46a8712ad58b437ed88,059827a779da9b307f0aaec6bc5a1f8368404041c62336cfbc3d20c670491559,electricity,minnesota,screen,monthly,linear,electricity_pre_tax,False,ok,,0.2,0.25,2025-11-01,1,2025-12-01,0.2326306861600921,0.0004716785066244194,5.457487443134294,0.006480754100916891,0.23187884070974826,0.23223746777698157,-0.0007518454503438465,0.0007518454503438465,5.652715812027414e-07,0.7763373109173659,0.0,600
d3ee49c014267d06052af98cf40ffbfa7fc30174c033a46a8712ad58b437ed88,059827a779da9b307f0aaec6bc5a1f8368404041c62336cfbc3d20c670491559,electricity,minnesota,screen,monthly,linear,electricity_pre_tax,False,ok,,0.2,0.25,2025-11-01,3,2026-02-01,0.2319406743083974,0.0009035930697819041,4.738670175141044,0.009456827836021788,0.23221553998369487,0.23229797302726107,0.00027486567529746986,0.00027486567529746986,7.555113945673413e-08,0.7763373109173659,0.0,600
d3ee49c014267d06052af98cf40ffbfa7fc30174c033a46a8712ad58b437ed88,059827a779da9b307f0aaec6bc5a1f8368404041c62336cfbc3d20c670491559,electricity,minnesota,screen,monthly,linear,electricity_pre_tax,False,ok,,0.2,0.25,2025-11-01,6,2026-05-01,0.2342867146041594,0.001574061117703608,4.221329971156493,0.014022585949928038,0.2338822981874713,0.23338497547954568,-0.0004044164166880915,0.0004044164166880915,1.6355263808683604e-07,0.7763373109173659,0.0,600
3341da378f69b775d4d374f33259a51eb92f7044e153c716c53dbcb68eb492e0,059827a779da9b307f0aaec6bc5a1f8368404041c62336cfbc3d20c670491559,electricity,minnesota,screen,monthly,linear,electricity_pre_tax,False,ok,,0.2,0.25,2025-12-01,1,2026-01-01,0.2317474709899229,0.00044744647910382237,5.50409794524818,0.0023628015763745708,0.23244415369208193,0.23224587772190303,0.0006966827021590294,0.0006966827021590294,4.853667874876069e-07,0.7729836734971072,0.0,600
3341da378f69b775d4d374f33259a51eb92f7044e153c716c53dbcb68eb492e0,059827a779da9b307f0aaec6bc5a1f8368404041c62336cfbc3d20c670491559,electricity,minnesota,screen,monthly,linear,electricity_pre_tax,False,ok,,0.2,0.25,2025-12-01,3,2026-03-01,0.2327686885304311,0.0006406452269872298,5.0688352140698125,0.005756281096188824,0.23264829327790162,0.23261391375695975,-0.00012039525252946492,0.00012039525252946492,1.449501683163363e-08,0.7729836734971072,0.0,600
3341da378f69b775d4d374f33259a51eb92f7044e153c716c53dbcb68eb492e0,059827a779da9b307f0aaec6bc5a1f8368404041c62336cfbc3d20c670491559,electricity,minnesota,screen,monthly,linear,electricity_pre_tax,False,ok,,0.2,0.25,2025-12-01,6,2026-06-01,0.2399448117880561,0.0038165519650214504,3.4300450644933616,0.012116103097889408,0.23454197421283665,0.23411287734370856,-0.005402837575219449,0.005402837575219449,2.9190653864203175e-05,0.7729836734971072,0.0,600
943d1d9a8cc4b8f8a623d41aea8166259590561bbe3da9f0921c7397de214376,0b63e09e5746a9c5007e1c5b769170b2c309a0282c59af66816d7fcc5fe92786,electricity,minnesota,screen,monthly,linear,electricity_pre_tax,True,ok,,0.2,0.5,2025-07-01,1,2025-08-01,0.2340659108116171,0.0012757219132388206,4.826044620294981,0.005841229619771612,0.23644396783096905,0.23633578182855602,0.0023780570193519535,0.0023780570193519535,5.655155187289097e-06,0.7775308350223742,0.0,600
943d1d9a8cc4b8f8a623d41aea8166259590561bbe3da9f0921c7397de214376,0b63e09e5746a9c5007e1c5b769170b2c309a0282c59af66816d7fcc5fe92786,electricity,minnesota,screen,monthly,linear,electricity_pre_tax,True,ok,,0.2,0.5,2025-07-01,3,2025-10-01,0.2316646695677195,0.002981528483616729,3.7859836286210857,0.01295887119877166,0.2367304846081699,0.23630317093292622,0.005065815040450394,0.005065815040450394,2.566248202405343e-05,0.7775308350223742,0.0,600
943d1d9a8cc4b8f8a623d41aea8166259590561bbe3da9f0921c7397de214376,0b63e09e5746a9c5007e1c5b769170b2c309a0282c59af66816d7fcc5fe92786,electricity,minnesota,screen,monthly,linear,electricity_pre_tax,True,ok,,0.2,0.5,2025-07-01,6,2026-01-01,0.2317474709899229,0.003279248481363635,3.7080879743788913,0.021497586459905432,0.23801958253129138,0.2366066074785692,0.006272111541368475,0.006272111541368475,3.933938318736762e-05,0.7775308350223742,0.0,600
1e7c9eaf32eaf2d6fc5f278b4ad07a4ea88953f2713e34986fecc3487fc7b4d5,0b63e09e5746a9c5007e1c5b769170b2c309a0282c59af66816d7fcc5fe92786,electricity,minnesota,screen,monthly,linear,electricity_pre_tax,True,ok,,0.2,0.5,2025-08-01,1,2025-09-01,0.2329342913748377,0.000765562987709292,5.03150491745836,0.004000016861963412,0.23387403558838987,0.2341857712331361,0.0009397442135521683,0.0009397442135521683,8.831191869047833e-07,0.7794572005038914,0.0,600
1e7c9eaf32eaf2d6fc5f278b4ad07a4ea88953f2713e34986fecc3487fc7b4d5,0b63e09e5746a9c5007e1c5b769170b2c309a0282c59af66816d7fcc5fe92786,electricity,minnesota,screen,monthly,linear,electricity_pre_tax,True,ok,,0.2,0.5,2025-08-01,3,2025-11-01,0.2322166790490753,0.0014043822958196162,4.353591075168936,0.010618370157261902,0.2337348487089729,0.23391699237490884,0.0015181696598975947,0.0015181696598975947,2.304839116233578e-06,0.7794572005038914,0.0,600
1e7c9eaf32eaf2d6fc5f278b4ad07a4ea88953f2713e34986fecc3487fc7b4d5,0b63e09e5746a9c5007e1c5b769170b2c309a0282c59af66816d7fcc5fe92786,electricity,minnesota,screen,monthly,linear,electricity_pre_tax,True,ok,,0.2,0.5,2025-08-01,6,2026-02-01,0.2319406743083974,0.0019761060194968686,4.058486704257184,0.015092459821035424,0.23341062097182197,0.23390260783568068,0.001469946663424565,0.001469946663424565,2.1607431933130115e-06,0.7794572005038914,0.0,600
bdaf510ff91cf82ab6f8cf169f370644726a80c2d9c722361a445a60a55c02dd,0b63e09e5746a9c5007e1c5b769170b2c309a0282c59af66816d7fcc5fe92786,electricity,minnesota,screen,monthly,linear,electricity_pre_tax,True,ok,,0.2,0.5,2025-09-01,1,2025-10-01,0.2316646695677195,0.0008477408347965863,4.994237557940394,0.007116703924608044,0.23292334734989809,0.2330318921910739,0.0012586777821785855,0.0012586777821785855,1.5842697593500028e-06,0.778905159108926,0.0,600
bdaf510ff91cf82ab6f8cf169f370644726a80c2d9c722361a445a60a55c02dd,0b63e09e5746a9c5007e1c5b769170b2c309a0282c59af66816d7fcc5fe92786,electricity,minnesota,screen,monthly,linear,electricity_pre_tax,True,ok,,0.2,0.5,2025-09-01,3,2025-12-01,0.2326306861600921,0.0010199548685195904,4.604587701366805,0.012311974997032333,0.23316842984694802,0.23304904794118791,0.0005377436868559127,0.0005377436868559127,2.891682727533899e-07,0.778905159108926,0.0,600
bdaf510ff91cf82ab6f8cf169f370644726a80c2d9c722361a445a60a55c02dd,0b63e09e5746a9c5007e1c5b769170b2c309a0282c59af66816d7fcc5fe92786,electricity,minnesota,screen,monthly,linear,electricity_pre_tax,True,ok,,0.2,0.5,2025-09-01,6,2026-03-01,0.2327686885304311,0.0017442156054209412,4.07631733039422,0.0166874667736567,0.23338444866970856,0.2332541585031506,0.0006157601392774714,0.0006157601392774714,3.79160549123011e-07,0.778905159108926,0.0,600
1e36a3f88ab260d7971fbe04c18e95814ea5382e15215c04935bcb048399b615,0b63e09e5746a9c5007e1c5b769170b2c309a0282c59af66816d7fcc5fe92786,electricity,minnesota,screen,monthly,linear,electricity_pre_tax,True,ok,,0.2,0.5,2025-10-01,1,2025-11-01,0.2322166790490753,0.00053512955821495,5.243209762027076,0.007125992813162202,0.2319336857149615,0.23209425862648256,-0.00028299333411380134,0.00028299333411380134,8.00852271528456e-08,0.7786203871816334,0.0,600
1e36a3f88ab260d7971fbe04c18e95814ea5382e15215c04935bcb048399b615,0b63e09e5746a9c5007e1c5b769170b2c309a0282c59af66816d7fcc5fe92786,electricity,minnesota,screen,monthly,linear,electricity_pre_tax,True,ok,,0.2,0.5,2025-10-01,3,2026-01-01,0.2317474709899229,0.0010766478478198699,4.5783599429913515,0.01174557342520725,0.2314014190799081,0.23159392897603603,-0.0003460519100147996,0.0003460519100147996,1.1975192442489098e-07,0.7786203871816334,0.0,600
1e36a3f88ab260d7971fbe04c18e95814ea5382e15215c04935bcb048399b615,0b63e09e5746a9c5007e1c5b769170b2c309a0282c59af66816d7fcc5fe92786,electricity,minnesota,screen,monthly,linear,electricity_pre_tax,True,ok,,0.2,0.5,2025-10-01,6,2026-04-01,0.2341763127078883,0.0019793109008046815,4.0225680275672655,0.016138086653363953,0.23196491729444005,0.23225359829986308,-0.0022113954134482527,0.0022113954134482527,4.890269674619968e-06,0.7786203871816334,0.0,600
1a85fe162c982b0a0ceaa184a18777e49b6a2ed73c2ac5a565bb8b3a50d22561,0b63e09e5746a9c5007e1c5b769170b2c309a0282c59af66816d7fcc5fe92786,electricity,minnesota,screen,monthly,linear,electricity_pre_tax,True,ok,,0.2,0.5,2025-11-01,1,2025-12-01,0.2326306861600921,0.0004909274462696679,5.425548146330982,0.007760191434465631,0.23188863377170796,0.23232797434713773,-0.0007420523883841512,0.0007420523883841512,5.506417471066232e-07,0.7802900219538047,0.0,600
1a85fe162c982b0a0ceaa184a18777e49b6a2ed73c2ac5a565bb8b3a50d22561,0b63e09e5746a9c5007e1c5b769170b2c309a0282c59af66816d7fcc5fe92786,electricity,minnesota,screen,monthly,linear,electricity_pre_tax,True,ok,,0.2,0.5,2025-11-01,3,2026-02-01,0.2319406743083974,0.0009299247118485805,4.687238897131955,0.01044614258447457,0.23160970064913414,0.23206167367227004,-0.00033097365926326727,0.00033097365926326727,1.0954356312611735e-07,0.7802900219538047,0.0,600
1a85fe162c982b0a0ceaa184a18777e49b6a2ed73c2ac5a565bb8b3a50d22561,0b63e09e5746a9c5007e1c5b769170b2c309a0282c59af66816d7fcc5fe92786,electricity,minnesota,screen,monthly,linear,electricity_pre_tax,True,ok,,0.2,0.5,2025-11-01,6,2026-05-01,0.2342867146041594,0.0015158772976224142,4.345513793317318,0.01503922542885509,0.2336570596302805,0.2336218988125478,-0.0006296549738789015,0.0006296549738789015,3.964653861304401e-07,0.7802900219538047,0.0,600
c8e242aadab24d3720d1b41e65d3beda2112fa1a5583770860f4cb5ade7e85f6,0b63e09e5746a9c5007e1c5b769170b2c309a0282c59af66816d7fcc5fe92786,electricity,minnesota,screen,monthly,linear,electricity_pre_tax,True,ok,,0.2,0.5,2025-12-01,1,2026-01-01,0.2317474709899229,0.0004158797219043723,5.5988472481576395,0.002921439389427714,0.23227362328058015,0.23224227829961178,0.0005261522906572502,0.0005261522906572502,2.7683623296387153e-07,0.7765861906437961,0.0,600
c8e242aadab24d3720d1b41e65d3beda2112fa1a5583770860f4cb5ade7e85f6,0b63e09e5746a9c5007e1c5b769170b2c309a0282c59af66816d7fcc5fe92786,electricity,minnesota,screen,monthly,linear,electricity_pre_tax,True,ok,,0.2,0.5,2025-12-01,3,2026-03-01,0.2327686885304311,0.0006641393551026003,5.019854158848165,0.007253795797501264,0.23251272245047402,0.23258756056278604,-0.0002559660799570651,0.0002559660799570651,6.551863408858665e-08,0.7765861906437961,0.0,600
c8e242aadab24d3720d1b41e65d3beda2112fa1a5583770860f4cb5ade7e85f6,0b63e09e5746a9c5007e1c5b769170b2c309a0282c59af66816d7fcc5fe92786,electricity,minnesota,screen,monthly,linear,electricity_pre_tax,True,ok,,0.2,0.5,2025-12-01,6,2026-06-01,0.2399448117880561,0.0038469431327420095,3.3925344596036986,0.013053098695032307,0.23444385170699472,0.23408362525692303,-0.005500960081061379,0.005500960081061379,3.0260561813430814e-05,0.7765861906437961,0.0,600
0fe20ccf8e66f9a8c827917b25aeb8449eaaa087f6b0565d019c399578eecf07,0f8e14b452e386070cce7682d28cbe24f17bdd0cd3a7ed9ca6ce0d6963459fe7,electricity,minnesota,screen,monthly,linear,electricity_pre_tax,False,ok,,0.2,0.75,2025-07-01,1,2025-08-01,0.2340659108116171,0.0013817790798086945,4.64158376710968,0.004262831901229134,0.23657811415823213,0.23634454101313326,0.002512203346615033,0.002512203346615033,6.311165654743771e-06,0.7821813473417789,0.0,600
0fe20ccf8e66f9a8c827917b25aeb8449eaaa087f6b0565d019c399578eecf07,0f8e14b452e386070cce7682d28cbe24f17bdd0cd3a7ed9ca6ce0d6963459fe7,electricity,minnesota,screen,monthly,linear,electricity_pre_tax,False,ok,,0.2,0.75,2025-07-01,3,2025-10-01,0.2316646695677195,0.0029070435138499042,3.8446161572731423,0.014611472011746425,0.23661629573497295,0.23624582316474374,0.004951626167253448,0.004951626167253448,2.4518601700229068e-05,0.7821813473417789,0.0,600
0fe20ccf8e66f9a8c827917b25aeb8449eaaa087f6b0565d019c399578eecf07,0f8e14b452e386070cce7682d28cbe24f17bdd0cd3a7ed9ca6ce0d6963459fe7,electricity,minnesota,screen,monthly,linear,electricity_pre_tax,False,ok,,0.2,0.75,2025-07-01,6,2026-01-01,0.2317474709899229,0.0033071891069147274,3.609217339544948,0.023044997918155403,0.23679689663200795,0.23627757910202557,0.005049425642085048,0.005049425642085048,2.5496699314946e-05,0.7821813473417789,0.0,600
186624a89e3496e5fba44dc286d18521cc6bd3cca41ed041f5991a87e11398bb,0f8e14b452e386070cce7682d28cbe24f17bdd0cd3a7ed9ca6ce0d6963459fe7,electricity,minnesota,screen,monthly,linear,electricity_pre_tax,False,ok,,0.2,0.75,2025-08-01,1,2025-09-01,0.2329342913748377,0.0007836493414518021,5.035509717420425,0.004771170878412314,0.23433563468499888,0.23411613384865887,0.0014013433101611739,0.0014013433101611739,1.963763072933476e-06,0.784036275177036,0.0,600
186624a89e3496e5fba44dc286d18521cc6bd3cca41ed041f5991a87e11398bb,0f8e14b452e386070cce7682d28cbe24f17bdd0cd3a7ed9ca6ce0d6963459fe7,electricity,minnesota,screen,monthly,linear,electricity_pre_tax,False,ok,,0.2,0.75,2025-08-01,3,2025-11-01,0.2322166790490753,0.0015501608437852995,4.343661467498801,0.010563744814074068,0.23507542395390918,0.2341383377562235,0.002858744904833871,0.002858744904833871,8.172422430913618e-06,0.784036275177036,0.0,600
186624a89e3496e5fba44dc286d18521cc6bd3cca41ed041f5991a87e11398bb,0f8e14b452e386070cce7682d28cbe24f17bdd0cd3a7ed9ca6ce0d6963459fe7,electricity,minnesota,screen,monthly,linear,electricity_pre_tax,False,ok,,0.2,0.75,2025-08-01,6,2026-02-01,0.2319406743083974,0.0022854359617885556,3.8923965592480805,0.01605563781355437,0.23435338108531417,0.23423284026107516,0.0024127067769167676,0.0024127067769167676,5.821153991380097e-06,0.784036275177036,0.0,600
673d2198b3df2741b9df6310b778673c88943bb5dfe013919895b148f9f06cd7,0f8e14b452e386070cce7682d28cbe24f17bdd0cd3a7ed9ca6ce0d6963459fe7,electricity,minnesota,screen,monthly,linear,electricity_pre_tax,False,ok,,0.2,0.75,2025-09-01,1,2025-10-01,0.2316646695677195,0.0008220228342687213,5.02594856593943,0.008077211022555663,0.23277720343417874,0.23291898183380141,0.0011125338664592366,0.0011125338664592366,1.2377316040187384e-06,0.7839650671589257,0.0,600
673d2198b3df2741b9df6310b778673c88943bb5dfe013919895b148f9f06cd7,0f8e14b452e386070cce7682d28cbe24f17bdd0cd3a7ed9ca6ce0d6963459fe7,electricity,minnesota,screen,monthly,linear,electricity_pre_tax,False,ok,,0.2,0.75,2025-09-01,3,2025-12-01,0.2326306861600921,0.001040823467926953,4.677415314236702,0.011524565330564696,0.23279632523519164,0.23294668325331444,0.0001656390750995329,0.0001656390750995329,2.7436303199828703e-08,0.7839650671589257,0.0,600
673d2198b3df2741b9df6310b778673c88943bb5dfe013919895b148f9f06cd7,0f8e14b452e386070cce7682d28cbe24f17bdd0cd3a7ed9ca6ce0d6963459fe7,electricity,minnesota,screen,monthly,linear,electricity_pre_tax,False,ok,,0.2,0.75,2025-09-01,6,2026-03-01,0.2327686885304311,0.0016454568566312434,4.205501117161877,0.014910886622150003,0.23283532700949905,0.23307283694700623,6.663847906795972e-05,6.663847906795972e-05,4.440686892490906e-09,0.7839650671589257,0.0,600
377912735a036d6497db933572834b61cf94eace70d8b1e3b73c2dafd8330e61,0f8e14b452e386070cce7682d28cbe24f17bdd0cd3a7ed9ca6ce0d6963459fe7,electricity,minnesota,screen,monthly,linear,electricity_pre_tax,False,ok,,0.2,0.75,2025-10-01,1,2025-11-01,0.2322166790490753,0.0005017053699448543,5.368928671462646,0.0035206313584425254,0.23181059539280408,0.23195120790233315,-0.00040608365627123333,0.00040608365627123333,1.6490393589061317e-07,0.7850154035442276,0.0,600
377912735a036d6497db933572834b61cf94eace70d8b1e3b73c2dafd8330e61,0f8e14b452e386070cce7682d28cbe24f17bdd0cd3a7ed9ca6ce0d6963459fe7,electricity,minnesota,screen,monthly,linear,electricity_pre_tax,False,ok,,0.2,0.75,2025-10-01,3,2026-01-01,0.2317474709899229,0.0011416668156392076,4.563012529902537,0.014488992436453555,0.23182805039948698,0.23145648026300186,8.057940956407439e-05,8.057940956407439e-05,6.493041245694843e-09,0.7850154035442276,0.0,600
377912735a036d6497db933572834b61cf94eace70d8b1e3b73c2dafd8330e61,0f8e14b452e386070cce7682d28cbe24f17bdd0cd3a7ed9ca6ce0d6963459fe7,electricity,minnesota,screen,monthly,linear,electricity_pre_tax,False,ok,,0.2,0.75,2025-10-01,6,2026-04-01,0.2341763127078883,0.0021511106843219996,4.051117384994479,0.020797214803799095,0.23148764010194858,0.2321657214839615,-0.002688672605939718,0.002688672605939718,7.228960381930675e-06,0.7850154035442276,0.0,600
76564f7cf22f96b20b66c15fa9ec1457ef6c5874e1b05f395131419f3e22a1d5,0f8e14b452e386070cce7682d28cbe24f17bdd0cd3a7ed9ca6ce0d6963459fe7,electricity,minnesota,screen,monthly,linear,electricity_pre_tax,False,ok,,0.2,0.75,2025-11-01,1,2025-12-01,0.2326306861600921,0.0005560376763150351,5.371776277819933,0.004762336727368397,0.2314949933242474,0.23205211286755628,-0.0011356928358447205,0.0011356928358447205,1.2897982173890233e-06,0.78562443531554,0.0,600
76564f7cf22f96b20b66c15fa9ec1457ef6c5874e1b05f395131419f3e22a1d5,0f8e14b452e386070cce7682d28cbe24f17bdd0cd3a7ed9ca6ce0d6963459fe7,electricity,minnesota,screen,monthly,linear,electricity_pre_tax,False,ok,,0.2,0.75,2025-11-01,3,2026-02-01,0.2319406743083974,0.001002162008545522,4.691747437098803,0.009267083674032166,0.23072006021065236,0.23159282409294274,-0.001220614097745043,0.001220614097745043,1.4898987756139454e-06,0.78562443531554,0.0,600
76564f7cf22f96b20b66c15fa9ec1457ef6c5874e1b05f395131419f3e22a1d5,0f8e14b452e386070cce7682d28cbe24f17bdd0cd3a7ed9ca6ce0d6963459fe7,electricity,minnesota,screen,monthly,linear,electricity_pre_tax,False,ok,,0.2,0.75,2025-11-01,6,2026-05-01,0.2342867146041594,0.0016728503108182132,4.224040288542325,0.014733396413825043,0.23331855043386146,0.23299452023726078,-0.000968164170297936,0.000968164170297936,9.373418606486908e-07,0.78562443531554,0.0,600
f89821f5e167ebf0cf635be7e882cc65310990e06099d6db0a5c17e00e0edfcd,0f8e14b452e386070cce7682d28cbe24f17bdd0cd3a7ed9ca6ce0d6963459fe7,electricity,minnesota,screen,monthly,linear,electricity_pre_tax,False,ok,,0.2,0.75,2025-12-01,1,2026-01-01,0.2317474709899229,0.00039113605299041267,5.562725847705057,0.0039647840673770005,0.23213779724467765,0.23203228492642752,0.0003903262547547415,0.0003903262547547415,1.5235458515086334e-07,0.7814156797352478,0.0,600
f89821f5e167ebf0cf635be7e882cc65310990e06099d6db0a5c17e00e0edfcd,0f8e14b452e386070cce7682d28cbe24f17bdd0cd3a7ed9ca6ce0d6963459fe7,electricity,minnesota,screen,monthly,linear,electricity_pre_tax,False,ok,,0.2,0.75,2025-12-01,3,2026-03-01,0.2327686885304311,0.0007981343106142004,4.962593910412853,0.007634505689333182,0.2319914100762829,0.23222080552751767,-0.0007772784541481836,0.0007772784541481836,6.0416179528299e-07,0.7814156797352478,0.0,600
f89821f5e167ebf0cf635be7e882cc65310990e06099d6db0a5c17e00e0edfcd,0f8e14b452e386070cce7682d28cbe24f17bdd0cd3a7ed9ca6ce0d6963459fe7,electricity,minnesota,screen,monthly,linear,electricity_pre_tax,False,ok,,0.2,0.75,2025-12-01,6,2026-06-01,0.2399448117880561,0.004080141915291378,3.2183211563726246,0.01394178370170275,0.23454033807798258,0.2336254135243266,-0.005404473710073521,0.005404473710073521,2.9208336082875846e-05,0.7814156797352478,0.0,600
df5e4bd583c1bf48958c22b8553d17e8ca9544ac238daa6cecce58e68d1861d1,92723857aa9bb3300d2b5b0cc644f815f4f9bb906d276da7f158281cb7074e35,electricity,minnesota,screen,monthly,linear,electricity_pre_tax,False,ok,,0.2,1.0,2025-07-01,1,2025-08-01,0.2340659108116171,0.0015448335888460858,4.489594119351601,0.005553264887179833,0.2368451105246299,0.23657781554179172,0.0027791997130127977,0.0027791997130127977,7.723951044810417e-06,0.789182189549835,0.0,600
df5e4bd583c1bf48958c22b8553d17e8ca9544ac238daa6cecce58e68d1861d1,92723857aa9bb3300d2b5b0cc644f815f4f9bb906d276da7f158281cb7074e35,electricity,minnesota,screen,monthly,linear,electricity_pre_tax,False,ok,,0.2,1.0,2025-07-01,3,2025-10-01,0.2316646695677195,0.0030420433436207425,3.7790875555507313,0.012303691919568135,0.23658722114067515,0.23628601977966263,0.004922551572955652,0.004922551572955652,2.4231513988408166e-05,0.789182189549835,0.0,600
df5e4bd583c1bf48958c22b8553d17e8ca9544ac238daa6cecce58e68d1861d1,92723857aa9bb3300d2b5b0cc644f815f4f9bb906d276da7f158281cb7074e35,electricity,minnesota,screen,monthly,linear,electricity_pre_tax,False,ok,,0.2,1.0,2025-07-01,6,2026-01-01,0.2317474709899229,0.003302350227955546,3.6784832719854066,0.02139124126149416,0.23718259055775898,0.23626064626402457,0.005435119567836072,0.005435119567836072,2.954052471667457e-05,0.789182189549835,0.0,600
70f3611c024d387806ef26f15f5ab488420db70b45813a3e851cfaa5fbc9807f,92723857aa9bb3300d2b5b0cc644f815f4f9bb906d276da7f158281cb7074e35,electricity,minnesota,screen,monthly,linear,electricity_pre_tax,False,ok,,0.2,1.0,2025-08-01,1,2025-09-01,0.2329342913748377,0.0006748959903723625,5.084080558653129,0.005481498600241436,0.23334621602583927,0.23391389574628646,0.00041192465100156617,0.00041192465100156617,1.6968191810276208e-07,0.7893006233684934,0.0,600
70f3611c024d387806ef26f15f5ab488420db70b45813a3e851cfaa5fbc9807f,92723857aa9bb3300d2b5b0cc644f815f4f9bb906d276da7f158281cb7074e35,electricity,minnesota,screen,monthly,linear,electricity_pre_tax,False,ok,,0.2,1.0,2025-08-01,3,2025-11-01,0.2322166790490753,0.0013533473719123685,4.380047714078486,0.01111029020092522,0.23297993206777903,0.23360545474628383,0.0007632530187037245,0.0007632530187037245,5.82555170560348e-07,0.7893006233684934,0.0,600
70f3611c024d387806ef26f15f5ab488420db70b45813a3e851cfaa5fbc9807f,92723857aa9bb3300d2b5b0cc644f815f4f9bb906d276da7f158281cb7074e35,electricity,minnesota,screen,monthly,linear,electricity_pre_tax,False,ok,,0.2,1.0,2025-08-01,6,2026-02-01,0.2319406743083974,0.001983539360932385,4.04568902255248,0.016806587730035936,0.23294891108088217,0.23326372088181874,0.0010082367724847663,0.0010082367724847663,1.0165413893904983e-06,0.7893006233684934,0.0,600
587ccb4b22bc8bd5d724c2ccb9639f8d31c02351f945810753d36051cedf6744,92723857aa9bb3300d2b5b0cc644f815f4f9bb906d276da7f158281cb7074e35,electricity,minnesota,screen,monthly,linear,electricity_pre_tax,False,ok,,0.2,1.0,2025-09-01,1,2025-10-01,0.2316646695677195,0.0008601889648103796,4.957634871050249,0.009080279684055326,0.2337292536896992,0.2328310721033761,0.0020645841219797123,0.0020645841219797123,4.26250759673074e-06,0.78964743670257,0.0,600
587ccb4b22bc8bd5d724c2ccb9639f8d31c02351f945810753d36051cedf6744,92723857aa9bb3300d2b5b0cc644f815f4f9bb906d276da7f158281cb7074e35,electricity,minnesota,screen,monthly,linear,electricity_pre_tax,False,ok,,0.2,1.0,2025-09-01,3,2025-12-01,0.2326306861600921,0.0010333040343149065,4.623665411126865,0.011944291621498852,0.2335241920814968,0.23297249823280258,0.0008935059214046914,0.0008935059214046914,7.983528315852467e-07,0.78964743670257,0.0,600
587ccb4b22bc8bd5d724c2ccb9639f8d31c02351f945810753d36051cedf6744,92723857aa9bb3300d2b5b0cc644f815f4f9bb906d276da7f158281cb7074e35,electricity,minnesota,screen,monthly,linear,electricity_pre_tax,False,ok,,0.2,1.0,2025-09-01,6,2026-03-01,0.2327686885304311,0.0018453617893325475,4.069723846507589,0.018501679251914656,0.23462948075047543,0.23349037041803314,0.0018607922200443439,0.0018607922200443439,3.462547686177558e-06,0.78964743670257,0.0,600
4bc830adaf70c1814cb43e7b5edd1976db068205a53d7bba2bb8bf79456e8d48,92723857aa9bb3300d2b5b0cc644f815f4f9bb906d276da7f158281cb7074e35,electricity,minnesota,screen,monthly,linear,electricity_pre_tax,False,ok,,0.2,1.0,2025-10-01,1,2025-11-01,0.2322166790490753,0.0005874370904876956,5.205789793141765,0.004943137905552505,0.23161858271109423,0.23179206920988368,-0.00059809633798108,0.00059809633798108,3.577192295063782e-07,0.7885021837596011,0.0,600
4bc830adaf70c1814cb43e7b5edd1976db068205a53d7bba2bb8bf79456e8d48,92723857aa9bb3300d2b5b0cc644f815f4f9bb906d276da7f158281cb7074e35,electricity,minnesota,screen,monthly,linear,electricity_pre_tax,False,ok,,0.2,1.0,2025-10-01,3,2026-01-01,0.2317474709899229,0.0012468449064596855,4.479874488157272,0.012272045620644056,0.2300268727587715,0.23084618394265716,-0.0017205982311513934,0.0017205982311513934,2.960458273041304e-06,0.7885021837596011,0.0,600
4bc830adaf70c1814cb43e7b5edd1976db068205a53d7bba2bb8bf79456e8d48,92723857aa9bb3300d2b5b0cc644f815f4f9bb906d276da7f158281cb7074e35,electricity,minnesota,screen,monthly,linear,electricity_pre_tax,False,ok,,0.2,1.0,2025-10-01,6,2026-04-01,0.2341763127078883,0.0024045982707971807,3.8770389890045305,0.017862184157183294,0.22952704561556075,0.2314279722695681,-0.004649267092327547,0.004649267092327547,2.1615684495799843e-05,0.7885021837596011,0.0,600
7f71c2044760ac98a1d4048157803c962e6e7dfdf76bec03def70d4766d23ece,92723857aa9bb3300d2b5b0cc644f815f4f9bb906d276da7f158281cb7074e35,electricity,minnesota,screen,monthly,linear,electricity_pre_tax,False,ok,,0.2,1.0,2025-11-01,1,2025-12-01,0.2326306861600921,0.0005038887993288456,5.371817217608722,0.0036578310254848445,0.23202135566359933,0.23217203061181207,-0.0006093304964927826,0.0006093304964927826,3.7128365395614095e-07,0.790742144112019,0.0,600
7f71c2044760ac98a1d4048157803c962e6e7dfdf76bec03def70d4766d23ece,92723857aa9bb3300d2b5b0cc644f815f4f9bb906d276da7f158281cb7074e35,electricity,minnesota,screen,monthly,linear,electricity_pre_tax,False,ok,,0.2,1.0,2025-11-01,3,2026-02-01,0.2319406743083974,0.0009145963025865796,4.741275085131274,0.00857895569544371,0.2314392458588062,0.23168361076284072,-0.0005014284495911958,0.0005014284495911958,2.514304900594304e-07,0.790742144112019,0.0,600
7f71c2044760ac98a1d4048157803c962e6e7dfdf76bec03def70d4766d23ece,92723857aa9bb3300d2b5b0cc644f815f4f9bb906d276da7f158281cb7074e35,electricity,minnesota,screen,monthly,linear,electricity_pre_tax,False,ok,,0.2,1.0,2025-11-01,6,2026-05-01,0.2342867146041594,0.0016157995273705927,4.205692905727009,0.013094791115444595,0.23309550298515855,0.23298847875803713,-0.0011912116190008482,0.0011912116190008482,1.4189851212426218e-06,0.790742144112019,0.0,600
ef363808734199f47182e4920cf8d967c886d2ef99e482e78a48403a06d6e9b7,92723857aa9bb3300d2b5b0cc644f815f4f9bb906d276da7f158281cb7074e35,electricity,minnesota,screen,monthly,linear,electricity_pre_tax,False,ok,,0.2,1.0,2025-12-01,1,2026-01-01,0.2317474709899229,0.00039736587733906403,5.5656990775979445,0.0022324262680134075,0.23220907297296983,0.23214095156519415,0.00046160198304692757,0.00046160198304692757,2.13076390752856e-07,0.7878800467775424,0.0,600
ef363808734199f47182e4920cf8d967c886d2ef99e482e78a48403a06d6e9b7,92723857aa9bb3300d2b5b0cc644f815f4f9bb906d276da7f158281cb7074e35,electricity,minnesota,screen,monthly,linear,electricity_pre_tax,False,ok,,0.2,1.0,2025-12-01,3,2026-03-01,0.2327686885304311,0.0006746919168088084,5.1000242261134066,0.006782156823789725,0.23264711504412175,0.23235041766943537,-0.00012157348630933984,0.00012157348630933984,1.4780112573407242e-08,0.7878800467775424,0.0,600
ef363808734199f47182e4920cf8d967c886d2ef99e482e78a48403a06d6e9b7,92723857aa9bb3300d2b5b0cc644f815f4f9bb906d276da7f158281cb7074e35,electricity,minnesota,screen,monthly,linear,electricity_pre_tax,False,ok,,0.2,1.0,2025-12-01,6,2026-06-01,0.2399448117880561,0.003957537998303114,3.283748638576011,0.012367051488883571,0.23438298258592113,0.23399648833879944,-0.005561829202134966,0.005561829202134966,3.093394407372127e-05,0.7878800467775424,0.0,600
7450b35c73b5bbe4111dccee146a68b72df1b46de618568047d14eb8ee31e1c2,c4211de36c6c77a6e74c5f96016e40c047dffa4f215ff332df4aaa3e728e0414,electricity,minnesota,screen,monthly,linear,electricity_pre_tax,False,ok,,0.3,0.25,2025-07-01,1,2025-08-01,0.2340659108116171,0.001311677619408916,4.548835650033176,0.007928406203953083,0.23589370471711746,0.23629222590438462,0.0018277939055003634,0.0018277939055003634,3.340830560984271e-06,0.8025317836727115,0.0,600
7450b35c73b5bbe4111dccee146a68b72df1b46de618568047d14eb8ee31e1c2,c4211de36c6c77a6e74c5f96016e40c047dffa4f215ff332df4aaa3e728e0414,electricity,minnesota,screen,monthly,linear,electricity_pre_tax,False,ok,,0.3,0.25,2025-07-01,3,2025-10-01,0.2316646695677195,0.0031548180473025787,3.711059428863802,0.014435782123157055,0.2370974507223383,0.23624297988784695,0.005432781154618788,0.005432781154618788,2.951511107398105e-05,0.8025317836727115,0.0,600
7450b35c73b5bbe4111dccee146a68b72df1b46de618568047d14eb8ee31e1c2,c4211de36c6c77a6e74c5f96016e40c047dffa4f215ff332df4aaa3e728e0414,electricity,minnesota,screen,monthly,linear,electricity_pre_tax,False,ok,,0.3,0.25,2025-07-01,6,2026-01-01,0.2317474709899229,0.0029907534487018973,3.788424272040414,0.02051737274240393,0.23591679704041818,0.23585116620247193,0.004169326050495276,0.004169326050495276,1.7383279715338534e-05,0.8025317836727115,0.0,600
f830df3495bf4bb34b152f582110af17657006851306fb59c13265ccdadd2d4f,c4211de36c6c77a6e74c5f96016e40c047dffa4f215ff332df4aaa3e728e0414,electricity,minnesota,screen,monthly,linear,electricity_pre_tax,False,ok,,0.3,0.25,2025-08-01,1,2025-09-01,0.2329342913748377,0.0007581306763574131,5.0588535114331314,0.00413272853808982,0.23420625041082863,0.2339826551587449,0.0012719590359909216,0.0012719590359909216,1.6178797892389546e-06,0.8036000207152403,0.0,600
f830df3495bf4bb34b152f582110af17657006851306fb59c13265ccdadd2d4f,c4211de36c6c77a6e74c5f96016e40c047dffa4f215ff332df4aaa3e728e0414,electricity,minnesota,screen,monthly,linear,electricity_pre_tax,False,ok,,0.3,0.25,2025-08-01,3,2025-11-01,0.2322166790490753,0.0013983532619255262,4.389658421576803,0.00941532384536507,0.23407992387791624,0.23378404667903555,0.0018632448288409265,0.0018632448288409265,3.471681292202453e-06,0.8036000207152403,0.0,600
f830df3495bf4bb34b152f582110af17657006851306fb59c13265ccdadd2d4f,c4211de36c6c77a6e74c5f96016e40c047dffa4f215ff332df4aaa3e728e0414,electricity,minnesota,screen,monthly,linear,electricity_pre_tax,False,ok,,0.3,0.25,2025-08-01,6,2026-02-01,0.2319406743083974,0.0020664858176303634,3.9269348795966295,0.01466348055459062,0.23300553109962854,0.23312704898589154,0.001064856791231139,0.001064856791231139,1.1339199858310776e-06,0.8036000207152403,0.0,600
3cf9ee5b48b3ccca4b75f20b1ae6f15b9f03a16665dab881a9724ca0db176309,c4211de36c6c77a6e74c5f96016e40c047dffa4f215ff332df4aaa3e728e0414,electricity,minnesota,screen,monthly,linear,electricity_pre_tax,False,ok,,0.3,0.25,2025-09-01,1,2025-10-01,0.2316646695677195,0.0008480810741353442,5.030260247372951,0.006635236365164164,0.23333187733393193,0.2329736714634238,0.0016672077662124307,0.0016672077662124307,2.7795817357190433e-06,0.8026268704580077,0.0,600
3cf9ee5b48b3ccca4b75f20b1ae6f15b9f03a16665dab881a9724ca0db176309,c4211de36c6c77a6e74c5f96016e40c047dffa4f215ff332df4aaa3e728e0414,electricity,minnesota,screen,monthly,linear,electricity_pre_tax,False,ok,,0.3,0.25,2025-09-01,3,2025-12-01,0.2326306861600921,0.0011313265652516634,4.527674511287053,0.009544830457157425,0.2338269500525458,0.23319467267677182,0.0011962638924536972,0.0011962638924536972,1.431047300388471e-06,0.8026268704580077,0.0,600
3cf9ee5b48b3ccca4b75f20b1ae6f15b9f03a16665dab881a9724ca0db176309,c4211de36c6c77a6e74c5f96016e40c047dffa4f215ff332df4aaa3e728e0414,electricity,minnesota,screen,monthly,linear,electricity_pre_tax,False,ok,,0.3,0.25,2025-09-01,6,2026-03-01,0.2327686885304311,0.00176541521929768,4.049435749066317,0.015044012375911343,0.23287446356046526,0.23340509329547626,0.00010577503003417199,0.00010577503003417199,1.1188356978729987e-08,0.8026268704580077,0.0,600
36b70a43243a5059f486689b0d09f5f1780cecc72fc380855a4de199cc0ae7a9,c4211de36c6c77a6e74c5f96016e40c047dffa4f215ff332df4aaa3e728e0414,electricity,minnesota,screen,monthly,linear,electricity_pre_tax,False,ok,,0.3,0.25,2025-10-01,1,2025-11-01,0.2322166790490753,0.000532347551072279,5.283789926382475,0.003086084410209528,0.23193425675546958,0.2316390518825399,-0.00028242229360572746,0.00028242229360572746,7.976235192551972e-08,0.8021361290076086,0.0,600
36b70a43243a5059f486689b0d09f5f1780cecc72fc380855a4de199cc0ae7a9,c4211de36c6c77a6e74c5f96016e40c047dffa4f215ff332df4aaa3e728e0414,electricity,minnesota,screen,monthly,linear,electricity_pre_tax,False,ok,,0.3,0.25,2025-10-01,3,2026-01-01,0.2317474709899229,0.0010765053187995,4.557464754745045,0.00900715585901067,0.23127926831439707,0.2311397877930948,-0.0004682026755258306,0.0004682026755258306,2.1921374536954623e-07,0.8021361290076086,0.0,600
36b70a43243a5059f486689b0d09f5f1780cecc72fc380855a4de199cc0ae7a9,c4211de36c6c77a6e74c5f96016e40c047dffa4f215ff332df4aaa3e728e0414,electricity,minnesota,screen,monthly,linear,electricity_pre_tax,False,ok,,0.3,0.25,2025-10-01,6,2026-04-01,0.2341763127078883,0.0019516352276479155,4.109790287944772,0.015590147806969806,0.23180215688075773,0.23197144763450878,-0.002374155827130575,0.002374155827130575,5.636615891498065e-06,0.8021361290076086,0.0,600
54c9e86b594288272b4e5da2345a1a9683b6929ff5fc645fa6b9496076c3d44b,c4211de36c6c77a6e74c5f96016e40c047dffa4f215ff332df4aaa3e728e0414,electricity,minnesota,screen,monthly,linear,electricity_pre_tax,False,ok,,0.3,0.25,2025-11-01,1,2025-12-01,0.2326306861600921,0.0005025871377621297,5.361304556627818,0.005805750562211527,0.231560209486834,0.2322303506585005,-0.0010704766732581028,0.0010704766732581028,1.145920307989735e-06,0.8052650378598731,0.0,600
54c9e86b594288272b4e5da2345a1a9683b6929ff5fc645fa6b9496076c3d44b,c4211de36c6c77a6e74c5f96016e40c047dffa4f215ff332df4aaa3e728e0414,electricity,minnesota,screen,monthly,linear,electricity_pre_tax,False,ok,,0.3,0.25,2025-11-01,3,2026-02-01,0.2319406743083974,0.0008392045662455124,4.877660412443383,0.009556887333257807,0.23156405467746008,0.23174139774754465,-0.00037661963093732487,0.00037661963093732487,1.418423464073668e-07,0.8052650378598731,0.0,600
54c9e86b594288272b4e5da2345a1a9683b6929ff5fc645fa6b9496076c3d44b,c4211de36c6c77a6e74c5f96016e40c047dffa4f215ff332df4aaa3e728e0414,electricity,minnesota,screen,monthly,linear,electricity_pre_tax,False,ok,,0.3,0.25,2025-11-01,6,2026-05-01,0.2342867146041594,0.0015458592212114044,4.391213083413589,0.013277336319445457,0.2325179890768547,0.23283263041468524,-0.0017687255273046987,0.0017687255273046987,3.1283899909392845e-06,0.8052650378598731,0.0,600
e7448395df04d14fdaa06fb1606ed3d3d4c4494005c3a7be0b31f0396124a377,c4211de36c6c77a6e74c5f96016e40c047dffa4f215ff332df4aaa3e728e0414,electricity,minnesota,screen,monthly,linear,electricity_pre_tax,False,ok,,0.3,0.25,2025-12-01,1,2026-01-01,0.2317474709899229,0.0003827426379504515,5.580962911314902,0.001966140493288652,0.23208447995228815,0.23203416479121114,0.0003370089623652428,0.0003370089623652428,1.1357504071449764e-07,0.8009977480570827,0.0,600
e7448395df04d14fdaa06fb1606ed3d3d4c4494005c3a7be0b31f0396124a377,c4211de36c6c77a6e74c5f96016e40c047dffa4f215ff332df4aaa3e728e0414,electricity,minnesota,screen,monthly,linear,electricity_pre_tax,False,ok,,0.3,0.25,2025-12-01,3,2026-03-01,0.2327686885304311,0.0007728616800539135,4.858935377310328,0.006424296150911832,0.23192449804912366,0.23209740376865823,-0.000844190481307433,0.000844190481307433,7.126575687300754e-07,0.8009977480570827,0.0,600
e7448395df04d14fdaa06fb1606ed3d3d4c4494005c3a7be0b31f0396124a377,c4211de36c6c77a6e74c5f96016e40c047dffa4f215ff332df4aaa3e728e0414,electricity,minnesota,screen,monthly,linear,electricity_pre_tax,False,ok,,0.3,0.25,2025-12-01,6,2026-06-01,0.2399448117880561,0.004202491302955148,3.2066985830818293,0.01278868951930649,0.23375819523622557,0.23358403584646492,-0.006186616551830532,0.006186616551830532,3.8274224359383495e-05,0.8009977480570827,0.0,600
e3997c1c7364d52ed759b8ab2e8ccee3c8bfd2668634c72b63a94d6043d4ad8e,c547344e180f5e55d555669d14d2d8e4a3f7341b3ac765067d0c2d5407a5814b,electricity,minnesota,screen,monthly,linear,electricity_pre_tax,False,ok,,0.3,0.5,2025-07-01,1,2025-08-01,0.2340659108116171,0.0013774143582648184,4.486686294175717,0.009467489691848316,0.23613006704612208,0.2362924777012474,0.0020641562345049824,0.0020641562345049824,4.2607409604457876e-06,0.8054811058242133,0.0,600
e3997c1c7364d52ed759b8ab2e8ccee3c8bfd2668634c72b63a94d6043d4ad8e,c547344e180f5e55d555669d14d2d8e4a3f7341b3ac765067d0c2d5407a5814b,electricity,minnesota,screen,monthly,linear,electricity_pre_tax,False,ok,,0.3,0.5,2025-07-01,3,2025-10-01,0.2316646695677195,0.0028559115556934687,3.893460968894013,0.016374308930137155,0.23638648270333362,0.2360002923678436,0.004721813135614122,0.004721813135614122,2.229551928765807e-05,0.8054811058242133,0.0,600
e3997c1c7364d52ed759b8ab2e8ccee3c8bfd2668634c72b63a94d6043d4ad8e,c547344e180f5e55d555669d14d2d8e4a3f7341b3ac765067d0c2d5407a5814b,electricity,minnesota,screen,monthly,linear,electricity_pre_tax,False,ok,,0.3,0.5,2025-07-01,6,2026-01-01,0.2317474709899229,0.0028993372193099436,3.7904061316308297,0.02418939425939201,0.2359756043643183,0.2352975536870923,0.004228133374395399,0.004228133374395399,1.787711183167622e-05,0.8054811058242133,0.0,600
d1d99e94ce8d3d75e5ed257a482a3e89d770dc56e96178faf6d3f81b8c4b0e87,c547344e180f5e55d555669d14d2d8e4a3f7341b3ac765067d0c2d5407a5814b,electricity,minnesota,screen,monthly,linear,electricity_pre_tax,False,ok,,0.3,0.5,2025-08-01,1,2025-09-01,0.2329342913748377,0.0006590589543399958,5.065246059149963,0.0044187277417506565,0.23363483431251353,0.23367564387291356,0.0007005429376758243,0.0007005429376758243,4.907604075274739e-07,0.8083104370923215,0.0,600
d1d99e94ce8d3d75e5ed257a482a3e89d770dc56e96178faf6d3f81b8c4b0e87,c547344e180f5e55d555669d14d2d8e4a3f7341b3ac765067d0c2d5407a5814b,electricity,minnesota,screen,monthly,linear,electricity_pre_tax,False,ok,,0.3,0.5,2025-08-01,3,2025-11-01,0.2322166790490753,0.001394833780933278,4.28228500757378,0.00981532132520872,0.234000665189879,0.23369451748506517,0.0017839861408036894,0.0017839861408036894,3.1826065505796412e-06,0.8083104370923215,0.0,600
d1d99e94ce8d3d75e5ed257a482a3e89d770dc56e96178faf6d3f81b8c4b0e87,c547344e180f5e55d555669d14d2d8e4a3f7341b3ac765067d0c2d5407a5814b,electricity,minnesota,screen,monthly,linear,electricity_pre_tax,False,ok,,0.3,0.5,2025-08-01,6,2026-02-01,0.2319406743083974,0.00206403483235929,3.9436957676581947,0.017687574465655477,0.23466792757255964,0.233649063517813,0.0027272532641622327,0.0027272532641622327,7.437910366883553e-06,0.8083104370923215,0.0,600
6b6507d348894a7c8ae04e7e50174c96e78be255b0f8d521447fe09eea785fde,c547344e180f5e55d555669d14d2d8e4a3f7341b3ac765067d0c2d5407a5814b,electricity,minnesota,screen,monthly,linear,electricity_pre_tax,False,ok,,0.3,0.5,2025-09-01,1,2025-10-01,0.2316646695677195,0.0007545014252893925,5.028598827066453,0.0062345520604838054,0.23286799988597048,0.23288283464756082,0.0012033303182509836,0.0012033303182509836,1.4480038548220134e-06,0.8056957234295189,0.0,600
6b6507d348894a7c8ae04e7e50174c96e78be255b0f8d521447fe09eea785fde,c547344e180f5e55d555669d14d2d8e4a3f7341b3ac765067d0c2d5407a5814b,electricity,minnesota,screen,monthly,linear,electricity_pre_tax,False,ok,,0.3,0.5,2025-09-01,3,2025-12-01,0.2326306861600921,0.0009850603830186674,4.621923007757294,0.008514069565337108,0.23299685454755215,0.23279715363569103,0.0003661683874600363,0.0003661683874600363,1.3407928797508329e-07,0.8056957234295189,0.0,600
6b6507d348894a7c8ae04e7e50174c96e78be255b0f8d521447fe09eea785fde,c547344e180f5e55d555669d14d2d8e4a3f7341b3ac765067d0c2d5407a5814b,electricity,minnesota,screen,monthly,linear,electricity_pre_tax,False,ok,,0.3,0.5,2025-09-01,6,2026-03-01,0.2327686885304311,0.0017807328874450187,4.096125815079757,0.015430659974868461,0.2331414866391278,0.232729979423254,0.00037279810869669805,0.00037279810869669805,1.389784298478351e-07,0.8056957234295189,0.0,600
a077266e310b87f0435093b04c6a9e00715f3fbf3034a92d04316a8b52410bea,c547344e180f5e55d555669d14d2d8e4a3f7341b3ac765067d0c2d5407a5814b,electricity,minnesota,screen,monthly,linear,electricity_pre_tax,False,ok,,0.3,0.5,2025-10-01,1,2025-11-01,0.2322166790490753,0.0005786849691878605,5.230977797786524,0.007014896087225009,0.2310571695835652,0.23146769459094307,-0.0011595094655101057,0.0011595094655101057,1.344462200607531e-06,0.8048155169303469,0.0,600
a077266e310b87f0435093b04c6a9e00715f3fbf3034a92d04316a8b52410bea,c547344e180f5e55d555669d14d2d8e4a3f7341b3ac765067d0c2d5407a5814b,electricity,minnesota,screen,monthly,linear,electricity_pre_tax,False,ok,,0.3,0.5,2025-10-01,3,2026-01-01,0.2317474709899229,0.0009869369196533733,4.651250373781936,0.009760464908305117,0.23092658935909072,0.23137516186922452,-0.0008208816308321876,0.0008208816308321876,6.738466518377119e-07,0.8048155169303469,0.0,600
a077266e310b87f0435093b04c6a9e00715f3fbf3034a92d04316a8b52410bea,c547344e180f5e55d555669d14d2d8e4a3f7341b3ac765067d0c2d5407a5814b,electricity,minnesota,screen,monthly,linear,electricity_pre_tax,False,ok,,0.3,0.5,2025-10-01,6,2026-04-01,0.2341763127078883,0.001835599508258864,4.156089072514984,0.014303628060699075,0.2316683171173464,0.23307999440203364,-0.002507995590541906,0.002507995590541906,6.290041882177644e-06,0.8048155169303469,0.0,600
093ffa6de7203f9c53d3e9b48cc363235c72883a54d1965a05bd102c4f40b11f,c547344e180f5e55d555669d14d2d8e4a3f7341b3ac765067d0c2d5407a5814b,electricity,minnesota,screen,monthly,linear,electricity_pre_tax,False,ok,,0.3,0.5,2025-11-01,1,2025-12-01,0.2326306861600921,0.0005085156174582236,5.37286516895281,0.0041704613853220515,0.23184040625932975,0.23216725283476505,-0.0007902799007623584,0.0007902799007623584,6.245423215489631e-07,0.8090625332869184,0.0,600
093ffa6de7203f9c53d3e9b48cc363235c72883a54d1965a05bd102c4f40b11f,c547344e180f5e55d555669d14d2d8e4a3f7341b3ac765067d0c2d5407a5814b,electricity,minnesota,screen,monthly,linear,electricity_pre_tax,False,ok,,0.3,0.5,2025-11-01,3,2026-02-01,0.2319406743083974,0.0009582010874274217,4.7605627980633685,0.00827795719262661,0.23078295277187047,0.23141092644543831,-0.0011577215365269344,0.0011577215365269344,1.3403191561382859e-06,0.8090625332869184,0.0,600
093ffa6de7203f9c53d3e9b48cc363235c72883a54d1965a05bd102c4f40b11f,c547344e180f5e55d555669d14d2d8e4a3f7341b3ac765067d0c2d5407a5814b,electricity,minnesota,screen,monthly,linear,electricity_pre_tax,False,ok,,0.3,0.5,2025-11-01,6,2026-05-01,0.2342867146041594,0.0018345735479596906,4.076899665122916,0.011845311958491351,0.23227765866056396,0.2324974309606105,-0.0020090559435954336,0.0020090559435954336,4.036305784496138e-06,0.8090625332869184,0.0,600
faabaf37da57b84cc22a64d7e7ce635150c6ed6acf39cadc8161857b55b82d58,c547344e180f5e55d555669d14d2d8e4a3f7341b3ac765067d0c2d5407a5814b,electricity,minnesota,screen,monthly,linear,electricity_pre_tax,False,ok,,0.3,0.5,2025-12-01,1,2026-01-01,0.2317474709899229,0.0003802261777267116,5.5605596513450415,0.0033586554214191365,0.23203785166763463,0.23203668363692578,0.0002903806777117268,0.0002903806777117268,8.432093798832176e-08,0.8030935399044437,0.0,600
faabaf37da57b84cc22a64d7e7ce635150c6ed6acf39cadc8161857b55b82d58,c547344e180f5e55d555669d14d2d8e4a3f7341b3ac765067d0c2d5407a5814b,electricity,minnesota,screen,monthly,linear,electricity_pre_tax,False,ok,,0.3,0.5,2025-12-01,3,2026-03-01,0.2327686885304311,0.0007656098884076725,4.951989741289406,0.007990154738918464,0.23243671432298157,0.23216467963378087,-0.00033197420744951467,0.00033197420744951467,1.102068744117334e-07,0.8030935399044437,0.0,600
faabaf37da57b84cc22a64d7e7ce635150c6ed6acf39cadc8161857b55b82d58,c547344e180f5e55d555669d14d2d8e4a3f7341b3ac765067d0c2d5407a5814b,electricity,minnesota,screen,monthly,linear,electricity_pre_tax,False,ok,,0.3,0.5,2025-12-01,6,2026-06-01,0.2399448117880561,0.0040167150961918155,3.274064414144881,0.013944846432060733,0.2349020315145483,0.23359656421036779,-0.0050427802735077965,0.0050427802735077965,2.5429632886879365e-05,0.8030935399044437,0.0,600
980c14a2f74a319fd40f1aef80bc02e1850cae01da587a5dd954cb484b79e09d,2066febbeb50b7f5fb2fb33b2bdc9bdeb833001f27dbede18557cbc7a809419b,electricity,minnesota,screen,monthly,linear,electricity_pre_tax,False,ok,,0.3,0.75,2025-07-01,1,2025-08-01,0.2340659108116171,0.001453798961881078,4.608385297701695,0.0042843586887076875,0.2367702579172617,0.23649112786395082,0.0027043471056446,0.0027043471056446,7.313493267808325e-06,0.8109923436560702,0.0,600
980c14a2f74a319fd40f1aef80bc02e1850cae01da587a5dd954cb484b79e09d,2066febbeb50b7f5fb2fb33b2bdc9bdeb833001f27dbede18557cbc7a809419b,electricity,minnesota,screen,monthly,linear,electricity_pre_tax,False,ok,,0.3,0.75,2025-07-01,3,2025-10-01,0.2316646695677195,0.003005214534339647,3.870635169269393,0.012140170768315648,0.23728295593788198,0.23632985050913724,0.005618286370162484,0.005618286370162484,3.156514173715354e-05,0.8109923436560702,0.0,600
980c14a2f74a319fd40f1aef80bc02e1850cae01da587a5dd954cb484b79e09d,2066febbeb50b7f5fb2fb33b2bdc9bdeb833001f27dbede18557cbc7a809419b,electricity,minnesota,screen,monthly,linear,electricity_pre_tax,False,ok,,0.3,0.75,2025-07-01,6,2026-01-01,0.2317474709899229,0.0032476589449226753,3.6165650408586316,0.016855162151363238,0.23733989953579984,0.23636382683984664,0.005592428545876937,0.005592428545876937,3.127525704073923e-05,0.8109923436560702,0.0,600
8ac69349b01721b5773bd2ec6c97e962c98f900a04e21ab3653a26de58dae900,2066febbeb50b7f5fb2fb33b2bdc9bdeb833001f27dbede18557cbc7a809419b,electricity,minnesota,screen,monthly,linear,electricity_pre_tax,False,ok,,0.3,0.75,2025-08-01,1,2025-09-01,0.2329342913748377,0.000649915342142879,5.056421138347526,0.00612639876483933,0.23378329688886879,0.23368829165570223,0.0008490055140310815,0.0008490055140310815,7.208103628551809e-07,0.8127332420024334,0.0,600
8ac69349b01721b5773bd2ec6c97e962c98f900a04e21ab3653a26de58dae900,2066febbeb50b7f5fb2fb33b2bdc9bdeb833001f27dbede18557cbc7a809419b,electricity,minnesota,screen,monthly,linear,electricity_pre_tax,False,ok,,0.3,0.75,2025-08-01,3,2025-11-01,0.2322166790490753,0.0014256566851603572,4.270310755906742,0.010829047701210905,0.23407086975777033,0.23388506448689925,0.001854190708695025,0.001854190708695025,3.438023184210959e-06,0.8127332420024334,0.0,600
8ac69349b01721b5773bd2ec6c97e962c98f900a04e21ab3653a26de58dae900,2066febbeb50b7f5fb2fb33b2bdc9bdeb833001f27dbede18557cbc7a809419b,electricity,minnesota,screen,monthly,linear,electricity_pre_tax,False,ok,,0.3,0.75,2025-08-01,6,2026-02-01,0.2319406743083974,0.0021795542849077764,3.9411680568682517,0.018824869533951284,0.23401819812022737,0.2335880945861814,0.002077523811829962,0.002077523811829962,4.316105188720496e-06,0.8127332420024334,0.0,600
29a36e1ba87b3ba3dc5765e8b1ddb380c9887db056e3b2c758fc56ea143c82df,2066febbeb50b7f5fb2fb33b2bdc9bdeb833001f27dbede18557cbc7a809419b,electricity,minnesota,screen,monthly,linear,electricity_pre_tax,False,ok,,0.3,0.75,2025-09-01,1,2025-10-01,0.2316646695677195,0.000802736535647748,5.110059307260251,0.009466661205862372,0.23379692047305548,0.23288703859058696,0.002132250905335975,0.002132250905335975,4.546493923306085e-06,0.8109366446698607,0.0,600
29a36e1ba87b3ba3dc5765e8b1ddb380c9887db056e3b2c758fc56ea143c82df,2066febbeb50b7f5fb2fb33b2bdc9bdeb833001f27dbede18557cbc7a809419b,electricity,minnesota,screen,monthly,linear,electricity_pre_tax,False,ok,,0.3,0.75,2025-09-01,3,2025-12-01,0.2326306861600921,0.0010149832806775668,4.666001824985308,0.012844507662052073,0.23394864584528194,0.23281993695600617,0.001317959685189829,0.001317959685189829,1.7370177317856731e-06,0.8109366446698607,0.0,600
29a36e1ba87b3ba3dc5765e8b1ddb380c9887db056e3b2c758fc56ea143c82df,2066febbeb50b7f5fb2fb33b2bdc9bdeb833001f27dbede18557cbc7a809419b,electricity,minnesota,screen,monthly,linear,electricity_pre_tax,False,ok,,0.3,0.75,2025-09-01,6,2026-03-01,0.2327686885304311,0.0017831542577144395,4.077236758524231,0.01867078018648243,0.2338290892592757,0.23284398217467406,0.0010604007288446127,0.0010604007288446127,1.1244497057341857e-06,0.8109366446698607,0.0,600
61aed80313cab7e38df67b1867ce0939f227da7220f86a4dbba00c702f67879b,2066febbeb50b7f5fb2fb33b2bdc9bdeb833001f27dbede18557cbc7a809419b,electricity,minnesota,screen,monthly,linear,electricity_pre_tax,False,ok,,0.3,0.75,2025-10-01,1,2025-11-01,0.2322166790490753,0.0005860275163048578,5.136189873069036,0.0031211375564786105,0.23196130050120686,0.23151595777813777,-0.0002553785478684456,0.0002553785478684456,6.521820271139596e-08,0.8125053932051132,0.0,600
61aed80313cab7e38df67b1867ce0939f227da7220f86a4dbba00c702f67879b,2066febbeb50b7f5fb2fb33b2bdc9bdeb833001f27dbede18557cbc7a809419b,electricity,minnesota,screen,monthly,linear,electricity_pre_tax,False,ok,,0.3,0.75,2025-10-01,3,2026-01-01,0.2317474709899229,0.0010948475409436982,4.583111499518553,0.008928255784940688,0.2317104392552677,0.23112943362248783,-3.7031734655218473e-05,3.7031734655218473e-05,1.3713493715745088e-09,0.8125053932051132,0.0,600
61aed80313cab7e38df67b1867ce0939f227da7220f86a4dbba00c702f67879b,2066febbeb50b7f5fb2fb33b2bdc9bdeb833001f27dbede18557cbc7a809419b,electricity,minnesota,screen,monthly,linear,electricity_pre_tax,False,ok,,0.3,0.75,2025-10-01,6,2026-04-01,0.2341763127078883,0.002038166961771396,4.04075583480741,0.014385427746735284,0.23198174983121939,0.23202552329154408,-0.002194562876668915,0.002194562876668915,4.816106219653344e-06,0.8125053932051132,0.0,600
49596b8885f9a1c137286664601479a5c13f4b2d18afc9e34879ee2a5eab1e55,2066febbeb50b7f5fb2fb33b2bdc9bdeb833001f27dbede18557cbc7a809419b,electricity,minnesota,screen,monthly,linear,electricity_pre_tax,False,ok,,0.3,0.75,2025-11-01,1,2025-12-01,0.2326306861600921,0.0005289509854962105,5.3568922516937825,0.009333074577403157,0.23197978978532433,0.23205449637018022,-0.0006508963747677843,0.0006508963747677843,4.236660906858439e-07,0.8134462355029406,0.0,600
49596b8885f9a1c137286664601479a5c13f4b2d18afc9e34879ee2a5eab1e55,2066febbeb50b7f5fb2fb33b2bdc9bdeb833001f27dbede18557cbc7a809419b,electricity,minnesota,screen,monthly,linear,electricity_pre_tax,False,ok,,0.3,0.75,2025-11-01,3,2026-02-01,0.2319406743083974,0.0009023592301361004,4.738450539028872,0.010708132121489019,0.2311071662687983,0.23157275719640882,-0.0008335080395991123,0.0008335080395991123,6.947356520763554e-07,0.8134462355029406,0.0,600
49596b8885f9a1c137286664601479a5c13f4b2d18afc9e34879ee2a5eab1e55,2066febbeb50b7f5fb2fb33b2bdc9bdeb833001f27dbede18557cbc7a809419b,electricity,minnesota,screen,monthly,linear,electricity_pre_tax,False,ok,,0.3,0.75,2025-11-01,6,2026-05-01,0.2342867146041594,0.001738170961922309,4.219356888431207,0.014853806680645794,0.2320622311319039,0.23245020121424154,-0.002224483472255484,0.002224483472255484,4.948326718337815e-06,0.8134462355029406,0.0,600
f8033a38c8654b1ea1e7fbc2a909d99cfe8a0c216f21782006799654ae0bc1f9,2066febbeb50b7f5fb2fb33b2bdc9bdeb833001f27dbede18557cbc7a809419b,electricity,minnesota,screen,monthly,linear,electricity_pre_tax,False,ok,,0.3,0.75,2025-12-01,1,2026-01-01,0.2317474709899229,0.00037093644945044224,5.604037902461613,0.004570120744030172,0.23189404355436344,0.23191857681760938,0.00014657256444053357,0.00014657256444053357,2.1483516646674365e-08,0.8075217317963315,0.0,600
f8033a38c8654b1ea1e7fbc2a909d99cfe8a0c216f21782006799654ae0bc1f9,2066febbeb50b7f5fb2fb33b2bdc9bdeb833001f27dbede18557cbc7a809419b,electricity,minnesota,screen,monthly,linear,electricity_pre_tax,False,ok,,0.3,0.75,2025-12-01,3,2026-03-01,0.2327686885304311,0.0008514638052116146,4.780281606192148,0.008286555894370105,0.23230416504954662,0.23193360328180018,-0.0004645234808844656,0.0004645234808844656,2.1578206429302047e-07,0.8075217317963315,0.0,600
f8033a38c8654b1ea1e7fbc2a909d99cfe8a0c216f21782006799654ae0bc1f9,2066febbeb50b7f5fb2fb33b2bdc9bdeb833001f27dbede18557cbc7a809419b,electricity,minnesota,screen,monthly,linear,electricity_pre_tax,False,ok,,0.3,0.75,2025-12-01,6,2026-06-01,0.2399448117880561,0.004295112117264688,3.2098010460138173,0.014515810253864737,0.2346283995797387,0.23325318231493872,-0.0053164122083174115,0.0053164122083174115,2.8264238768746415e-05,0.8075217317963315,0.0,600
82d6e287fb435f42e3fb3e47a0007a836e3f67984b39b650f83fcc29dc58e9d0,79b6d8937ac190e0a63a964dcf1244d6f651257bf51828098a67228662446409,electricity,minnesota,screen,monthly,linear,electricity_pre_tax,False,ok,,0.3,1.0,2025-07-01,1,2025-08-01,0.2340659108116171,0.0014091547306498069,4.506562898558402,0.0047831799906509626,0.2364309388928163,0.2364418081572921,0.0023650280811992053,0.0023650280811992053,5.593357824860795e-06,0.8149080847523024,0.0,600
82d6e287fb435f42e3fb3e47a0007a836e3f67984b39b650f83fcc29dc58e9d0,79b6d8937ac190e0a63a964dcf1244d6f651257bf51828098a67228662446409,electricity,minnesota,screen,monthly,linear,electricity_pre_tax,False,ok,,0.3,1.0,2025-07-01,3,2025-10-01,0.2316646695677195,0.0028508230832608884,3.7590288875110005,0.011556671583702768,0.2372133094636114,0.2360691013443183,0.00554863989589191,0.00554863989589191,3.078740469428339e-05,0.8149080847523024,0.0,600
82d6e287fb435f42e3fb3e47a0007a836e3f67984b39b650f83fcc29dc58e9d0,79b6d8937ac190e0a63a964dcf1244d6f651257bf51828098a67228662446409,electricity,minnesota,screen,monthly,linear,electricity_pre_tax,False,ok,,0.3,1.0,2025-07-01,6,2026-01-01,0.2317474709899229,0.0027564098993198456,3.7199770125920786,0.018604459604035156,0.23577470086760546,0.23523463970866437,0.004027229877682559,0.004027229877682559,1.6218580487699077e-05,0.8149080847523024,0.0,600
be909bcd833ddafca3fe95db43c9a2f73f49a8ef0b5d703617bf4b1b2782b1ca,79b6d8937ac190e0a63a964dcf1244d6f651257bf51828098a67228662446409,electricity,minnesota,screen,monthly,linear,electricity_pre_tax,False,ok,,0.3,1.0,2025-08-01,1,2025-09-01,0.2329342913748377,0.000659397404162111,5.0955174880035585,0.005507444672695408,0.23379110507851725,0.2337622157171122,0.0008568137036795431,0.0008568137036795431,7.341297228130559e-07,0.8169971119949835,0.0,600
be909bcd833ddafca3fe95db43c9a2f73f49a8ef0b5d703617bf4b1b2782b1ca,79b6d8937ac190e0a63a964dcf1244d6f651257bf51828098a67228662446409,electricity,minnesota,screen,monthly,linear,electricity_pre_tax,False,ok,,0.3,1.0,2025-08-01,3,2025-11-01,0.2322166790490753,0.0014046878246545148,4.414421426671462,0.011344445553622554,0.23477254502221342,0.23362026002730088,0.002555865973138116,0.002555865973138116,6.53245087264525e-06,0.8169971119949835,0.0,600
be909bcd833ddafca3fe95db43c9a2f73f49a8ef0b5d703617bf4b1b2782b1ca,79b6d8937ac190e0a63a964dcf1244d6f651257bf51828098a67228662446409,electricity,minnesota,screen,monthly,linear,electricity_pre_tax,False,ok,,0.3,1.0,2025-08-01,6,2026-02-01,0.2319406743083974,0.002187384983433487,3.9312016982355793,0.016432103855354895,0.23425926438701908,0.23348298770093573,0.002318590078621674,0.002318590078621674,5.37585995268286e-06,0.8169971119949835,0.0,600
812fce9d87c7d9b69d4197fd7f88ff02d7ea6052e9cd1da816e85abe1887fac4,79b6d8937ac190e0a63a964dcf1244d6f651257bf51828098a67228662446409,electricity,minnesota,screen,monthly,linear,electricity_pre_tax,False,ok,,0.3,1.0,2025-09-01,1,2025-10-01,0.2316646695677195,0.0007741671960920966,5.030505155376389,0.00843637064460064,0.23326888111979846,0.23269840379875856,0.0016042115520789602,0.0016042115520789602,2.573494703823586e-06,0.8152194020716746,0.0,600
812fce9d87c7d9b69d4197fd7f88ff02d7ea6052e9cd1da816e85abe1887fac4,79b6d8937ac190e0a63a964dcf1244d6f651257bf51828098a67228662446409,electricity,minnesota,screen,monthly,linear,electricity_pre_tax,False,ok,,0.3,1.0,2025-09-01,3,2025-12-01,0.2326306861600921,0.0010677229664421573,4.568758345769705,0.010638945187131918,0.23352304030801932,0.23275280724151953,0.0008923541479272101,0.0008923541479272101,7.962959253228973e-07,0.8152194020716746,0.0,600
812fce9d87c7d9b69d4197fd7f88ff02d7ea6052e9cd1da816e85abe1887fac4,79b6d8937ac190e0a63a964dcf1244d6f651257bf51828098a67228662446409,electricity,minnesota,screen,monthly,linear,electricity_pre_tax,False,ok,,0.3,1.0,2025-09-01,6,2026-03-01,0.2327686885304311,0.0018360548010864387,4.0034529262926135,0.017512912089369184,0.23299141998127387,0.23247698549273627,0.00022273145084278356,0.00022273145084278356,4.960929919453131e-08,0.8152194020716746,0.0,600
45dd81e7162b4996a77b187de11640737980909f535f5fbe3295478672ecc014,79b6d8937ac190e0a63a964dcf1244d6f651257bf51828098a67228662446409,electricity,minnesota,screen,monthly,linear,electricity_pre_tax,False,ok,,0.3,1.0,2025-10-01,1,2025-11-01,0.2322166790490753,0.0005891349693209176,5.211555375121247,0.0074525995207360375,0.23103865322125658,0.2315626021520798,-0.0011780258278187294,0.0011780258278187294,1.3877448510080028e-06,0.8146903659908638,0.0,600
45dd81e7162b4996a77b187de11640737980909f535f5fbe3295478672ecc014,79b6d8937ac190e0a63a964dcf1244d6f651257bf51828098a67228662446409,electricity,minnesota,screen,monthly,linear,electricity_pre_tax,False,ok,,0.3,1.0,2025-10-01,3,2026-01-01,0.2317474709899229,0.0011061919106337276,4.643400736586024,0.012150407262124241,0.23084564958530157,0.23145927369488883,-0.0009018214046213335,0.0009018214046213335,8.13281845833195e-07,0.8146903659908638,0.0,600
45dd81e7162b4996a77b187de11640737980909f535f5fbe3295478672ecc014,79b6d8937ac190e0a63a964dcf1244d6f651257bf51828098a67228662446409,electricity,minnesota,screen,monthly,linear,electricity_pre_tax,False,ok,,0.3,1.0,2025-10-01,6,2026-04-01,0.2341763127078883,0.002097135559228909,4.0634501638784215,0.017596801706582066,0.23089370393137731,0.23215705931263977,-0.003282608776510987,0.003282608776510987,1.0775520379626958e-05,0.8146903659908638,0.0,600
3d85329cdad76cc4760e5b3509340dc0f638fda1fe5d8b7f9452cecf53910a6a,79b6d8937ac190e0a63a964dcf1244d6f651257bf51828098a67228662446409,electricity,minnesota,screen,monthly,linear,electricity_pre_tax,False,ok,,0.3,1.0,2025-11-01,1,2025-12-01,0.2326306861600921,0.0005603726605345047,5.358000266500758,0.0057563966045996,0.23162041746428788,0.23202055761120838,-0.0010102686958042284,0.0010102686958042284,1.0206428377219767e-06,0.8171984019976366,0.0,600
3d85329cdad76cc4760e5b3509340dc0f638fda1fe5d8b7f9452cecf53910a6a,79b6d8937ac190e0a63a964dcf1244d6f651257bf51828098a67228662446409,electricity,minnesota,screen,monthly,linear,electricity_pre_tax,False,ok,,0.3,1.0,2025-11-01,3,2026-02-01,0.2319406743083974,0.0009963349432106335,4.68648983887595,0.009544498345550276,0.23079946540701202,0.2312230118946254,-0.0011412089013853877,0.0011412089013853877,1.3023577566012436e-06,0.8171984019976366,0.0,600
3d85329cdad76cc4760e5b3509340dc0f638fda1fe5d8b7f9452cecf53910a6a,79b6d8937ac190e0a63a964dcf1244d6f651257bf51828098a67228662446409,electricity,minnesota,screen,monthly,linear,electricity_pre_tax,False,ok,,0.3,1.0,2025-11-01,6,2026-05-01,0.2342867146041594,0.0017864127857381553,4.140858356104516,0.01546228113412251,0.23300975564610127,0.23270901156834028,-0.0012769589580581275,0.0012769589580581275,1.6306241805648987e-06,0.8171984019976366,0.0,600
dbf92e36332c36258162793447edfdd50a666d50e4b9554c0bc45a7b989d5190,79b6d8937ac190e0a63a964dcf1244d6f651257bf51828098a67228662446409,electricity,minnesota,screen,monthly,linear,electricity_pre_tax,False,ok,,0.3,1.0,2025-12-01,1,2026-01-01,0.2317474709899229,0.0003644730689377198,5.64739587982274,0.0037458734792267493,0.23204523868799518,0.23186432332306953,0.000297767698072271,0.000297767698072271,8.866560201525913e-08,0.814048827511846,0.0,600
dbf92e36332c36258162793447edfdd50a666d50e4b9554c0bc45a7b989d5190,79b6d8937ac190e0a63a964dcf1244d6f651257bf51828098a67228662446409,electricity,minnesota,screen,monthly,linear,electricity_pre_tax,False,ok,,0.3,1.0,2025-12-01,3,2026-03-01,0.2327686885304311,0.0008515360500554675,4.89022206121701,0.007619558139065456,0.23185936466382137,0.23183021200129963,-0.0009093238666097181,0.0009093238666097181,8.268698943860484e-07,0.814048827511846,0.0,600
dbf92e36332c36258162793447edfdd50a666d50e4b9554c0bc45a7b989d5190,79b6d8937ac190e0a63a964dcf1244d6f651257bf51828098a67228662446409,electricity,minnesota,screen,monthly,linear,electricity_pre_tax,False,ok,,0.3,1.0,2025-12-01,6,2026-06-01,0.2399448117880561,0.004220354369294511,2.997661231926763,0.01436744284795178,0.23495142856356324,0.2335252368206283,-0.004993383224492859,0.004993383224492859,2.49338760266467e-05,0.814048827511846,0.0,600
4073414162693b84603e05a6d59ce5d58131dff874f58c5f623eb8b470a08c9b,76f3c4c41f4f845ffff3f9303ab2d6570b5878f0b0ad318c8343636330022bfd,electricity,minnesota,screen,monthly,linear,electricity_pre_tax,False,ok,,0.4,0.25,2025-07-01,1,2025-08-01,0.2340659108116171,0.0013781888067307536,4.563161908481186,0.005164108831175821,0.23612518776166033,0.23645085011077432,0.0020592769500432373,0.0020592769500432373,4.240621556979378e-06,0.8208410650376506,0.0,600
4073414162693b84603e05a6d59ce5d58131dff874f58c5f623eb8b470a08c9b,76f3c4c41f4f845ffff3f9303ab2d6570b5878f0b0ad318c8343636330022bfd,electricity,minnesota,screen,monthly,linear,electricity_pre_tax,False,ok,,0.4,0.25,2025-07-01,3,2025-10-01,0.2316646695677195,0.002968687463834452,3.7253699811122605,0.013801121308887963,0.23675961474304405,0.23635785791730396,0.00509494517532455,0.00509494517532455,2.595846633956291e-05,0.8208410650376506,0.0,600
4073414162693b84603e05a6d59ce5d58131dff874f58c5f623eb8b470a08c9b,76f3c4c41f4f845ffff3f9303ab2d6570b5878f0b0ad318c8343636330022bfd,electricity,minnesota,screen,monthly,linear,electricity_pre_tax,False,ok,,0.4,0.25,2025-07-01,6,2026-01-01,0.2317474709899229,0.003334487075108701,3.62432846164954,0.019432362530761048,0.2376892443474949,0.23616019415360195,0.005941773357571983,0.005941773357571983,3.530467063275224e-05,0.8208410650376506,0.0,600
07b5ec1a9519e9a1faf4b53e3861231521e0ef77994ace55d08c825383f009ff,76f3c4c41f4f845ffff3f9303ab2d6570b5878f0b0ad318c8343636330022bfd,electricity,minnesota,screen,monthly,linear,electricity_pre_tax,False,ok,,0.4,0.25,2025-08-01,1,2025-09-01,0.2329342913748377,0.0007569482943344677,4.993098507348886,0.00552452026357939,0.23356261930820854,0.23399995956056707,0.0006283279333708369,0.0006283279333708369,3.947959918540669e-07,0.8207802173877023,0.0,600
07b5ec1a9519e9a1faf4b53e3861231521e0ef77994ace55d08c825383f009ff,76f3c4c41f4f845ffff3f9303ab2d6570b5878f0b0ad318c8343636330022bfd,electricity,minnesota,screen,monthly,linear,electricity_pre_tax,False,ok,,0.4,0.25,2025-08-01,3,2025-11-01,0.2322166790490753,0.0013433342503751926,4.346513685702986,0.008775183514452927,0.2328066889050198,0.23382453188507374,0.0005900098559444844,0.0005900098559444844,3.4811163011163126e-07,0.8207802173877023,0.0,600
07b5ec1a9519e9a1faf4b53e3861231521e0ef77994ace55d08c825383f009ff,76f3c4c41f4f845ffff3f9303ab2d6570b5878f0b0ad318c8343636330022bfd,electricity,minnesota,screen,monthly,linear,electricity_pre_tax,False,ok,,0.4,0.25,2025-08-01,6,2026-02-01,0.2319406743083974,0.001868159332541617,4.037778271994039,0.013055890321376709,0.23213629332326832,0.23303601351122247,0.00019561901487091804,0.00019561901487091804,3.826679897906845e-08,0.8207802173877023,0.0,600
59aebd6153234df8edf523291d72331252a872381022c2361213ac4efe8a0380,76f3c4c41f4f845ffff3f9303ab2d6570b5878f0b0ad318c8343636330022bfd,electricity,minnesota,screen,monthly,linear,electricity_pre_tax,False,ok,,0.4,0.25,2025-09-01,1,2025-10-01,0.2316646695677195,0.0007718660206573586,5.030661769236183,0.00609305462969753,0.23273685053517554,0.23282224624997025,0.0010721809674560379,0.0010721809674560379,1.1495720269749653e-06,0.8204252398618139,0.0,600
59aebd6153234df8edf523291d72331252a872381022c2361213ac4efe8a0380,76f3c4c41f4f845ffff3f9303ab2d6570b5878f0b0ad318c8343636330022bfd,electricity,minnesota,screen,monthly,linear,electricity_pre_tax,False,ok,,0.4,0.25,2025-09-01,3,2025-12-01,0.2326306861600921,0.001061432866445963,4.558774937956766,0.010053997600635866,0.232788304802197,0.23303324859685062,0.0001576186421048953,0.0001576186421048953,2.484363633899107e-08,0.8204252398618139,0.0,600
59aebd6153234df8edf523291d72331252a872381022c2361213ac4efe8a0380,76f3c4c41f4f845ffff3f9303ab2d6570b5878f0b0ad318c8343636330022bfd,electricity,minnesota,screen,monthly,linear,electricity_pre_tax,False,ok,,0.4,0.25,2025-09-01,6,2026-03-01,0.2327686885304311,0.0017064299027910361,4.099244701682693,0.014676879842065449,0.23353619320981495,0.2331695785872625,0.0007675046793838569,0.0007675046793838569,5.89063432876117e-07,0.8204252398618139,0.0,600
bc4f91f73c3d9a376e6c49483c7e313a0ac873ea71ebee1a44a2f927b2cfb47c,76f3c4c41f4f845ffff3f9303ab2d6570b5878f0b0ad318c8343636330022bfd,electricity,minnesota,screen,monthly,linear,electricity_pre_tax,False,ok,,0.4,0.25,2025-10-01,1,2025-11-01,0.2322166790490753,0.000569736062797289,5.214651923837758,0.006528415442261228,0.23145804826408253,0.23177036866906367,-0.0007586307849927754,0.0007586307849927754,5.755206679387546e-07,0.8178657235795839,0.0,600
bc4f91f73c3d9a376e6c49483c7e313a0ac873ea71ebee1a44a2f927b2cfb47c,76f3c4c41f4f845ffff3f9303ab2d6570b5878f0b0ad318c8343636330022bfd,electricity,minnesota,screen,monthly,linear,electricity_pre_tax,False,ok,,0.4,0.25,2025-10-01,3,2026-01-01,0.2317474709899229,0.001193087625920331,4.4921120160392825,0.013382426876770015,0.2308674553130724,0.23165659452389115,-0.0008800156768505041,0.0008800156768505041,7.744275915026508e-07,0.8178657235795839,0.0,600
bc4f91f73c3d9a376e6c49483c7e313a0ac873ea71ebee1a44a2f927b2cfb47c,76f3c4c41f4f845ffff3f9303ab2d6570b5878f0b0ad318c8343636330022bfd,electricity,minnesota,screen,monthly,linear,electricity_pre_tax,False,ok,,0.4,0.25,2025-10-01,6,2026-04-01,0.2341763127078883,0.002071931178312239,4.052370836617678,0.017891900917391786,0.23061677741412737,0.23253693704990713,-0.003559535293760935,0.003559535293760935,1.2670291507529745e-05,0.8178657235795839,0.0,600
ad4d40b54048d8f31054b90deea2ad57b398af1f849374ce5e18deeb61980f63,76f3c4c41f4f845ffff3f9303ab2d6570b5878f0b0ad318c8343636330022bfd,electricity,minnesota,screen,monthly,linear,electricity_pre_tax,False,ok,,0.4,0.25,2025-11-01,1,2025-12-01,0.2326306861600921,0.0005024464491412213,5.432259727589969,0.006227839568329839,0.23149600691294675,0.23201029941228757,-0.0011346792471453593,0.0011346792471453593,1.2874969939023594e-06,0.8223798113872576,0.0,600
ad4d40b54048d8f31054b90deea2ad57b398af1f849374ce5e18deeb61980f63,76f3c4c41f4f845ffff3f9303ab2d6570b5878f0b0ad318c8343636330022bfd,electricity,minnesota,screen,monthly,linear,electricity_pre_tax,False,ok,,0.4,0.25,2025-11-01,3,2026-02-01,0.2319406743083974,0.0008418886275239285,4.845261184965352,0.008683342932768838,0.23110973882385943,0.23143797759056225,-0.0008309354845379702,0.0008309354845379702,6.904537794643512e-07,0.8223798113872576,0.0,600
ad4d40b54048d8f31054b90deea2ad57b398af1f849374ce5e18deeb61980f63,76f3c4c41f4f845ffff3f9303ab2d6570b5878f0b0ad318c8343636330022bfd,electricity,minnesota,screen,monthly,linear,electricity_pre_tax,False,ok,,0.4,0.25,2025-11-01,6,2026-05-01,0.2342867146041594,0.001665134704686694,4.264958568792261,0.013524459054721737,0.2326957738124038,0.23253389849287273,-0.0015909407917555907,0.0015909407917555907,2.531092602871906e-06,0.8223798113872576,0.0,600
61a6963703bb6e1f99e369f2f344532caedddc04ea3eff6218d1afe5676fbeac,76f3c4c41f4f845ffff3f9303ab2d6570b5878f0b0ad318c8343636330022bfd,electricity,minnesota,screen,monthly,linear,electricity_pre_tax,False,ok,,0.4,0.25,2025-12-01,1,2026-01-01,0.2317474709899229,0.00039171034978448043,5.602364203522123,0.003311907010403089,0.2320659769849063,0.23205596824976965,0.00031850599498339793,0.00031850599498339793,1.0144606884036431e-07,0.8176929264342712,0.0,600
61a6963703bb6e1f99e369f2f344532caedddc04ea3eff6218d1afe5676fbeac,76f3c4c41f4f845ffff3f9303ab2d6570b5878f0b0ad318c8343636330022bfd,electricity,minnesota,screen,monthly,linear,electricity_pre_tax,False,ok,,0.4,0.25,2025-12-01,3,2026-03-01,0.2327686885304311,0.000699278975582065,4.991300114647288,0.007605658798926503,0.23198456775125,0.2323946920379215,-0.00078412077918108,0.00078412077918108,6.14845396343544e-07,0.8176929264342712,0.0,600
61a6963703bb6e1f99e369f2f344532caedddc04ea3eff6218d1afe5676fbeac,76f3c4c41f4f845ffff3f9303ab2d6570b5878f0b0ad318c8343636330022bfd,electricity,minnesota,screen,monthly,linear,electricity_pre_tax,False,ok,,0.4,0.25,2025-12-01,6,2026-06-01,0.2399448117880561,0.004378988985690449,3.1401143849533817,0.012736088423756455,0.23299246379219085,0.2334835925871786,-0.006952347995865249,0.006952347995865249,4.8335142655611544e-05,0.8176929264342712,0.0,600
fe36ce46ec4839b267ee8794128f3a69797a6e6ccf2c037d24302b4929c541e9,171c8a10071e49e57f1ac99670ac29bab077435d88812cf047e49e4633e09802,electricity,minnesota,screen,monthly,linear,electricity_pre_tax,False,ok,,0.4,0.5,2025-07-01,1,2025-08-01,0.2340659108116171,0.0014689893198555708,4.413850713674734,0.0057203680475915305,0.23637969917494908,0.2365442752730308,0.0023137883633319867,0.0023137883633319867,5.353616590290514e-06,0.8228855666824654,0.0,600
fe36ce46ec4839b267ee8794128f3a69797a6e6ccf2c037d24302b4929c541e9,171c8a10071e49e57f1ac99670ac29bab077435d88812cf047e49e4633e09802,electricity,minnesota,screen,monthly,linear,electricity_pre_tax,False,ok,,0.4,0.5,2025-07-01,3,2025-10-01,0.2316646695677195,0.002997044855688917,3.613523421320476,0.015201020777991459,0.23633959889954217,0.23634882421943662,0.004674929331822675,0.004674929331822675,2.1854964257536002e-05,0.8228855666824654,0.0,600
fe36ce46ec4839b267ee8794128f3a69797a6e6ccf2c037d24302b4929c541e9,171c8a10071e49e57f1ac99670ac29bab077435d88812cf047e49e4633e09802,electricity,minnesota,screen,monthly,linear,electricity_pre_tax,False,ok,,0.4,0.5,2025-07-01,6,2026-01-01,0.2317474709899229,0.0031877330179553905,3.6512532344946074,0.020934861481717894,0.2364638928761274,0.2360782668325821,0.004716421886204497,0.004716421886204497,2.2244635408668785e-05,0.8228855666824654,0.0,600
38e13218460f4f46e8ea39fde207bea09ced258cd820dd9132e0d0362584690c,171c8a10071e49e57f1ac99670ac29bab077435d88812cf047e49e4633e09802,electricity,minnesota,screen,monthly,linear,electricity_pre_tax,False,ok,,0.4,0.5,2025-08-01,1,2025-09-01,0.2329342913748377,0.000644493489517958,5.128378054916954,0.005605979447942556,0.2338452350605221,0.2337609618260169,0.0009109436856843955,0.0009109436856843955,8.298183984882708e-07,0.8267422201671117,0.0,600
38e13218460f4f46e8ea39fde207bea09ced258cd820dd9132e0d0362584690c,171c8a10071e49e57f1ac99670ac29bab077435d88812cf047e49e4633e09802,electricity,minnesota,screen,monthly,linear,electricity_pre_tax,False,ok,,0.4,0.5,2025-08-01,3,2025-11-01,0.2322166790490753,0.0013993147781541544,4.322628506149151,0.009915158970115193,0.23447519242264575,0.233889318287583,0.002258513373570442,0.002258513373570442,5.100882658596539e-06,0.8267422201671117,0.0,600
38e13218460f4f46e8ea39fde207bea09ced258cd820dd9132e0d0362584690c,171c8a10071e49e57f1ac99670ac29bab077435d88812cf047e49e4633e09802,electricity,minnesota,screen,monthly,linear,electricity_pre_tax,False,ok,,0.4,0.5,2025-08-01,6,2026-02-01,0.2319406743083974,0.0020756807912527273,3.9998323635315813,0.015930441648391625,0.23385229881133435,0.2332559999860085,0.0019116245029369427,0.0019116245029369427,3.6543082402289133e-06,0.8267422201671117,0.0,600
33cc6498cef2948bd53e13f20d0e5d89d04a9a7a7fe007d1e1a4ad4ca45678b5,171c8a10071e49e57f1ac99670ac29bab077435d88812cf047e49e4633e09802,electricity,minnesota,screen,monthly,linear,electricity_pre_tax,False,ok,,0.4,0.5,2025-09-01,1,2025-10-01,0.2316646695677195,0.0007981559243377301,5.014388997173853,0.008274016784774171,0.23343735639857116,0.23284807205997843,0.0017726868308516608,0.0017726868308516608,3.1424186002749044e-06,0.823643006745191,0.0,600
33cc6498cef2948bd53e13f20d0e5d89d04a9a7a7fe007d1e1a4ad4ca45678b5,171c8a10071e49e57f1ac99670ac29bab077435d88812cf047e49e4633e09802,electricity,minnesota,screen,monthly,linear,electricity_pre_tax,False,ok,,0.4,0.5,2025-09-01,3,2025-12-01,0.2326306861600921,0.0010459337301635604,4.615969562285009,0.012163363156433305,0.2338314452265113,0.23313574589580377,0.0012007590664191992,0.0012007590664191992,1.4418223355879066e-06,0.823643006745191,0.0,600
33cc6498cef2948bd53e13f20d0e5d89d04a9a7a7fe007d1e1a4ad4ca45678b5,171c8a10071e49e57f1ac99670ac29bab077435d88812cf047e49e4633e09802,electricity,minnesota,screen,monthly,linear,electricity_pre_tax,False,ok,,0.4,0.5,2025-09-01,6,2026-03-01,0.2327686885304311,0.001780198643740365,4.098557527538812,0.02152924435422032,0.2353511588898365,0.2332936094307813,0.0025824703594053977,0.0025824703594053977,6.669153157207444e-06,0.823643006745191,0.0,600
240066250e4ee2e42e1c3751c59d45a1d74b203fa22051c1b78f82f65734a454,171c8a10071e49e57f1ac99670ac29bab077435d88812cf047e49e4633e09802,electricity,minnesota,screen,monthly,linear,electricity_pre_tax,False,ok,,0.4,0.5,2025-10-01,1,2025-11-01,0.2322166790490753,0.0005398232481321871,5.2458999143692715,0.003003900846822066,0.231929581822876,0.23161018548633686,-0.00028709722619929545,0.00028709722619929545,8.242481729132942e-08,0.8232744057222041,0.0,600
240066250e4ee2e42e1c3751c59d45a1d74b203fa22051c1b78f82f65734a454,171c8a10071e49e57f1ac99670ac29bab077435d88812cf047e49e4633e09802,electricity,minnesota,screen,monthly,linear,electricity_pre_tax,False,ok,,0.4,0.5,2025-10-01,3,2026-01-01,0.2317474709899229,0.0010523027760727206,4.623624981535267,0.010957842205288988,0.23162758537812597,0.23111940652374696,-0.00011988561179693269,0.00011988561179693269,1.4372559915924846e-08,0.8232744057222041,0.0,600
240066250e4ee2e42e1c3751c59d45a1d74b203fa22051c1b78f82f65734a454,171c8a10071e49e57f1ac99670ac29bab077435d88812cf047e49e4633e09802,electricity,minnesota,screen,monthly,linear,electricity_pre_tax,False,ok,,0.4,0.5,2025-10-01,6,2026-04-01,0.2341763127078883,0.0019973641612582903,4.105911763864601,0.016534577990961093,0.23170205086716042,0.23193585139861295,-0.0024742618407278816,0.0024742618407278816,6.121971656482125e-06,0.8232744057222041,0.0,600
b12b7100e07021fbc8987db131f23c595e99d89e27df3fcdc7831908778c8476,171c8a10071e49e57f1ac99670ac29bab077435d88812cf047e49e4633e09802,electricity,minnesota,screen,monthly,linear,electricity_pre_tax,False,ok,,0.4,0.5,2025-11-01,1,2025-12-01,0.2326306861600921,0.0005322085234183353,5.360409365851428,0.0068858320905768045,0.23177849982395113,0.2321236276968274,-0.0008521863361409809,0.0008521863361409809,7.262215515053889e-07,0.8272244385859837,0.0,600
b12b7100e07021fbc8987db131f23c595e99d89e27df3fcdc7831908778c8476,171c8a10071e49e57f1ac99670ac29bab077435d88812cf047e49e4633e09802,electricity,minnesota,screen,monthly,linear,electricity_pre_tax,False,ok,,0.4,0.5,2025-11-01,3,2026-02-01,0.2319406743083974,0.0009211992681704088,4.802654154782331,0.009969746559497549,0.23153642811230915,0.23152102435947336,-0.00040424619608825374,0.00040424619608825374,1.634149870518229e-07,0.8272244385859837,0.0,600
b12b7100e07021fbc8987db131f23c595e99d89e27df3fcdc7831908778c8476,171c8a10071e49e57f1ac99670ac29bab077435d88812cf047e49e4633e09802,electricity,minnesota,screen,monthly,linear,electricity_pre_tax,False,ok,,0.4,0.5,2025-11-01,6,2026-05-01,0.2342867146041594,0.0016772642414004365,4.261226562017999,0.012756515772622504,0.23260804589999556,0.23273426270951142,-0.0016786687041638326,0.0016786687041638326,2.817928618339081e-06,0.8272244385859837,0.0,600
93206ed46db66e923f6913fa0bbe7b2daed1c296743bff4c8e17929ab6fdd4b7,171c8a10071e49e57f1ac99670ac29bab077435d88812cf047e49e4633e09802,electricity,minnesota,screen,monthly,linear,electricity_pre_tax,False,ok,,0.4,0.5,2025-12-01,1,2026-01-01,0.2317474709899229,0.00035035015221204953,5.6623649616719565,0.003296485556535303,0.23183278970895033,0.2318978935139171,8.531871902742183e-05,8.531871902742183e-05,7.2792838164801515e-09,0.822000646555062,0.0,600
93206ed46db66e923f6913fa0bbe7b2daed1c296743bff4c8e17929ab6fdd4b7,171c8a10071e49e57f1ac99670ac29bab077435d88812cf047e49e4633e09802,electricity,minnesota,screen,monthly,linear,electricity_pre_tax,False,ok,,0.4,0.5,2025-12-01,3,2026-03-01,0.2327686885304311,0.0008096091990659445,4.853816306794512,0.006868595222752242,0.2320061764491741,0.23196807597343155,-0.0007625120812569941,0.0007625120812569941,5.814246740628728e-07,0.822000646555062,0.0,600
93206ed46db66e923f6913fa0bbe7b2daed1c296743bff4c8e17929ab6fdd4b7,171c8a10071e49e57f1ac99670ac29bab077435d88812cf047e49e4633e09802,electricity,minnesota,screen,monthly,linear,electricity_pre_tax,False,ok,,0.4,0.5,2025-12-01,6,2026-06-01,0.2399448117880561,0.004341016002463696,3.173759948929673,0.01579155250089854,0.23439970655363557,0.23323917809669698,-0.005545105234420533,0.005545105234420533,3.0748192060797995e-05,0.822000646555062,0.0,600
479abca998b134566d41437669081d4cb835d46cc41a2dac499000a2a62e3ffd,1f379afeb41b777188b3552d67b03a40c79a41ecc3aab710f6482acb2615f372,electricity,minnesota,screen,monthly,linear,electricity_pre_tax,False,ok,,0.4,0.75,2025-07-01,1,2025-08-01,0.2340659108116171,0.0015332978864503624,4.485960520224907,0.00423612961880765,0.23655124635100586,0.23664901521465181,0.002485335539388761,0.002485335539388761,6.176892743348824e-06,0.8267072394458078,0.0,600
479abca998b134566d41437669081d4cb835d46cc41a2dac499000a2a62e3ffd,1f379afeb41b777188b3552d67b03a40c79a41ecc3aab710f6482acb2615f372,electricity,minnesota,screen,monthly,linear,electricity_pre_tax,False,ok,,0.4,0.75,2025-07-01,3,2025-10-01,0.2316646695677195,0.0028898686087143527,3.721024198539167,0.012469076697151736,0.2366860261086535,0.23640329178319527,0.005021356540933997,0.005021356540933997,2.5214021511180633e-05,0.8267072394458078,0.0,600
479abca998b134566d41437669081d4cb835d46cc41a2dac499000a2a62e3ffd,1f379afeb41b777188b3552d67b03a40c79a41ecc3aab710f6482acb2615f372,electricity,minnesota,screen,monthly,linear,electricity_pre_tax,False,ok,,0.4,0.75,2025-07-01,6,2026-01-01,0.2317474709899229,0.00330323410426479,3.6722322437089367,0.02235410407881616,0.2376588214149593,0.23592027493917683,0.005911350425036405,0.005911350425036405,3.494406384757808e-05,0.8267072394458078,0.0,600
2da6cba9d65abef7fa7a3056d1e3e16352823f09c7bec0f7ac2996ba8f898738,1f379afeb41b777188b3552d67b03a40c79a41ecc3aab710f6482acb2615f372,electricity,minnesota,screen,monthly,linear,electricity_pre_tax,False,ok,,0.4,0.75,2025-08-01,1,2025-09-01,0.2329342913748377,0.0007667129039161764,4.992574382870398,0.005679031323412702,0.23376733971607147,0.23395730194317224,0.0008330483412337664,0.0008330483412337664,6.939695388323296e-07,0.8306426706260126,0.0,600
2da6cba9d65abef7fa7a3056d1e3e16352823f09c7bec0f7ac2996ba8f898738,1f379afeb41b777188b3552d67b03a40c79a41ecc3aab710f6482acb2615f372,electricity,minnesota,screen,monthly,linear,electricity_pre_tax,False,ok,,0.4,0.75,2025-08-01,3,2025-11-01,0.2322166790490753,0.0015801798083110701,4.2454202105016385,0.010417356793908516,0.2341501149615694,0.23400121143772984,0.0019334359124940914,0.0019334359124940914,3.73817442772186e-06,0.8306426706260126,0.0,600
2da6cba9d65abef7fa7a3056d1e3e16352823f09c7bec0f7ac2996ba8f898738,1f379afeb41b777188b3552d67b03a40c79a41ecc3aab710f6482acb2615f372,electricity,minnesota,screen,monthly,linear,electricity_pre_tax,False,ok,,0.4,0.75,2025-08-01,6,2026-02-01,0.2319406743083974,0.0024067898484781067,3.7335430723476435,0.017386209377963216,0.23412725672432685,0.23357027162041724,0.00218658241592945,0.00218658241592945,4.78114266165187e-06,0.8306426706260126,0.0,600
697144242b54cc8e066e8632ec81a588890adae73106972da8af58dd03f79c06,1f379afeb41b777188b3552d67b03a40c79a41ecc3aab710f6482acb2615f372,electricity,minnesota,screen,monthly,linear,electricity_pre_tax,False,ok,,0.4,0.75,2025-09-01,1,2025-10-01,0.2316646695677195,0.0007717765452499858,4.957820012184653,0.007139585599086548,0.23306684384219328,0.23277922527779643,0.001402174274473783,0.001402174274473783,1.96609269599608e-06,0.8294350401351932,0.0,600
697144242b54cc8e066e8632ec81a588890adae73106972da8af58dd03f79c06,1f379afeb41b777188b3552d67b03a40c79a41ecc3aab710f6482acb2615f372,electricity,minnesota,screen,monthly,linear,electricity_pre_tax,False,ok,,0.4,0.75,2025-09-01,3,2025-12-01,0.2326306861600921,0.0010926140306719585,4.510831290097041,0.011062136597141116,0.23306407326358292,0.23300598429937663,0.00043338710349080656,0.00043338710349080656,1.8782438147215107e-07,0.8294350401351932,0.0,600
697144242b54cc8e066e8632ec81a588890adae73106972da8af58dd03f79c06,1f379afeb41b777188b3552d67b03a40c79a41ecc3aab710f6482acb2615f372,electricity,minnesota,screen,monthly,linear,electricity_pre_tax,False,ok,,0.4,0.75,2025-09-01,6,2026-03-01,0.2327686885304311,0.0018440134006424682,3.975255027969423,0.014675704708669591,0.23394245106257378,0.2331324339235758,0.0011737625321426859,0.0011737625321426859,1.3777184818620097e-06,0.8294350401351932,0.0,600
d0ca9f6f2b13f72e06e4398fe62610221865e8b0104219a446c3a1048af3fec1,1f379afeb41b777188b3552d67b03a40c79a41ecc3aab710f6482acb2615f372,electricity,minnesota,screen,monthly,linear,electricity_pre_tax,False,ok,,0.4,0.75,2025-10-01,1,2025-11-01,0.2322166790490753,0.0006332960248738324,5.077181107669453,0.005654935133426011,0.2313300283746268,0.23176591282743564,-0.0008866506744485136,0.0008866506744485136,7.861494185000042e-07,0.8269002269420878,0.0,600
d0ca9f6f2b13f72e06e4398fe62610221865e8b0104219a446c3a1048af3fec1,1f379afeb41b777188b3552d67b03a40c79a41ecc3aab710f6482acb2615f372,electricity,minnesota,screen,monthly,linear,electricity_pre_tax,False,ok,,0.4,0.75,2025-10-01,3,2026-01-01,0.2317474709899229,0.0012604667928322946,4.433174846754788,0.011537044512034859,0.23077104966383422,0.2308093288991277,-0.0009764213260886889,0.0009764213260886889,9.533986060407938e-07,0.8269002269420878,0.0,600
d0ca9f6f2b13f72e06e4398fe62610221865e8b0104219a446c3a1048af3fec1,1f379afeb41b777188b3552d67b03a40c79a41ecc3aab710f6482acb2615f372,electricity,minnesota,screen,monthly,linear,electricity_pre_tax,False,ok,,0.4,0.75,2025-10-01,6,2026-04-01,0.2341763127078883,0.002230322639401489,3.9272127728742596,0.014523104750277982,0.2311872226221549,0.23156624539524423,-0.0029890900857333924,0.0029890900857333924,8.934659540629658e-06,0.8269002269420878,0.0,600
1e0d1d6a304c451c011c72e05d2236b6c8c68cc7650fbd0eb3f8cd11345894df,1f379afeb41b777188b3552d67b03a40c79a41ecc3aab710f6482acb2615f372,electricity,minnesota,screen,monthly,linear,electricity_pre_tax,False,ok,,0.4,0.75,2025-11-01,1,2025-12-01,0.2326306861600921,0.0005579359773107545,5.410168326017576,0.005420762462324261,0.23154893787574632,0.23199808464896887,-0.0010817482843457904,0.0010817482843457904,1.170179350685061e-06,0.8300308684143491,0.0,600
1e0d1d6a304c451c011c72e05d2236b6c8c68cc7650fbd0eb3f8cd11345894df,1f379afeb41b777188b3552d67b03a40c79a41ecc3aab710f6482acb2615f372,electricity,minnesota,screen,monthly,linear,electricity_pre_tax,False,ok,,0.4,0.75,2025-11-01,3,2026-02-01,0.2319406743083974,0.0010092493633547337,4.788125017039251,0.010326621626576145,0.23078996117832296,0.2311098493589018,-0.0011507131300744489,0.0011507131300744489,1.3241407077257354e-06,0.8300308684143491,0.0,600
1e0d1d6a304c451c011c72e05d2236b6c8c68cc7650fbd0eb3f8cd11345894df,1f379afeb41b777188b3552d67b03a40c79a41ecc3aab710f6482acb2615f372,electricity,minnesota,screen,monthly,linear,electricity_pre_tax,False,ok,,0.4,0.75,2025-11-01,6,2026-05-01,0.2342867146041594,0.0018355160925756326,4.161963807851475,0.015094026129896614,0.23274030265444443,0.23248473076538811,-0.0015464119497149709,0.0015464119497149709,2.3913899182212574e-06,0.8300308684143491,0.0,600
bbf63b9f016023084af9fbbbb2c91f5dbfc50d5aca9cf8d2ebe0573db2f4da7a,1f379afeb41b777188b3552d67b03a40c79a41ecc3aab710f6482acb2615f372,electricity,minnesota,screen,monthly,linear,electricity_pre_tax,False,ok,,0.4,0.75,2025-12-01,1,2026-01-01,0.2317474709899229,0.0003746125336317474,5.534297414076633,0.003353910817545381,0.23160680376312148,0.2319194784900011,-0.00014066722680142196,0.00014066722680142196,1.9787268696002684e-08,0.8255494205318525,0.0,600
bbf63b9f016023084af9fbbbb2c91f5dbfc50d5aca9cf8d2ebe0573db2f4da7a,1f379afeb41b777188b3552d67b03a40c79a41ecc3aab710f6482acb2615f372,electricity,minnesota,screen,monthly,linear,electricity_pre_tax,False,ok,,0.4,0.75,2025-12-01,3,2026-03-01,0.2327686885304311,0.0008876752552798447,4.8315201357756745,0.009186153646301494,0.2316779388172398,0.23182345849960198,-0.0010907497131912858,0.0010907497131912858,1.1897349368268722e-06,0.8255494205318525,0.0,600
bbf63b9f016023084af9fbbbb2c91f5dbfc50d5aca9cf8d2ebe0573db2f4da7a,1f379afeb41b777188b3552d67b03a40c79a41ecc3aab710f6482acb2615f372,electricity,minnesota,screen,monthly,linear,electricity_pre_tax,False,ok,,0.4,0.75,2025-12-01,6,2026-06-01,0.2399448117880561,0.004426713030690792,3.1187451750853317,0.014708688837768002,0.23395403166408651,0.23320536707821163,-0.005990780123969586,0.005990780123969586,3.5889446493749045e-05,0.8255494205318525,0.0,600
6aee6881e2f13857084194d1561c2ad63a22415573f7a9bd1325a0976f330fa5,11998d1c92f3b3d27b6f88376e5af3bac7118886f9775ed3df851fabbe3bb403,electricity,minnesota,screen,monthly,linear,electricity_pre_tax,False,ok,,0.4,1.0,2025-07-01,1,2025-08-01,0.2340659108116171,0.001452117440347303,4.596610341358934,0.008299352639472549,0.23732770008276133,0.23648342187333932,0.003261789271144233,0.003261789271144233,1.0639269249351628e-05,0.8306511000376504,0.0,600
6aee6881e2f13857084194d1561c2ad63a22415573f7a9bd1325a0976f330fa5,11998d1c92f3b3d27b6f88376e5af3bac7118886f9775ed3df851fabbe3bb403,electricity,minnesota,screen,monthly,linear,electricity_pre_tax,False,ok,,0.4,1.0,2025-07-01,3,2025-10-01,0.2316646695677195,0.0028290449038544576,3.967348501931898,0.015724183979228503,0.23758160912133902,0.23619828173686291,0.005916939553619521,0.005916939553619521,3.501017368118718e-05,0.8306511000376504,0.0,600
6aee6881e2f13857084194d1561c2ad63a22415573f7a9bd1325a0976f330fa5,11998d1c92f3b3d27b6f88376e5af3bac7118886f9775ed3df851fabbe3bb403,electricity,minnesota,screen,monthly,linear,electricity_pre_tax,False,ok,,0.4,1.0,2025-07-01,6,2026-01-01,0.2317474709899229,0.0032630620413719065,3.6648937754945123,0.02449441768563108,0.23795301319414855,0.23596367174032876,0.006205542204225645,0.006205542204225645,3.8508754048425674e-05,0.8306511000376504,0.0,600
bf41d873b8a26837794674e809c0423ed87a5dac8513e11d7e56dabff519ef66,11998d1c92f3b3d27b6f88376e5af3bac7118886f9775ed3df851fabbe3bb403,electricity,minnesota,screen,monthly,linear,electricity_pre_tax,False,ok,,0.4,1.0,2025-08-01,1,2025-09-01,0.2329342913748377,0.0007119216514142256,5.025972470935539,0.004097340929648267,0.23362679768536632,0.23376205091424973,0.0006925063105286122,0.0006925063105286122,4.795649901219507e-07,0.8328658120763869,0.0,600
bf41d873b8a26837794674e809c0423ed87a5dac8513e11d7e56dabff519ef66,11998d1c92f3b3d27b6f88376e5af3bac7118886f9775ed3df851fabbe3bb403,electricity,minnesota,screen,monthly,linear,electricity_pre_tax,False,ok,,0.4,1.0,2025-08-01,3,2025-11-01,0.2322166790490753,0.0012591146122984806,4.434862723589038,0.00926770254274803,0.232574301017029,0.23307261228894083,0.00035762196795369183,0.00035762196795369183,1.2789347196307139e-07,0.8328658120763869,0.0,600
bf41d873b8a26837794674e809c0423ed87a5dac8513e11d7e56dabff519ef66,11998d1c92f3b3d27b6f88376e5af3bac7118886f9775ed3df851fabbe3bb403,electricity,minnesota,screen,monthly,linear,electricity_pre_tax,False,ok,,0.4,1.0,2025-08-01,6,2026-02-01,0.2319406743083974,0.0020733584630425045,3.9315690128976577,0.01745353720023779,0.23278014655844298,0.2327964243782629,0.0008394722500455754,0.0008394722500455754,7.04713658596581e-07,0.8328658120763869,0.0,600
7a4804a75f7be3e2084cd5c513b9008aff24cca1b0c5a7fd69ad604bdc970efc,11998d1c92f3b3d27b6f88376e5af3bac7118886f9775ed3df851fabbe3bb403,electricity,minnesota,screen,monthly,linear,electricity_pre_tax,False,ok,,0.4,1.0,2025-09-01,1,2025-10-01,0.2316646695677195,0.000727577180663728,5.091438342950941,0.009363015071694274,0.23314030559760998,0.23266477674521563,0.0014756360298904814,0.0014756360298904814,2.1775016927109415e-06,0.8323032236047498,0.0,600
7a4804a75f7be3e2084cd5c513b9008aff24cca1b0c5a7fd69ad604bdc970efc,11998d1c92f3b3d27b6f88376e5af3bac7118886f9775ed3df851fabbe3bb403,electricity,minnesota,screen,monthly,linear,electricity_pre_tax,False,ok,,0.4,1.0,2025-09-01,3,2025-12-01,0.2326306861600921,0.0010781129896165718,4.517264935290992,0.011829229007663422,0.23257871133669208,0.23265175399372848,-5.1974823400025016e-05,5.1974823400025016e-05,2.701382267463788e-09,0.8323032236047498,0.0,600
7a4804a75f7be3e2084cd5c513b9008aff24cca1b0c5a7fd69ad604bdc970efc,11998d1c92f3b3d27b6f88376e5af3bac7118886f9775ed3df851fabbe3bb403,electricity,minnesota,screen,monthly,linear,electricity_pre_tax,False,ok,,0.4,1.0,2025-09-01,6,2026-03-01,0.2327686885304311,0.0020397188700924974,3.941520969606067,0.024236051731631684,0.2337375403042828,0.23277137360275557,0.0009688517738516977,0.0009688517738516977,9.386737596955812e-07,0.8323032236047498,0.0,600
5f359c7c099469238847309169ec95a3ebf1129e4ceca9a0470021672834f36f,11998d1c92f3b3d27b6f88376e5af3bac7118886f9775ed3df851fabbe3bb403,electricity,minnesota,screen,monthly,linear,electricity_pre_tax,False,ok,,0.4,1.0,2025-10-01,1,2025-11-01,0.2322166790490753,0.0005945519629848113,5.132565591749387,0.0052053437329048526,0.23186117081577096,0.23168079821089366,-0.00035550823330435244,0.00035550823330435244,1.263861039471819e-07,0.8311435198542703,0.0,600
5f359c7c099469238847309169ec95a3ebf1129e4ceca9a0470021672834f36f,11998d1c92f3b3d27b6f88376e5af3bac7118886f9775ed3df851fabbe3bb403,electricity,minnesota,screen,monthly,linear,electricity_pre_tax,False,ok,,0.4,1.0,2025-10-01,3,2026-01-01,0.2317474709899229,0.001240586312026436,4.442847275749067,0.012182065736342777,0.23146382297462226,0.2310593892527576,-0.0002836480153006471,0.0002836480153006471,8.045619658399613e-08,0.8311435198542703,0.0,600
5f359c7c099469238847309169ec95a3ebf1129e4ceca9a0470021672834f36f,11998d1c92f3b3d27b6f88376e5af3bac7118886f9775ed3df851fabbe3bb403,electricity,minnesota,screen,monthly,linear,electricity_pre_tax,False,ok,,0.4,1.0,2025-10-01,6,2026-04-01,0.2341763127078883,0.0023281419068739307,3.878700380959085,0.017522441649393358,0.2316603303187737,0.2314504474985674,-0.0025159823891146016,0.0025159823891146016,6.330167382334818e-06,0.8311435198542703,0.0,600
39f052bcd092fb07e7b071eb45bec1db3357d678936c7b5c2c1f827d98d0cf93,11998d1c92f3b3d27b6f88376e5af3bac7118886f9775ed3df851fabbe3bb403,electricity,minnesota,screen,monthly,linear,electricity_pre_tax,False,ok,,0.4,1.0,2025-11-01,1,2025-12-01,0.2326306861600921,0.0005512698758440202,5.36820302655217,0.0056558300035295115,0.23143131902561567,0.23198687369123452,-0.0011993671344764367,0.0011993671344764367,1.438481523262219e-06,0.8330245084325856,0.0,600
39f052bcd092fb07e7b071eb45bec1db3357d678936c7b5c2c1f827d98d0cf93,11998d1c92f3b3d27b6f88376e5af3bac7118886f9775ed3df851fabbe3bb403,electricity,minnesota,screen,monthly,linear,electricity_pre_tax,False,ok,,0.4,1.0,2025-11-01,3,2026-02-01,0.2319406743083974,0.0009681736560847205,4.758949193255511,0.00861194221958273,0.230988080143156,0.23107986568114736,-0.0009525941652414049,0.0009525941652414049,9.074356436519691e-07,0.8330245084325856,0.0,600
39f052bcd092fb07e7b071eb45bec1db3357d678936c7b5c2c1f827d98d0cf93,11998d1c92f3b3d27b6f88376e5af3bac7118886f9775ed3df851fabbe3bb403,electricity,minnesota,screen,monthly,linear,electricity_pre_tax,False,ok,,0.4,1.0,2025-11-01,6,2026-05-01,0.2342867146041594,0.0017824599839058814,4.23833014319079,0.012325186830940917,0.23210143355560903,0.2322943215028619,-0.0021852810485503693,0.0021852810485503693,4.775453261153402e-06,0.8330245084325856,0.0,600
a2cb824ee1f1d4f2e0125cf49ae2085848c0737cc309d9bb8919cbe3a9418139,11998d1c92f3b3d27b6f88376e5af3bac7118886f9775ed3df851fabbe3bb403,electricity,minnesota,screen,monthly,linear,electricity_pre_tax,False,ok,,0.4,1.0,2025-12-01,1,2026-01-01,0.2317474709899229,0.00039481410332089075,5.498459756574061,0.0024774357705600585,0.23170359144104574,0.23172406007152774,-4.387954887716261e-05,4.387954887716261e-05,1.9254148096633023e-09,0.8293516168550679,0.0,600
a2cb824ee1f1d4f2e0125cf49ae2085848c0737cc309d9bb8919cbe3a9418139,11998d1c92f3b3d27b6f88376e5af3bac7118886f9775ed3df851fabbe3bb403,electricity,minnesota,screen,monthly,linear,electricity_pre_tax,False,ok,,0.4,1.0,2025-12-01,3,2026-03-01,0.2327686885304311,0.0009348978950953534,4.822816531139793,0.00768167134792198,0.23166735244503628,0.23160882846147823,-0.0011013360853948106,0.0011013360853948106,1.2129411729927657e-06,0.8293516168550679,0.0,600
a2cb824ee1f1d4f2e0125cf49ae2085848c0737cc309d9bb8919cbe3a9418139,11998d1c92f3b3d27b6f88376e5af3bac7118886f9775ed3df851fabbe3bb403,electricity,minnesota,screen,monthly,linear,electricity_pre_tax,False,ok,,0.4,1.0,2025-12-01,6,2026-06-01,0.2399448117880561,0.004565483235764319,3.068682408172865,0.014175276296350401,0.23346151785179653,0.2329545460809609,-0.006483293936259571,0.006483293936259571,4.2033100263940124e-05,0.8293516168550679,0.0,600
ae70dfdfbbc6b119b5df3eb2a9294437c4eaaf6cd83d684c583656b0b6e42b40,f19c68f1833a3838f2534c6f5473673b10bedbcc99f3bb2afdd617342eed154c,electricity,minnesota,screen,monthly,linear,electricity_pre_tax,False,ok,,0.6,0.25,2025-07-01,1,2025-08-01,0.2340659108116171,0.0011930681964892435,4.725511105867923,0.007577093853587705,0.23616991500948245,0.2360118318179506,0.0021040041978653556,0.0021040041978653556,4.426833664635038e-06,0.8391290195555575,0.0,600
ae70dfdfbbc6b119b5df3eb2a9294437c4eaaf6cd83d684c583656b0b6e42b40,f19c68f1833a3838f2534c6f5473673b10bedbcc99f3bb2afdd617342eed154c,electricity,minnesota,screen,monthly,linear,electricity_pre_tax,False,ok,,0.6,0.25,2025-07-01,3,2025-10-01,0.2316646695677195,0.002680568746997354,3.9321023504132135,0.014322230441581018,0.23702012084992286,0.23587834626388565,0.005355451282203355,0.005355451282203355,2.868085843605356e-05,0.8391290195555575,0.0,600
ae70dfdfbbc6b119b5df3eb2a9294437c4eaaf6cd83d684c583656b0b6e42b40,f19c68f1833a3838f2534c6f5473673b10bedbcc99f3bb2afdd617342eed154c,electricity,minnesota,screen,monthly,linear,electricity_pre_tax,False,ok,,0.6,0.25,2025-07-01,6,2026-01-01,0.2317474709899229,0.002723210920750608,3.762215422592657,0.018317800374500738,0.23626617753705167,0.23513980744293211,0.00451870654712877,0.00451870654712877,2.0418708859064413e-05,0.8391290195555575,0.0,600
7859d38929031374ef7d8190613139cc21542a97d14df93c1e530d0619b486c4,f19c68f1833a3838f2534c6f5473673b10bedbcc99f3bb2afdd617342eed154c,electricity,minnesota,screen,monthly,linear,electricity_pre_tax,False,ok,,0.6,0.25,2025-08-01,1,2025-09-01,0.2329342913748377,0.0006902847943728778,5.119694090647247,0.004446951217346564,0.23357876503188507,0.23396384157976607,0.0006444736570473675,0.0006444736570473675,4.1534629462800783e-07,0.8423191209880796,0.0,600
7859d38929031374ef7d8190613139cc21542a97d14df93c1e530d0619b486c4,f19c68f1833a3838f2534c6f5473673b10bedbcc99f3bb2afdd617342eed154c,electricity,minnesota,screen,monthly,linear,electricity_pre_tax,False,ok,,0.6,0.25,2025-08-01,3,2025-11-01,0.2322166790490753,0.001295946211431323,4.411248591550171,0.01244329485967989,0.23357719875085847,0.23344223159044764,0.0013605197017831638,0.0013605197017831638,1.851013858940149e-06,0.8423191209880796,0.0,600
7859d38929031374ef7d8190613139cc21542a97d14df93c1e530d0619b486c4,f19c68f1833a3838f2534c6f5473673b10bedbcc99f3bb2afdd617342eed154c,electricity,minnesota,screen,monthly,linear,electricity_pre_tax,False,ok,,0.6,0.25,2025-08-01,6,2026-02-01,0.2319406743083974,0.0019333309712070354,4.01661546736808,0.017348072381078897,0.2324060474543343,0.23282449096328717,0.0004653731459368926,0.0004653731459368926,2.1657216495920033e-07,0.8423191209880796,0.0,600
986da47d13d1981320bacf67cf0753dbe1ddff700ea1c1378c68d2d175b20d90,f19c68f1833a3838f2534c6f5473673b10bedbcc99f3bb2afdd617342eed154c,electricity,minnesota,screen,monthly,linear,electricity_pre_tax,False,ok,,0.6,0.25,2025-09-01,1,2025-10-01,0.2316646695677195,0.0007941101299646031,5.031643301051924,0.0063429566329480155,0.23282228011716266,0.23281559296695853,0.001157610549443161,0.001157610549443161,1.3400621841820972e-06,0.8413956370260771,0.0,600
986da47d13d1981320bacf67cf0753dbe1ddff700ea1c1378c68d2d175b20d90,f19c68f1833a3838f2534c6f5473673b10bedbcc99f3bb2afdd617342eed154c,electricity,minnesota,screen,monthly,linear,electricity_pre_tax,False,ok,,0.6,0.25,2025-09-01,3,2025-12-01,0.2326306861600921,0.0010798573097833743,4.565348042181153,0.010815695804303221,0.23317094793508933,0.23289725436596648,0.0005402617749972194,0.0005402617749972194,2.918827855231461e-07,0.8413956370260771,0.0,600
986da47d13d1981320bacf67cf0753dbe1ddff700ea1c1378c68d2d175b20d90,f19c68f1833a3838f2534c6f5473673b10bedbcc99f3bb2afdd617342eed154c,electricity,minnesota,screen,monthly,linear,electricity_pre_tax,False,ok,,0.6,0.25,2025-09-01,6,2026-03-01,0.2327686885304311,0.001879478532539015,4.054330557516661,0.01797710347793231,0.23405544462009323,0.23307310911932688,0.0012867560896621388,0.0012867560896621388,1.6557412342825983e-06,0.8413956370260771,0.0,600
afe874bd707b6d5672d8010408c3eadbeb9af91a06f022a4d8ccdef7157e51d5,f19c68f1833a3838f2534c6f5473673b10bedbcc99f3bb2afdd617342eed154c,electricity,minnesota,screen,monthly,linear,electricity_pre_tax,False,ok,,0.6,0.25,2025-10-01,1,2025-11-01,0.2322166790490753,0.000587146894109763,5.173976094037441,0.006016878170112708,0.23128640531865674,0.23188491117302523,-0.0009302737304185682,0.0009302737304185682,8.654092135068789e-07,0.8381099963900911,0.0,600
afe874bd707b6d5672d8010408c3eadbeb9af91a06f022a4d8ccdef7157e51d5,f19c68f1833a3838f2534c6f5473673b10bedbcc99f3bb2afdd617342eed154c,electricity,minnesota,screen,monthly,linear,electricity_pre_tax,False,ok,,0.6,0.25,2025-10-01,3,2026-01-01,0.2317474709899229,0.0012138482939541596,4.532349575958904,0.011987953787431855,0.2313762441116388,0.2314278387072366,-0.0003712268782841144,0.0003712268782841144,1.3780939516056866e-07,0.8381099963900911,0.0,600
afe874bd707b6d5672d8010408c3eadbeb9af91a06f022a4d8ccdef7157e51d5,f19c68f1833a3838f2534c6f5473673b10bedbcc99f3bb2afdd617342eed154c,electricity,minnesota,screen,monthly,linear,electricity_pre_tax,False,ok,,0.6,0.25,2025-10-01,6,2026-04-01,0.2341763127078883,0.0021877844908877314,4.013049760585618,0.01979111305755563,0.2308281778649256,0.23243621460126324,-0.0033481348429627023,0.0033481348429627023,1.1210006926660879e-05,0.8381099963900911,0.0,600
6a32634a18d9e5d502f0416ea06da776d6813911695265fa43e73f410e99bbd4,f19c68f1833a3838f2534c6f5473673b10bedbcc99f3bb2afdd617342eed154c,electricity,minnesota,screen,monthly,linear,electricity_pre_tax,False,ok,,0.6,0.25,2025-11-01,1,2025-12-01,0.2326306861600921,0.0004823479470489481,5.3998294107557285,0.006261521325445513,0.23203583292166793,0.23227095017669674,-0.0005948532384241756,0.0005948532384241756,3.538503752637291e-07,0.8448900347979669,0.0,600
6a32634a18d9e5d502f0416ea06da776d6813911695265fa43e73f410e99bbd4,f19c68f1833a3838f2534c6f5473673b10bedbcc99f3bb2afdd617342eed154c,electricity,minnesota,screen,monthly,linear,electricity_pre_tax,False,ok,,0.6,0.25,2025-11-01,3,2026-02-01,0.2319406743083974,0.0008702812026274561,4.809867271225791,0.008913698364945941,0.2314215239319869,0.23135875735326322,-0.0005191503764105099,0.0005191503764105099,2.695171133271741e-07,0.8448900347979669,0.0,600
6a32634a18d9e5d502f0416ea06da776d6813911695265fa43e73f410e99bbd4,f19c68f1833a3838f2534c6f5473673b10bedbcc99f3bb2afdd617342eed154c,electricity,minnesota,screen,monthly,linear,electricity_pre_tax,False,ok,,0.6,0.25,2025-11-01,6,2026-05-01,0.2342867146041594,0.0016260969258527222,4.337194430384979,0.012325799689271343,0.2320512487386659,0.23279364826243262,-0.0022354658654935022,0.0022354658654935022,4.997307635786613e-06,0.8448900347979669,0.0,600
80ec81b9291fabc9067b58c6b5a2d76aa77d41eb12e091bbe4ca275583248604,f19c68f1833a3838f2534c6f5473673b10bedbcc99f3bb2afdd617342eed154c,electricity,minnesota,screen,monthly,linear,electricity_pre_tax,False,ok,,0.6,0.25,2025-12-01,1,2026-01-01,0.2317474709899229,0.00041957005374536837,5.514602388333001,0.003016495043780217,0.23217944651929937,0.2320405670723651,0.00043197552937646044,0.00043197552937646044,1.8660285798007324e-07,0.8347855098444779,0.0,600
80ec81b9291fabc9067b58c6b5a2d76aa77d41eb12e091bbe4ca275583248604,f19c68f1833a3838f2534c6f5473673b10bedbcc99f3bb2afdd617342eed154c,electricity,minnesota,screen,monthly,linear,electricity_pre_tax,False,ok,,0.6,0.25,2025-12-01,3,2026-03-01,0.2327686885304311,0.000773795431370856,4.940811901826933,0.007111294523352055,0.2322884972367071,0.2320959465406331,-0.0004801912937239805,0.0004801912937239805,2.3058367856831013e-07,0.8347855098444779,0.0,600
80ec81b9291fabc9067b58c6b5a2d76aa77d41eb12e091bbe4ca275583248604,f19c68f1833a3838f2534c6f5473673b10bedbcc99f3bb2afdd617342eed154c,electricity,minnesota,screen,monthly,linear,electricity_pre_tax,False,ok,,0.6,0.25,2025-12-01,6,2026-06-01,0.2399448117880561,0.004293956992598498,3.18073402871676,0.011178180241713302,0.23352236872883367,0.23340794699885925,-0.006422443059222432,0.006422443059222432,4.1247774848954395e-05,0.8347855098444779,0.0,600
ab1dac9566be27aa8392370395a5d31bc1bc797266d59b206954ac9886e31082,16afb08d0d80a852fd4db3e793eee5b4571c7665a9717ca9818469ace67f5413,electricity,minnesota,screen,monthly,linear,electricity_pre_tax,False,ok,,0.6,0.5,2025-07-01,1,2025-08-01,0.2340659108116171,0.0014036679482912493,4.62906193608039,0.007878621354724743,0.23709191071797922,0.2362799016627652,0.0030259999063621257,0.0030259999063621257,9.156675433303594e-06,0.8407033495829681,0.0,600
ab1dac9566be27aa8392370395a5d31bc1bc797266d59b206954ac9886e31082,16afb08d0d80a852fd4db3e793eee5b4571c7665a9717ca9818469ace67f5413,electricity,minnesota,screen,monthly,linear,electricity_pre_tax,False,ok,,0.6,0.5,2025-07-01,3,2025-10-01,0.2316646695677195,0.002779849831429985,3.9533921126099365,0.01364764056019259,0.23729012075835898,0.2360125858854739,0.00562545119063948,0.00562545119063948,3.164570109826714e-05,0.8407033495829681,0.0,600
ab1dac9566be27aa8392370395a5d31bc1bc797266d59b206954ac9886e31082,16afb08d0d80a852fd4db3e793eee5b4571c7665a9717ca9818469ace67f5413,electricity,minnesota,screen,monthly,linear,electricity_pre_tax,False,ok,,0.6,0.5,2025-07-01,6,2026-01-01,0.2317474709899229,0.0031099141051443135,3.700532378200876,0.02225463927110014,0.23790697301095662,0.235797667796646,0.006159502021033714,0.006159502021033714,3.7939465147118404e-05,0.8407033495829681,0.0,600
fbd81561a559df52c4edbf803757d2f952b71cc3e372dcc222f2e2785ac086e2,16afb08d0d80a852fd4db3e793eee5b4571c7665a9717ca9818469ace67f5413,electricity,minnesota,screen,monthly,linear,electricity_pre_tax,False,ok,,0.6,0.5,2025-08-01,1,2025-09-01,0.2329342913748377,0.0006439269479422212,5.0992972805252865,0.005769258078246782,0.23382896269472808,0.23366844358568412,0.0008946713198903777,0.0008946713198903777,8.004367706343906e-07,0.8467443359610753,0.0,600
fbd81561a559df52c4edbf803757d2f952b71cc3e372dcc222f2e2785ac086e2,16afb08d0d80a852fd4db3e793eee5b4571c7665a9717ca9818469ace67f5413,electricity,minnesota,screen,monthly,linear,electricity_pre_tax,False,ok,,0.6,0.5,2025-08-01,3,2025-11-01,0.2322166790490753,0.0013883246004343678,4.346636632032951,0.01098414391063621,0.23452351032011937,0.23364629590152194,0.0023068312710440575,0.0023068312710440575,5.321470513066742e-06,0.8467443359610753,0.0,600
fbd81561a559df52c4edbf803757d2f952b71cc3e372dcc222f2e2785ac086e2,16afb08d0d80a852fd4db3e793eee5b4571c7665a9717ca9818469ace67f5413,electricity,minnesota,screen,monthly,linear,electricity_pre_tax,False,ok,,0.6,0.5,2025-08-01,6,2026-02-01,0.2319406743083974,0.0022658587714269665,3.861462501138238,0.018445122361501632,0.23407049968756422,0.23320111983820196,0.002129825379166811,0.002129825379166811,4.53615614574305e-06,0.8467443359610753,0.0,600
cb103de1f4192df946414b8b3515870c37cbe74dc6692ecc81f103836cc6c7d7,16afb08d0d80a852fd4db3e793eee5b4571c7665a9717ca9818469ace67f5413,electricity,minnesota,screen,monthly,linear,electricity_pre_tax,False,ok,,0.6,0.5,2025-09-01,1,2025-10-01,0.2316646695677195,0.0007364578347263404,5.094976451829849,0.007070904975760235,0.23283291869246672,0.23275848571846175,0.0011682491247472226,0.0011682491247472226,1.3648060174726518e-06,0.8449908158058158,0.0,600
cb103de1f4192df946414b8b3515870c37cbe74dc6692ecc81f103836cc6c7d7,16afb08d0d80a852fd4db3e793eee5b4571c7665a9717ca9818469ace67f5413,electricity,minnesota,screen,monthly,linear,electricity_pre_tax,False,ok,,0.6,0.5,2025-09-01,3,2025-12-01,0.2326306861600921,0.00117190944372254,4.437043451436217,0.013366649080150525,0.23293612477945885,0.2328777611710574,0.00030543861936674355,0.00030543861936674355,9.329275020066244e-08,0.8449908158058158,0.0,600
cb103de1f4192df946414b8b3515870c37cbe74dc6692ecc81f103836cc6c7d7,16afb08d0d80a852fd4db3e793eee5b4571c7665a9717ca9818469ace67f5413,electricity,minnesota,screen,monthly,linear,electricity_pre_tax,False,ok,,0.6,0.5,2025-09-01,6,2026-03-01,0.2327686885304311,0.0018207537763189037,4.009033303633775,0.018608965533894562,0.23425477958094543,0.23256652482728127,0.0014860910505143377,0.0014860910505143377,2.2084666104188077e-06,0.8449908158058158,0.0,600
4de5a028dabc30f865e3b390c62dd2199cb7dae6161f0405fa34188e5ce114e4,16afb08d0d80a852fd4db3e793eee5b4571c7665a9717ca9818469ace67f5413,electricity,minnesota,screen,monthly,linear,electricity_pre_tax,False,ok,,0.6,0.5,2025-10-01,1,2025-11-01,0.2322166790490753,0.0005268726383341024,5.284979137593057,0.007008724205213192,0.23168810069733722,0.23188371648176434,-0.0005285783517380849,0.0005285783517380849,2.793950739261506e-07,0.8414285178894674,0.0,600
4de5a028dabc30f865e3b390c62dd2199cb7dae6161f0405fa34188e5ce114e4,16afb08d0d80a852fd4db3e793eee5b4571c7665a9717ca9818469ace67f5413,electricity,minnesota,screen,monthly,linear,electricity_pre_tax,False,ok,,0.6,0.5,2025-10-01,3,2026-01-01,0.2317474709899229,0.0010651524030873471,4.600831191765945,0.011441903360012865,0.2310012574665399,0.2313025846218475,-0.0007462135233829992,0.0007462135233829992,5.568346224796698e-07,0.8414285178894674,0.0,600
4de5a028dabc30f865e3b390c62dd2199cb7dae6161f0405fa34188e5ce114e4,16afb08d0d80a852fd4db3e793eee5b4571c7665a9717ca9818469ace67f5413,electricity,minnesota,screen,monthly,linear,electricity_pre_tax,False,ok,,0.6,0.5,2025-10-01,6,2026-04-01,0.2341763127078883,0.001964542573672414,4.161335423056702,0.015445374167328179,0.23144050688134224,0.23257228615664424,-0.0027358058265460616,0.0027358058265460616,7.484633520563379e-06,0.8414285178894674,0.0,600
759c7841bb7da1526590db5596b9df7590add7fbffc631a1e44c3f51b3b6e16e,16afb08d0d80a852fd4db3e793eee5b4571c7665a9717ca9818469ace67f5413,electricity,minnesota,screen,monthly,linear,electricity_pre_tax,False,ok,,0.6,0.5,2025-11-01,1,2025-12-01,0.2326306861600921,0.0004932777603508681,5.484717579383265,0.004394423422160231,0.231825604661429,0.23208628053843502,-0.0008050814986630961,0.0008050814986630961,6.481562194896168e-07,0.8460923099093418,0.0,600
759c7841bb7da1526590db5596b9df7590add7fbffc631a1e44c3f51b3b6e16e,16afb08d0d80a852fd4db3e793eee5b4571c7665a9717ca9818469ace67f5413,electricity,minnesota,screen,monthly,linear,electricity_pre_tax,False,ok,,0.6,0.5,2025-11-01,3,2026-02-01,0.2319406743083974,0.001011947384326587,4.721936435149843,0.007856876739411116,0.23073245424269762,0.2310498296788346,-0.0012082200656997888,0.0012082200656997888,1.459795727159602e-06,0.8460923099093418,0.0,600
759c7841bb7da1526590db5596b9df7590add7fbffc631a1e44c3f51b3b6e16e,16afb08d0d80a852fd4db3e793eee5b4571c7665a9717ca9818469ace67f5413,electricity,minnesota,screen,monthly,linear,electricity_pre_tax,False,ok,,0.6,0.5,2025-11-01,6,2026-05-01,0.2342867146041594,0.001921564831713016,4.048655627076307,0.011624017990432426,0.23190068228256033,0.23206154210015467,-0.002386032321599063,0.002386032321599063,5.693150239715415e-06,0.8460923099093418,0.0,600
505311b5c5da27171ffe937ba961e19724777d4d8830cefeb92f8690d1d74068,16afb08d0d80a852fd4db3e793eee5b4571c7665a9717ca9818469ace67f5413,electricity,minnesota,screen,monthly,linear,electricity_pre_tax,False,ok,,0.6,0.5,2025-12-01,1,2026-01-01,0.2317474709899229,0.0003507983260459316,5.669419022579781,0.004449698896448931,0.23187163798814428,0.23184834346943695,0.00012416699822137556,0.00012416699822137556,1.5417443447307082e-08,0.8407903272073629,0.0008326394671107411,600
505311b5c5da27171ffe937ba961e19724777d4d8830cefeb92f8690d1d74068,16afb08d0d80a852fd4db3e793eee5b4571c7665a9717ca9818469ace67f5413,electricity,minnesota,screen,monthly,linear,electricity_pre_tax,False,ok,,0.6,0.5,2025-12-01,3,2026-03-01,0.2327686885304311,0.0008398435288820218,4.854480267111075,0.00800060958835267,0.2320751388293443,0.23206126125356713,-0.0006935497010867875,0.0006935497010867875,4.810111878775723e-07,0.8407903272073629,0.0008326394671107411,600
505311b5c5da27171ffe937ba961e19724777d4d8830cefeb92f8690d1d74068,16afb08d0d80a852fd4db3e793eee5b4571c7665a9717ca9818469ace67f5413,electricity,minnesota,screen,monthly,linear,electricity_pre_tax,False,ok,,0.6,0.5,2025-12-01,6,2026-06-01,0.2399448117880561,0.004193381674437799,3.3215765382388724,0.012144670883170882,0.23406213860445618,0.2332590143443582,-0.005882673183599918,0.005882673183599918,3.4605843785045596e-05,0.8407903272073629,0.0008326394671107411,600
ee0aa192a2d60698fe6a2b4ea9d0f3433f05a6bfaf31b36ed06d7092e34d18b1,90a64a244430029473a9447673ea534a2a718f0a1d3ee463db92930032e500f1,electricity,minnesota,screen,monthly,linear,electricity_pre_tax,False,ok,,0.6,0.75,2025-07-01,1,2025-08-01,0.2340659108116171,0.0014952060075317441,4.465564078742284,0.007759543281452782,0.23642152593190555,0.2364580318076589,0.002355615120288451,0.002355615120288451,5.548922594931574e-06,0.8465247229404406,0.0,600
ee0aa192a2d60698fe6a2b4ea9d0f3433f05a6bfaf31b36ed06d7092e34d18b1,90a64a244430029473a9447673ea534a2a718f0a1d3ee463db92930032e500f1,electricity,minnesota,screen,monthly,linear,electricity_pre_tax,False,ok,,0.6,0.75,2025-07-01,3,2025-10-01,0.2316646695677195,0.0030716129206849177,3.8097580545017244,0.015675894164158474,0.23732341052439873,0.2367222554134027,0.005658740956679231,0.005658740956679231,3.202134921479898e-05,0.8465247229404406,0.0,600
ee0aa192a2d60698fe6a2b4ea9d0f3433f05a6bfaf31b36ed06d7092e34d18b1,90a64a244430029473a9447673ea534a2a718f0a1d3ee463db92930032e500f1,electricity,minnesota,screen,monthly,linear,electricity_pre_tax,False,ok,,0.6,0.75,2025-07-01,6,2026-01-01,0.2317474709899229,0.0027547809138094136,3.770297479347141,0.020821422679805534,0.23519227274895996,0.2350189285033671,0.0034448017590370528,0.0034448017590370528,1.1866659159064773e-05,0.8465247229404406,0.0,600
334156fea988860d06a7a34e6fe3c231b804c3f7ad3f5ddcb8187135a1671223,90a64a244430029473a9447673ea534a2a718f0a1d3ee463db92930032e500f1,electricity,minnesota,screen,monthly,linear,electricity_pre_tax,False,ok,,0.6,0.75,2025-08-01,1,2025-09-01,0.2329342913748377,0.0006688415950278567,5.080808404054995,0.004517257585520943,0.23354670653682377,0.23376111862999238,0.0006124151619860685,0.0006124151619860685,3.7505233063042253e-07,0.8485504413399445,0.0,600
334156fea988860d06a7a34e6fe3c231b804c3f7ad3f5ddcb8187135a1671223,90a64a244430029473a9447673ea534a2a718f0a1d3ee463db92930032e500f1,electricity,minnesota,screen,monthly,linear,electricity_pre_tax,False,ok,,0.6,0.75,2025-08-01,3,2025-11-01,0.2322166790490753,0.001319674665763341,4.3717141514746345,0.00985448372689376,0.2334206575532307,0.23348418984194586,0.0012039785041553785,0.0012039785041553785,1.4495642384682228e-06,0.8485504413399445,0.0,600
334156fea988860d06a7a34e6fe3c231b804c3f7ad3f5ddcb8187135a1671223,90a64a244430029473a9447673ea534a2a718f0a1d3ee463db92930032e500f1,electricity,minnesota,screen,monthly,linear,electricity_pre_tax,False,ok,,0.6,0.75,2025-08-01,6,2026-02-01,0.2319406743083974,0.0020223265069018734,3.9179035172122134,0.015883223813750232,0.23214781467940857,0.2322322881288942,0.00020714037101116078,0.00020714037101116078,4.290713330264134e-08,0.8485504413399445,0.0,600
c9d03fd744dd7345f4742f7b6a927cafe6a2145763c37bf658aa72e721b5fe9e,90a64a244430029473a9447673ea534a2a718f0a1d3ee463db92930032e500f1,electricity,minnesota,screen,monthly,linear,electricity_pre_tax,False,ok,,0.6,0.75,2025-09-01,1,2025-10-01,0.2316646695677195,0.0007251460008169887,5.054379762766189,0.009288574505428583,0.23280517000289053,0.232645911694021,0.0011405004351710268,0.0011405004351710268,1.3007412426253015e-06,0.8492412433773879,0.0,600
c9d03fd744dd7345f4742f7b6a927cafe6a2145763c37bf658aa72e721b5fe9e,90a64a244430029473a9447673ea534a2a718f0a1d3ee463db92930032e500f1,electricity,minnesota,screen,monthly,linear,electricity_pre_tax,False,ok,,0.6,0.75,2025-09-01,3,2025-12-01,0.2326306861600921,0.0012476923369188417,4.388704106091785,0.012385222591609056,0.23274251878018948,0.2325591457652535,0.0001118326200973685,0.0001118326200973685,1.2506534917842348e-08,0.8492412433773879,0.0,600
c9d03fd744dd7345f4742f7b6a927cafe6a2145763c37bf658aa72e721b5fe9e,90a64a244430029473a9447673ea534a2a718f0a1d3ee463db92930032e500f1,electricity,minnesota,screen,monthly,linear,electricity_pre_tax,False,ok,,0.6,0.75,2025-09-01,6,2026-03-01,0.2327686885304311,0.002124063694240363,3.900859275424512,0.01590128852679963,0.23227338060872257,0.2319867672978719,-0.0004953079217085155,0.0004953079217085155,2.4532993730720887e-07,0.8492412433773879,0.0,600
b0ae1a3665baa5d5d27b55997e32a33b213e6688c9b6106de9d12da01c466a13,90a64a244430029473a9447673ea534a2a718f0a1d3ee463db92930032e500f1,electricity,minnesota,screen,monthly,linear,electricity_pre_tax,False,ok,,0.6,0.75,2025-10-01,1,2025-11-01,0.2322166790490753,0.0005837773065125525,5.179506377298006,0.006235958116163913,0.23145887064477763,0.23174070891443097,-0.0007578084042976774,0.0007578084042976774,5.74273577624192e-07,0.8453705188911105,0.0,600
b0ae1a3665baa5d5d27b55997e32a33b213e6688c9b6106de9d12da01c466a13,90a64a244430029473a9447673ea534a2a718f0a1d3ee463db92930032e500f1,electricity,minnesota,screen,monthly,linear,electricity_pre_tax,False,ok,,0.6,0.75,2025-10-01,3,2026-01-01,0.2317474709899229,0.0011274976789853253,4.544460694649334,0.010297832801077518,0.2307515447557542,0.23105221152267955,-0.0009959262341686925,0.0009959262341686925,9.918690639054334e-07,0.8453705188911105,0.0,600
b0ae1a3665baa5d5d27b55997e32a33b213e6688c9b6106de9d12da01c466a13,90a64a244430029473a9447673ea534a2a718f0a1d3ee463db92930032e500f1,electricity,minnesota,screen,monthly,linear,electricity_pre_tax,False,ok,,0.6,0.75,2025-10-01,6,2026-04-01,0.2341763127078883,0.001980786631973837,4.1189325042297416,0.01574223042874773,0.23118253959583143,0.2326312252067652,-0.002993773112056869,0.002993773112056869,8.96267744647467e-06,0.8453705188911105,0.0,600
cc17c727734c4fbf049b30237dd894b23f082e08919f909bb448063ac4ac6074,90a64a244430029473a9447673ea534a2a718f0a1d3ee463db92930032e500f1,electricity,minnesota,screen,monthly,linear,electricity_pre_tax,False,ok,,0.6,0.75,2025-11-01,1,2025-12-01,0.2326306861600921,0.0005480527257865839,5.264351638998537,0.004583129804934437,0.23181245445543386,0.23197571967409325,-0.000818231704658251,0.000818231704658251,6.695031225079473e-07,0.8490307331084528,0.0,600
cc17c727734c4fbf049b30237dd894b23f082e08919f909bb448063ac4ac6074,90a64a244430029473a9447673ea534a2a718f0a1d3ee463db92930032e500f1,electricity,minnesota,screen,monthly,linear,electricity_pre_tax,False,ok,,0.6,0.75,2025-11-01,3,2026-02-01,0.2319406743083974,0.0008947645168331103,4.7706560002229565,0.007430852262042348,0.23118629975298366,0.2311974723687209,-0.0007543745554137449,0.0007543745554137449,5.690809698556853e-07,0.8490307331084528,0.0,600
cc17c727734c4fbf049b30237dd894b23f082e08919f909bb448063ac4ac6074,90a64a244430029473a9447673ea534a2a718f0a1d3ee463db92930032e500f1,electricity,minnesota,screen,monthly,linear,electricity_pre_tax,False,ok,,0.6,0.75,2025-11-01,6,2026-05-01,0.2342867146041594,0.0017443241222600816,4.1551212607449095,0.011561144450747183,0.23217152124870466,0.23211598959529223,-0.0021151933554547364,0.0021151933554547364,4.4740429309598666e-06,0.8490307331084528,0.0,600
227933333a94348ee404df1fa14c6c68f60333ed50e720f7261aee6be4026f78,90a64a244430029473a9447673ea534a2a718f0a1d3ee463db92930032e500f1,electricity,minnesota,screen,monthly,linear,electricity_pre_tax,False,ok,,0.6,0.75,2025-12-01,1,2026-01-01,0.2317474709899229,0.0004009462543550363,5.528765743864902,0.0035486209125700427,0.2316473957558253,0.23172767118494952,-0.00010007523409760744,0.00010007523409760744,1.001505247969093e-08,0.8451996456509785,0.0,600
227933333a94348ee404df1fa14c6c68f60333ed50e720f7261aee6be4026f78,90a64a244430029473a9447673ea534a2a718f0a1d3ee463db92930032e500f1,electricity,minnesota,screen,monthly,linear,electricity_pre_tax,False,ok,,0.6,0.75,2025-12-01,3,2026-03-01,0.2327686885304311,0.0010105123429153856,4.696858340488468,0.007366335313041743,0.2318188315929562,0.23156309719215912,-0.0009498569374749022,0.0009498569374749022,9.022282016692002e-07,0.8451996456509785,0.0,600
227933333a94348ee404df1fa14c6c68f60333ed50e720f7261aee6be4026f78,90a64a244430029473a9447673ea534a2a718f0a1d3ee463db92930032e500f1,electricity,minnesota,screen,monthly,linear,electricity_pre_tax,False,ok,,0.6,0.75,2025-12-01,6,2026-06-01,0.2399448117880561,0.004472613579298729,3.121152409128225,0.01494988957065657,0.23419277374221603,0.23287876507094785,-0.005752038045840069,0.005752038045840069,3.308594168079164e-05,0.8451996456509785,0.0,600
964887adf16c29b8ea77532e5024101730988729dae7c1b9b8850fbd8ee272b2,f4cfcdb12c43c3a964d63f9da00ec4cd0b9269174fc4b2839e6f34bf518dd9fe,electricity,minnesota,screen,monthly,linear,electricity_pre_tax,False,ok,,0.6,1.0,2025-07-01,1,2025-08-01,0.2340659108116171,0.0016863155291378853,4.344314287266091,0.005955553448302537,0.23684172424297661,0.236804247060189,0.0027758134313595195,0.0027758134313595195,7.70514020571591e-06,0.8471929522032715,0.0,600
964887adf16c29b8ea77532e5024101730988729dae7c1b9b8850fbd8ee272b2,f4cfcdb12c43c3a964d63f9da00ec4cd0b9269174fc4b2839e6f34bf518dd9fe,electricity,minnesota,screen,monthly,linear,electricity_pre_tax,False,ok,,0.6,1.0,2025-07-01,3,2025-10-01,0.2316646695677195,0.003020060973589478,3.5067601117472,0.0128438228859985,0.23643218536807248,0.23638275660453414,0.004767515800352978,0.004767515800352978,2.27292069066153e-05,0.8471929522032715,0.0,600
964887adf16c29b8ea77532e5024101730988729dae7c1b9b8850fbd8ee272b2,f4cfcdb12c43c3a964d63f9da00ec4cd0b9269174fc4b2839e6f34bf518dd9fe,electricity,minnesota,screen,monthly,linear,electricity_pre_tax,False,ok,,0.6,1.0,2025-07-01,6,2026-01-01,0.2317474709899229,0.003218798969342936,3.70634642986688,0.021904761012689435,0.23718153057217145,0.23563832645184318,0.005434059582248546,0.005434059582248546,2.952900354342724e-05,0.8471929522032715,0.0,600
1cc80f40a27b353f7fe34ad7be295f9c7bf619ad562e48b0d830012a9db223af,f4cfcdb12c43c3a964d63f9da00ec4cd0b9269174fc4b2839e6f34bf518dd9fe,electricity,minnesota,screen,monthly,linear,electricity_pre_tax,False,ok,,0.6,1.0,2025-08-01,1,2025-09-01,0.2329342913748377,0.0006477378121265127,5.062908020444404,0.004011290995230105,0.2335306140768571,0.23380785643619867,0.0005963227020193973,0.0005963227020193973,3.5560076494371493e-07,0.8490470998237085,0.0,600
1cc80f40a27b353f7fe34ad7be295f9c7bf619ad562e48b0d830012a9db223af,f4cfcdb12c43c3a964d63f9da00ec4cd0b9269174fc4b2839e6f34bf518dd9fe,electricity,minnesota,screen,monthly,linear,electricity_pre_tax,False,ok,,0.6,1.0,2025-08-01,3,2025-11-01,0.2322166790490753,0.0014616537075946732,4.252582638514095,0.010679218128905543,0.23393701983843257,0.2337390773340815,0.0017203407893572609,0.0017203407893572609,2.9595724315263633e-06,0.8490470998237085,0.0,600
1cc80f40a27b353f7fe34ad7be295f9c7bf619ad562e48b0d830012a9db223af,f4cfcdb12c43c3a964d63f9da00ec4cd0b9269174fc4b2839e6f34bf518dd9fe,electricity,minnesota,screen,monthly,linear,electricity_pre_tax,False,ok,,0.6,1.0,2025-08-01,6,2026-02-01,0.2319406743083974,0.0022445277073727416,3.8871560234230387,0.01929399918411886,0.23266654158163017,0.23259273525660368,0.0007258672732327609,0.0007258672732327609,5.268832983503636e-07,0.8490470998237085,0.0,600
3d4d2230da8fb0f57971cbdc4ec87d916ed6385678f9e7dee08de35b02147e26,f4cfcdb12c43c3a964d63f9da00ec4cd0b9269174fc4b2839e6f34bf518dd9fe,electricity,minnesota,screen,monthly,linear,electricity_pre_tax,False,ok,,0.6,1.0,2025-09-01,1,2025-10-01,0.2316646695677195,0.0007247218168538253,5.0470798417539235,0.008058138415890518,0.23313176693807378,0.23265083742877665,0.0014670973703542756,0.0014670973703542756,2.1523746941004304e-06,0.8498764382929936,0.0,600
3d4d2230da8fb0f57971cbdc4ec87d916ed6385678f9e7dee08de35b02147e26,f4cfcdb12c43c3a964d63f9da00ec4cd0b9269174fc4b2839e6f34bf518dd9fe,electricity,minnesota,screen,monthly,linear,electricity_pre_tax,False,ok,,0.6,1.0,2025-09-01,3,2025-12-01,0.2326306861600921,0.0010023360277991696,4.585933236669831,0.011046082117783428,0.2335225627867101,0.23263352567156192,0.0008918766266179934,0.0008918766266179934,7.954439171074916e-07,0.8498764382929936,0.0,600
3d4d2230da8fb0f57971cbdc4ec87d916ed6385678f9e7dee08de35b02147e26,f4cfcdb12c43c3a964d63f9da00ec4cd0b9269174fc4b2839e6f34bf518dd9fe,electricity,minnesota,screen,monthly,linear,electricity_pre_tax,False,ok,,0.6,1.0,2025-09-01,6,2026-03-01,0.2327686885304311,0.0019387492044263778,3.968438610271738,0.01842660153631524,0.2330204450247255,0.2321392260146835,0.00025175649429440283,0.00025175649429440283,6.338133241940769e-08,0.8498764382929936,0.0,600
168912991c0440187237b3c592c16aeae7451da6b50b612706a01b9bfc3634c5,f4cfcdb12c43c3a964d63f9da00ec4cd0b9269174fc4b2839e6f34bf518dd9fe,electricity,minnesota,screen,monthly,linear,electricity_pre_tax,False,ok,,0.6,1.0,2025-10-01,1,2025-11-01,0.2322166790490753,0.0005827778244523038,5.112332668144788,0.0059152394818142474,0.23152343706036055,0.23179123096477722,-0.0006932419887147601,0.0006932419887147601,4.805844549171955e-07,0.846754624170365,0.0,600
168912991c0440187237b3c592c16aeae7451da6b50b612706a01b9bfc3634c5,f4cfcdb12c43c3a964d63f9da00ec4cd0b9269174fc4b2839e6f34bf518dd9fe,electricity,minnesota,screen,monthly,linear,electricity_pre_tax,False,ok,,0.6,1.0,2025-10-01,3,2026-01-01,0.2317474709899229,0.0011474469292348764,4.564718864775799,0.011155124829241385,0.23043547354641636,0.2312284166681861,-0.0013119974435065462,0.0013119974435065462,1.721337291767713e-06,0.846754624170365,0.0,600
168912991c0440187237b3c592c16aeae7451da6b50b612706a01b9bfc3634c5,f4cfcdb12c43c3a964d63f9da00ec4cd0b9269174fc4b2839e6f34bf518dd9fe,electricity,minnesota,screen,monthly,linear,electricity_pre_tax,False,ok,,0.6,1.0,2025-10-01,6,2026-04-01,0.2341763127078883,0.002221843241633773,4.027100963861015,0.015231743797559077,0.23035707768433392,0.23172968232958835,-0.003819235023554385,0.003819235023554385,1.4586556165144462e-05,0.846754624170365,0.0,600
511551d98b012302a13c4bf7f95f9f5288eab59226928244425038a083106ab0,f4cfcdb12c43c3a964d63f9da00ec4cd0b9269174fc4b2839e6f34bf518dd9fe,electricity,minnesota,screen,monthly,linear,electricity_pre_tax,False,ok,,0.6,1.0,2025-11-01,1,2025-12-01,0.2326306861600921,0.000562238930699024,5.35113411027956,0.0052360974308863625,0.23155944997226957,0.23187714044673807,-0.0010712361878225385,0.0010712361878225385,1.147546970100565e-06,0.8515121164236461,0.0,600
511551d98b012302a13c4bf7f95f9f5288eab59226928244425038a083106ab0,f4cfcdb12c43c3a964d63f9da00ec4cd0b9269174fc4b2839e6f34bf518dd9fe,electricity,minnesota,screen,monthly,linear,electricity_pre_tax,False,ok,,0.6,1.0,2025-11-01,3,2026-02-01,0.2319406743083974,0.0009647018765458182,4.769620340531642,0.008812348131655543,0.23095909813881937,0.23100216220229028,-0.00098157616957803,0.00098157616957803,9.634917766834777e-07,0.8515121164236461,0.0,600
511551d98b012302a13c4bf7f95f9f5288eab59226928244425038a083106ab0,f4cfcdb12c43c3a964d63f9da00ec4cd0b9269174fc4b2839e6f34bf518dd9fe,electricity,minnesota,screen,monthly,linear,electricity_pre_tax,False,ok,,0.6,1.0,2025-11-01,6,2026-05-01,0.2342867146041594,0.001810579811679861,4.2412706087001055,0.012161705796243464,0.2317885993921494,0.2322953602873321,-0.002498115212009988,0.002498115212009988,6.2405796124757074e-06,0.8515121164236461,0.0,600
82f1c8f4d8f96f61e0bd7f9cb6aca9e23eecc2d9d20d921dfaed0646516a2088,f4cfcdb12c43c3a964d63f9da00ec4cd0b9269174fc4b2839e6f34bf518dd9fe,electricity,minnesota,screen,monthly,linear,electricity_pre_tax,False,ok,,0.6,1.0,2025-12-01,1,2026-01-01,0.2317474709899229,0.0003937892728840325,5.520425379808541,0.0041800685567594175,0.23187904682464727,0.23179267999153214,0.00013157583472436785,0.00013157583472436785,1.7312200283414164e-08,0.8450982081049678,0.0,600
82f1c8f4d8f96f61e0bd7f9cb6aca9e23eecc2d9d20d921dfaed0646516a2088,f4cfcdb12c43c3a964d63f9da00ec4cd0b9269174fc4b2839e6f34bf518dd9fe,electricity,minnesota,screen,monthly,linear,electricity_pre_tax,False,ok,,0.6,1.0,2025-12-01,3,2026-03-01,0.2327686885304311,0.0009349073539023094,4.771144333780088,0.007978606476255593,0.23178856770290282,0.23172357669207347,-0.0009801208275282691,0.0009801208275282691,9.60636836554699e-07,0.8450982081049678,0.0,600
82f1c8f4d8f96f61e0bd7f9cb6aca9e23eecc2d9d20d921dfaed0646516a2088,f4cfcdb12c43c3a964d63f9da00ec4cd0b9269174fc4b2839e6f34bf518dd9fe,electricity,minnesota,screen,monthly,linear,electricity_pre_tax,False,ok,,0.6,1.0,2025-12-01,6,2026-06-01,0.2399448117880561,0.004622330262999883,3.134912910601784,0.015866518020147102,0.23383400663775245,0.2328492281725971,-0.006110805150303655,0.006110805150303655,3.734193958497768e-05,0.8450982081049678,0.0,600
